Date,HomeTeam,AwayTeam,FTR,FTHG,FTAG,HTHG,HTAG,home_form_pts,home_goals_for,home_goals_against,home_xg_for,home_xg_against,away_form_pts,away_goals_for,away_goals_against,away_xg_for,away_xg_against,xg_diff,h2h_home_winrate,market_home_prob,market_draw_prob,market_away_prob,season,market_prediction,home_sentiment,away_sentiment
2021-08-21,Crystal Palace,Brentford,D,0,0,0,0,0.0,0.0,3.0,0.321701,1.18709,3.0,2.0,0.0,1.88818,1.02385,-1.566479,0.4453947368421053,0.3723872275722251,0.29674607197161684,0.3308667004561581,2122,H,0.0,0.0
2021-08-21,Liverpool,Burnley,H,2,0,1,0,3.0,3.0,0.0,1.78728,1.3333,0.0,1.0,2.0,1.79548,1.6853,-0.008199999999999985,0.4453947368421053,0.8012162051113485,0.12605801627085214,0.07272577861779932,2122,H,0.0,0.0
2021-08-21,Aston Villa,Newcastle,H,2,0,1,0,0.0,2.0,3.0,1.13718,1.35036,0.0,2.0,4.0,1.67926,3.00939,-0.5420799999999999,0.4453947368421053,0.5275084060230983,0.25320403489108717,0.21928755908581452,2122,H,0.0,0.0
2021-08-21,Man City,Norwich,H,5,0,2,0,0.0,0.0,1.0,2.10585,1.06014,0.0,0.0,3.0,1.3333,1.78728,0.7725500000000003,0.4453947368421053,0.8774082709534912,0.08614553932997915,0.03644618971652964,2122,H,0.0,0.0
2021-08-21,Brighton,Watford,H,2,0,2,0,3.0,2.0,1.0,1.6853,1.79548,3.0,3.0,2.0,1.35036,1.13718,0.33494,0.4453947368421053,0.5613668061366807,0.27266387726638774,0.16596931659693168,2122,H,0.0,0.0
2021-08-21,Leeds,Everton,D,2,2,1,1,0.0,1.0,5.0,0.568342,1.64248,3.0,3.0,1.0,2.38863,0.580601,-1.8202880000000001,0.4453947368421053,0.40208136234626296,0.28027436140018924,0.3176442762535478,2122,H,0.0,0.0
2021-08-22,Southampton,Man United,D,1,1,1,0,0.0,1.0,3.0,0.580601,2.38863,3.0,5.0,1.0,1.64248,0.568342,-1.0618789999999998,0.4453947368421053,0.1720368389470114,0.22528633671632445,0.6026768243366641,2122,A,0.0,0.0
2021-08-22,Wolves,Tottenham,A,0,1,0,1,0.0,0.0,1.0,1.32714,0.668082,3.0,1.0,0.0,1.06014,2.10585,0.2669999999999999,0.4453947368421053,0.2974683544303798,0.2974683544303798,0.40506329113924056,2122,A,0.0,0.0
2021-08-22,Arsenal,Chelsea,A,0,2,0,2,0.0,0.0,2.0,1.02385,1.88818,3.0,3.0,0.0,1.18709,0.321701,-0.16324000000000005,0.4453947368421053,0.19887458567794647,0.2519078085253989,0.5492176057966546,2122,A,0.0,0.0
2021-08-23,West Ham,Leicester,H,4,1,1,0,3.0,4.0,2.0,3.00939,1.67926,3.0,1.0,0.0,0.668082,1.32714,2.3413079999999997,0.4453947368421053,0.38118811881188125,0.2722772277227723,0.34653465346534656,2122,H,0.0,0.0
2021-08-28,Man City,Arsenal,H,5,0,3,0,1.5,2.5,0.5,2.272565,0.5425744,0.0,0.0,2.0,0.8269745,2.76475,1.4455905000000002,0.4453947368421053,0.7619047619047619,0.15873015873015872,0.07936507936507936,2122,H,0.0,0.0
2021-08-28,Newcastle,Southampton,D,2,2,0,0,0.0,1.0,3.0,1.155445,2.096825,0.5,1.0,2.0,0.5840635000000001,2.32518,0.5713815,0.4453947368421053,0.38049560351718625,0.2797761790567546,0.33972821742605913,2122,H,0.0,0.0
2021-08-28,Brighton,Everton,A,0,2,0,1,3.0,2.0,0.5,1.7321300000000002,1.1013519999999999,2.0,2.5,1.5,2.12288,0.773347,-0.3907499999999997,0.4453947368421053,0.41395531164249316,0.2975303802430419,0.2885143081144649,2122,H,0.0,0.0
2021-08-28,Liverpool,Chelsea,D,1,1,1,1,3.0,2.5,0.0,2.213365,1.011882,3.0,2.5,0.0,2.414205,0.4759,-0.2008399999999999,0.4453947368421053,0.3865105008077544,0.28695476575121165,0.32653473344103395,2122,H,0.0,0.0
2021-08-28,Norwich,Leicester,A,1,2,1,1,0.0,0.0,4.0,0.6791543999999999,2.11328,1.5,1.0,2.0,0.647421,1.806635,0.03173339999999991,0.4453947368421053,0.2119476268412439,0.27250409165302786,0.5155482815057284,2122,A,0.0,0.0
2021-08-28,West Ham,Crystal Palace,D,2,2,1,0,3.0,4.0,1.5,2.64776,1.15301,0.5,0.0,1.5,0.464007,0.9497645,2.183753,0.4453947368421053,0.6150206978119456,0.23832052040212892,0.1466587817859255,2122,H,0.0,0.0
2021-08-28,Aston Villa,Brentford,D,1,1,1,1,1.5,2.0,1.5,1.16072,0.9909950000000001,2.0,1.0,0.0,1.3003095,0.8150815,-0.13958950000000003,0.4453947368421053,0.4866595517609392,0.26360725720384204,0.24973319103521877,2122,H,0.0,0.0
2021-08-29,Burnley,Leeds,D,1,1,0,0,0.0,0.5,2.0,1.242972,2.162375,0.5,1.5,3.5,0.7672175,1.7498049999999998,0.47575449999999997,0.4453947368421053,0.306420233463035,0.2714007782101167,0.42217898832684825,2122,A,0.0,0.0
2021-08-29,Tottenham,Watford,H,1,0,1,0,3.0,1.0,0.0,1.39325,1.80856,1.5,1.5,2.0,0.878792,1.4580700000000002,0.5144580000000001,0.4453947368421053,0.6956875508543532,0.19918633034987795,0.10512611879576893,2122,H,0.0,0.0
2021-08-29,Wolves,Man United,A,0,1,0,0,0.0,0.0,1.0,1.4192049999999998,1.1972209999999999,2.0,3.0,1.0,1.952105,0.577934,-0.5329000000000002,0.4453947368421053,0.1891891891891892,0.27027027027027023,0.5405405405405405,2122,A,0.0,0.0
2021-09-11,Brentford,Brighton,A,0,1,0,0,1.6666666666666667,1.0,0.3333333333333333,1.2445796666666666,0.6872090000000001,2.0,1.3333333333333333,1.0,1.3886273333333332,1.2504613333333332,-0.14404766666666657,0.4453947368421053,0.33970826580226904,0.2972447325769854,0.3630470016207455,2122,A,0.0,0.0
2021-09-11,Crystal Palace,Tottenham,H,3,0,0,0,0.6666666666666666,0.6666666666666666,1.6666666666666667,0.868198,1.1156696666666666,3.0,1.0,0.0,1.235821,1.4043786666666664,-0.36762300000000003,0.4453947368421053,0.22673031026252988,0.27207637231503584,0.5011933174224344,2122,A,0.0,0.0
2021-09-11,Arsenal,Norwich,H,1,0,0,0,0.0,0.0,3.0,0.5902513333333334,3.334076666666667,0.0,0.3333333333333333,3.3333333333333335,0.9330495999999999,1.8334233333333334,-0.3427982666666666,0.4453947368421053,0.6344827586206896,0.20689655172413796,0.1586206896551724,2122,H,0.0,0.0
2021-09-11,Leicester,Man City,A,0,1,0,0,2.0,1.3333333333333333,1.6666666666666667,0.856184,1.6847033333333332,2.0,3.3333333333333335,0.3333333333333333,3.0059533333333337,0.40065126666666667,-2.149769333333334,0.4453947368421053,0.15818639798488665,0.23727959697732998,0.6045340050377834,2122,A,0.0,0.0
2021-09-11,Man United,Newcastle,H,4,1,1,0,2.3333333333333335,2.3333333333333335,0.6666666666666666,1.6160976666666667,0.9838726666666666,0.3333333333333333,1.3333333333333333,2.6666666666666665,1.1672200000000001,2.5513366666666664,0.4488776666666665,0.4453947368421053,0.8090614886731391,0.12729234088457386,0.06364617044228693,2122,H,0.0,0.0
2021-09-11,Watford,Wolves,A,0,2,0,0,1.0,1.0,1.6666666666666667,0.7845333333333334,1.2790343333333334,0.0,0.0,1.0,1.5447199999999999,1.1128416666666665,-0.7601866666666665,0.4453947368421053,0.27982899339292655,0.29731830547998445,0.42285270112708895,2122,A,0.0,0.0
2021-09-11,Chelsea,Aston Villa,H,3,0,1,0,2.3333333333333335,2.0,0.3333333333333333,1.8006826666666667,1.01214,1.3333333333333333,1.6666666666666667,1.3333333333333333,0.9176346666666667,1.03837,0.8830479999999999,0.4453947368421053,0.7412398921832885,0.1725067385444744,0.0862533692722372,2122,H,0.0,0.0
2021-09-11,Southampton,West Ham,D,0,0,0,0,0.6666666666666666,1.3333333333333333,2.0,1.542829,1.9470433333333332,2.3333333333333335,3.3333333333333335,1.6666666666666667,2.247666666666667,1.3275333333333335,-0.7048376666666669,0.4453947368421053,0.3292826342610741,0.2728341826734614,0.39788318306546455,2122,A,0.0,0.0
2021-09-12,Leeds,Liverpool,A,0,3,0,1,0.6666666666666666,1.3333333333333333,2.6666666666666665,1.018405,1.7368766666666666,2.3333333333333335,2.0,0.3333333333333333,2.17045,0.8658006666666666,-1.1520450000000002,0.4453947368421053,0.21945293518300807,0.23755780233560622,0.5429892624813857,2122,A,0.0,0.0
2021-09-13,Everton,Burnley,H,3,1,0,0,2.3333333333333335,2.3333333333333335,1.0,1.9314799999999999,0.7494386666666667,0.3333333333333333,0.6666666666666666,1.6666666666666667,1.398988,1.94851,0.532492,0.4453947368421053,0.5576208178438662,0.2527881040892193,0.1895910780669145,2122,H,0.0,0.0
2021-09-17,Newcastle,Leeds,D,1,1,1,1,0.25,1.25,3.0,1.0309255,2.6068175,0.5,1.0,2.75,0.92693225,2.4030575,0.10399324999999993,0.4453947368421053,0.31870669745958424,0.26558891454965355,0.4157043879907621,2122,A,0.0,0.0
2021-09-18,Liverpool,Crystal Palace,H,3,0,1,0,2.5,2.25,0.25,2.7282375,0.812479,1.25,1.25,1.25,1.3745785000000001,0.8561434,1.353659,0.4453947368421053,0.7913043478260869,0.13565217391304346,0.07304347826086957,2122,H,0.0,0.0
2021-09-18,Burnley,Arsenal,A,0,1,0,1,0.25,0.75,2.0,1.5043935,1.9123475,0.75,0.25,2.25,1.113976,2.6448805,0.39041749999999986,0.4453947368421053,0.2497331910352187,0.263607257203842,0.4866595517609391,2122,A,0.0,0.0
2021-09-18,Wolves,Brentford,A,0,2,0,2,0.75,0.5,0.75,1.7983449999999999,0.880983,1.25,0.75,0.5,1.11588125,0.58738225,0.6824637499999999,0.4453947368421053,0.5183826461440306,0.2918893053672542,0.18972804848871525,2122,H,0.0,0.0
2021-09-18,Man City,Southampton,D,0,0,0,0,2.25,2.75,0.25,2.94211,0.50051345,0.75,1.0,1.5,1.3301555,1.6416342499999999,1.6119545,0.4453947368421053,0.8447536353175019,0.09959200753216865,0.05565435715032954,2122,H,0.0,0.0
2021-09-18,Aston Villa,Everton,H,3,0,0,0,1.0,1.25,1.75,0.9815985,1.08416,2.5,2.5,1.0,1.899575,1.0172315,-0.9179765,0.4453947368421053,0.3956834532374101,0.2877697841726619,0.31654676258992803,2122,H,0.0,0.0
2021-09-18,Norwich,Watford,A,1,3,1,1,0.0,0.25,2.75,0.8441101999999999,2.046355,0.75,0.75,1.75,0.6347517500000001,1.5990807500000002,0.20935844999999986,0.4453947368421053,0.44134505158578524,0.28754298815437523,0.2711119602598395,2122,H,0.0,0.0
2021-09-19,Brighton,Leicester,H,2,1,1,0,2.25,1.25,0.75,1.113446,1.1202925,1.5,1.0,1.5,0.842163,1.9511724999999998,0.27128299999999994,0.4453947368421053,0.3539111200482606,0.2986125075407199,0.34747637241101953,2122,H,0.0,0.0
2021-09-19,West Ham,Man United,A,1,2,1,1,2.0,2.5,1.25,1.86710175,1.16868375,2.5,2.75,0.75,1.9053882500000001,0.893415,-0.03828650000000011,0.4453947368421053,0.21945293518300807,0.23755780233560622,0.5429892624813857,2122,A,0.0,0.0
2021-09-19,Tottenham,Chelsea,A,0,3,0,0,2.25,0.75,0.75,0.9462569000000001,1.776714,2.5,2.25,0.25,1.6558945,1.0524775,-0.7096376,0.4453947368421053,0.19022379269729095,0.2502944640753828,0.5594817432273262,2122,A,0.0,0.0
2021-09-25,Everton,Norwich,H,2,0,1,0,2.0,2.0,1.4,1.670667,0.9693284,0.0,0.4,2.8,0.83182116,2.122058,0.83884584,0.4453947368421053,0.5869632375656471,0.24868705591597154,0.1643497065183812,2122,H,0.0,0.0
2021-09-25,Man United,Aston Villa,A,0,1,0,0,2.6,2.6,0.8,1.9033906000000003,1.048152,1.4,1.6,1.4,0.940822,1.018335,0.9625686000000002,0.4453947368421053,0.6997667444185273,0.18127290903032325,0.11896034655114963,2122,H,0.0,0.0
2021-09-25,Watford,Newcastle,D,1,1,0,1,1.2,1.2,1.6,0.9927754,1.4357976000000001,0.4,1.2,2.6,1.0600764,2.371444,-0.06730100000000006,0.4453947368421053,0.43220338983050843,0.2796610169491525,0.288135593220339,2122,H,0.0,0.0
2021-09-25,Chelsea,Man City,A,0,1,0,0,2.6,2.4,0.2,1.8420956,0.9831160000000001,2.0,2.2,0.2,2.59859,0.49859536000000004,-0.7564944000000002,0.4453947368421053,0.3608184017384886,0.2954200664233876,0.34376153183812375,2122,H,0.0,0.0
2021-09-25,Leicester,Burnley,D,2,2,1,2,1.2,1.0,1.6,0.9244764,1.8558139999999999,0.2,0.6,1.8,1.3586296,1.7497340000000001,-0.4341532,0.4453947368421053,0.6045340050377834,0.23727959697732998,0.15818639798488665,2122,H,0.0,0.0
2021-09-25,Brentford,Liverpool,D,3,3,1,1,1.6,1.0,0.4,1.3581869999999998,0.6745378000000001,2.6,2.4,0.2,2.736176,0.7788168,-1.3779890000000001,0.4453947368421053,0.13544369486248053,0.21069019200830302,0.6538661131292164,2122,A,0.0,0.0
2021-09-25,Leeds,West Ham,A,1,2,1,0,0.6,1.0,2.4,1.0275358,2.157782,1.6,2.2,1.4,1.8271014,1.314027,-0.7995656,0.4453947368421053,0.3157894736842105,0.2631578947368421,0.42105263157894735,2122,A,0.0,0.0
2021-09-26,Southampton,Wolves,A,0,1,0,0,0.8,0.8,1.2,1.162309,1.5582093999999997,0.6,0.4,1.0,1.643308,1.1702683999999999,-0.48099899999999995,0.4453947368421053,0.3630470016207455,0.2972447325769854,0.33970826580226904,2122,H,0.0,0.0
2021-09-26,Arsenal,Tottenham,H,3,1,3,0,1.2,0.4,1.8,1.1110368000000002,2.2710192000000005,1.8,0.6,1.2,0.8981395200000002,1.9387512,0.21289727999999997,0.4453947368421053,0.44134505158578524,0.28754298815437523,0.2711119602598395,2122,H,0.0,0.0
2021-09-27,Crystal Palace,Brighton,D,1,1,1,0,1.0,1.0,1.6,1.2284964,1.23850072,2.4,1.4,0.8,1.1856328,1.1469799999999999,0.0428636,0.4453947368421053,0.3092092289489253,0.2995464405442714,0.39124433050680335,2122,A,0.0,0.0
2021-10-02,Wolves,Newcastle,H,2,1,1,1,1.2,0.6,0.8,1.5598465999999997,1.2185203999999998,0.6,1.0,2.0,1.2289004,1.9503782,0.33094619999999986,0.4453947368421053,0.591715976331361,0.22682445759368838,0.1814595660749507,2122,H,0.0,0.0
2021-10-02,Brighton,Arsenal,D,0,0,0,0,2.0,1.2,0.8,0.978486,1.061556,1.8,1.0,1.6,1.1952648,2.0894164,-0.21677879999999994,0.4453947368421053,0.3151515151515151,0.2909090909090909,0.393939393939394,2122,A,0.0,0.0
2021-10-02,Man United,Everton,D,1,1,1,0,2.0,1.6,0.8,1.9599146,1.2489816,2.0,1.8,1.2,1.646303,1.0133888,0.3136116,0.4453947368421053,0.6543619089837492,0.21912812194605918,0.12650996907019152,2122,H,0.0,0.0
2021-10-02,Burnley,Norwich,D,0,0,0,0,0.4,0.8,1.8,1.0853068000000001,1.84514,0.0,0.4,2.6,0.72534176,2.217964,0.3599650400000002,0.4453947368421053,0.5151610291323099,0.2647355288596593,0.22010344200803078,2122,H,0.0,0.0
2021-10-02,Chelsea,Southampton,H,3,1,1,0,2.0,1.8,0.4,1.6435180000000003,1.2572637999999998,0.8,0.6,0.8,1.2280572,1.2624499999999999,0.4154608000000002,0.4453947368421053,0.6956875508543532,0.19918633034987795,0.10512611879576893,2122,H,0.0,0.0
2021-10-02,Leeds,Watford,H,1,0,1,0,0.6,1.0,1.8,1.1532073999999999,2.2272100000000004,0.8,0.8,1.4,0.9035156000000001,1.7130375999999998,0.2496917999999998,0.4453947368421053,0.5608856088560886,0.23837638376383766,0.2007380073800738,2122,H,0.0,0.0
2021-10-03,Tottenham,Aston Villa,H,2,1,1,0,1.2,0.6,1.8,0.88214472,1.8065792000000003,2.0,1.4,0.8,1.027884,1.133283,-0.14573928000000003,0.4453947368421053,0.45434298440979953,0.2650334075723831,0.2806236080178174,2122,H,0.0,0.0
2021-10-03,Crystal Palace,Leicester,D,2,2,0,2,1.2,1.2,1.2,1.4378281999999998,1.1309959200000002,0.8,1.2,2.0,1.223326,1.6761591999999996,0.21450219999999987,0.4453947368421053,0.3067869752844252,0.27971753628874063,0.41349548842683403,2122,A,0.0,0.0
2021-10-03,Liverpool,Man City,D,2,2,0,0,2.2,2.4,0.8,2.830192,1.1002728000000002,2.6,2.4,0.0,2.515908,0.32540776,0.3142839999999998,0.4453947368421053,0.33158331030671456,0.2718983144515059,0.3965183752417795,2122,A,0.0,0.0
2021-10-03,West Ham,Brentford,A,1,2,0,1,1.6,1.8,1.2,1.6231474000000001,1.217515,1.2,1.2,1.0,1.568667,0.9212398,0.054480400000000095,0.4453947368421053,0.5449330783938815,0.25430210325047803,0.20076481835564056,2122,H,0.0,0.0
2021-10-16,Watford,Liverpool,A,0,5,0,2,0.8,0.8,1.2,0.8606295999999999,1.6720216,1.8,2.4,1.2,2.4921756,1.1708180000000001,-1.6315460000000002,0.4453947368421053,0.11190148386109836,0.17293865687624294,0.7151598592626587,2122,A,0.0,0.0
2021-10-16,Aston Villa,Wolves,A,2,3,0,0,1.4,1.2,1.2,1.005822,1.3633309999999998,1.8,1.0,0.8,1.4892906,1.0462918,-0.4834685999999999,0.4453947368421053,0.43940125543215836,0.2906808305166586,0.269917914051183,2122,H,0.0,0.0
2021-10-16,Leicester,Man United,H,4,2,1,1,1.0,1.4,1.6,1.3066179999999998,1.4529932,2.0,1.6,0.8,1.7174886,1.3958984,-0.4108706000000002,0.4453947368421053,0.2717731541152642,0.2642238998342847,0.46400294605045117,2122,A,0.0,0.0
2021-10-16,Man City,Burnley,H,2,0,1,0,2.2,1.8,0.4,2.2366900000000003,0.5102795999999999,0.6,0.8,1.4,1.0641589999999999,1.4519734,1.1725310000000004,0.4453947368421053,0.8450286617908678,0.10515912235619687,0.04981221585293536,2122,H,0.0,0.0
2021-10-16,Norwich,Brighton,D,0,0,0,0,0.2,0.4,1.6,0.8550634,1.847053,1.6,0.8,0.8,0.845796,1.0529731999999998,0.009267400000000037,0.4453947368421053,0.26503340757238314,0.28062360801781744,0.4543429844097996,2122,A,0.0,0.0
2021-10-16,Southampton,Leeds,H,1,0,0,0,0.6,0.6,1.2,1.41582,1.56859,1.0,0.8,1.4,1.2747648,1.8943427999999998,0.14105520000000005,0.4453947368421053,0.41257367387033406,0.27111984282907664,0.3163064833005894,2122,H,0.0,0.0
2021-10-16,Brentford,Chelsea,A,0,1,0,1,1.6,1.6,1.2,1.6863751999999999,1.0744932,2.0,2.0,0.6,1.67374,1.436512,0.012635199999999847,0.4453947368421053,0.14597147121430845,0.24968804286658022,0.6043404859191114,2122,A,0.0,0.0
2021-10-17,Everton,West Ham,A,0,1,0,0,2.0,1.6,1.0,1.5392990000000002,1.0300901999999998,1.0,1.2,1.4,1.4404374,1.352359,0.09886160000000022,0.4453947368421053,0.38049560351718625,0.2797761790567546,0.33972821742605913,2122,H,0.0,0.0
2021-10-17,Newcastle,Tottenham,A,2,3,1,3,0.6,1.2,2.0,1.2756178,1.9452242000000002,1.2,0.8,2.0,0.8932467200000002,1.7191152000000003,0.38237107999999986,0.4453947368421053,0.2717731541152642,0.2642238998342847,0.46400294605045117,2122,A,0.0,0.0
2021-10-18,Arsenal,Crystal Palace,D,2,2,1,0,2.0,1.0,1.2,1.1421069999999998,1.5842544,1.2,1.6,1.6,1.5506255999999998,1.19715212,-0.40851860000000007,0.4453947368421053,0.5925155925155925,0.24948024948024947,0.15800415800415799,2122,H,0.0,0.0
2021-10-22,Arsenal,Aston Villa,H,3,1,2,0,2.2,1.4,0.6,1.467466,0.7881562000000001,1.2,1.4,1.6,1.1620812,1.575973,0.3053847999999999,0.4453947368421053,0.5198277142432793,0.25367592455072036,0.2264963612060003,2122,H,0.0,0.0
2021-10-23,Chelsea,Norwich,H,7,0,3,0,2.4,2.0,0.4,1.6086635999999999,1.3439260000000002,0.4,0.2,1.2,0.7990714000000001,1.8274549999999998,0.8095921999999998,0.4453947368421053,0.8017715332926084,0.13515577275503968,0.06307269395235185,2122,H,0.0,0.0
2021-10-23,Crystal Palace,Newcastle,D,1,1,0,0,1.2,1.6,1.6,1.3137573999999999,1.25637612,0.4,1.2,2.2,1.1665954,1.5631682000000002,0.1471619999999998,0.4453947368421053,0.49930651872399445,0.2635228848821082,0.23717059639389737,2122,H,0.0,0.0
2021-10-23,Everton,Watford,A,2,5,1,1,1.4,1.2,1.2,1.400396,1.2958338,0.8,0.8,2.0,0.8018867999999999,2.218935,0.5985092000000001,0.4453947368421053,0.5766312594840667,0.25037936267071315,0.17298937784522,2122,H,0.0,0.0
2021-10-23,Leeds,Wolves,D,1,1,0,1,0.8,0.6,1.4,1.0598433999999999,1.9183028,2.4,1.6,1.0,1.5694066,1.1000272,-0.5095632000000001,0.4453947368421053,0.39337257115214064,0.2776747561073934,0.328952672740466,2122,H,0.0,0.0
2021-10-23,Southampton,Burnley,D,2,2,1,1,1.0,0.4,0.8,1.089912,1.4196706,0.4,0.6,1.6,0.9373930000000001,1.5792414,0.15251899999999985,0.4453947368421053,0.48611111111111116,0.2708333333333333,0.24305555555555558,2122,H,0.0,0.0
2021-10-23,Brighton,Man City,A,1,4,0,3,1.8,0.8,0.4,0.9406155999999999,0.9754132,2.2,1.2,0.4,1.7735679999999998,0.7023566000000001,-0.8329523999999999,0.4453947368421053,0.11906893464637423,0.20053715308863027,0.6803939122649956,2122,A,0.0,0.0
2021-10-24,Brentford,Leicester,A,1,2,0,1,1.4,1.4,1.2,1.7840892,1.0378516,1.0,1.8,1.8,1.6450980000000002,1.3698131999999998,0.13899119999999976,0.4453947368421053,0.36175395858708886,0.28721071863581,0.3510353227771011,2122,H,0.0,0.0
2021-10-24,West Ham,Tottenham,H,1,0,0,0,1.4,1.0,1.0,1.5570094,1.187876,1.2,1.2,2.4,1.0190701199999999,1.7290436,0.5379392800000002,0.4453947368421053,0.41257367387033406,0.27111984282907664,0.3163064833005894,2122,H,0.0,0.0
2021-10-24,Man United,Liverpool,A,0,5,0,4,1.4,1.8,1.6,1.7336599999999998,1.6299704000000002,2.2,3.2,1.0,2.8063576,1.1165508000000002,-1.0726976000000004,0.4453947368421053,0.30579150579150577,0.2633204633204633,0.43088803088803085,2122,A,0.0,0.0
2021-10-30,Leicester,Arsenal,A,0,2,0,2,1.6,2.2,1.8,1.685586,1.0532751999999999,2.2,1.8,0.8,1.6301160000000003,0.9548738,0.055469999999999686,0.4453947368421053,0.3965183752417795,0.2718983144515059,0.33158331030671456,2122,H,0.0,0.0
2021-10-30,Burnley,Brentford,H,3,1,3,0,0.6,0.8,1.4,0.70791,1.5036034,1.4,1.6,1.4,1.8717100000000002,1.1807792,-1.1638000000000002,0.4453947368421053,0.3658536585365854,0.2882483370288249,0.34589800443458985,2122,H,0.0,0.0
2021-10-30,Liverpool,Brighton,D,2,2,2,1,2.2,3.6,1.0,2.7355676000000004,1.2572160000000001,1.2,0.8,1.2,1.1169352000000001,1.544208,1.6186324000000003,0.4453947368421053,0.78031212484994,0.14645858343337334,0.07322929171668667,2122,H,0.0,0.0
2021-10-30,Man City,Crystal Palace,A,0,2,0,1,2.2,1.8,0.6,1.938204,0.7762366,0.8,1.2,1.8,1.1861894,1.3852258,0.7520146000000001,0.4453947368421053,0.8316008316008316,0.1185031185031185,0.04989604989604989,2122,H,0.0,0.0
2021-10-30,Newcastle,Chelsea,A,0,3,0,0,0.6,1.2,1.6,1.1865496,1.4596921999999999,2.4,2.8,0.4,1.9853756,1.1627138000000001,-0.798826,0.4453947368421053,0.11173184357541902,0.18994413407821234,0.6983240223463688,2122,A,0.0,0.0
2021-10-30,Watford,Southampton,A,0,1,0,1,1.4,1.8,2.0,1.3854934,2.075269,1.0,0.8,1.2,1.2366190000000001,1.4092281999999998,0.14887439999999996,0.4453947368421053,0.29753038024304196,0.28851430811446493,0.4139553116424932,2122,A,0.0,0.0
2021-10-30,Tottenham,Man United,A,0,3,0,1,1.2,1.2,2.0,1.1379968,1.4972356,0.8,1.0,2.4,1.450176,2.315092,-0.3121791999999999,0.4453947368421053,0.33242551400886,0.2650170070015079,0.4025574789896322,2122,A,0.0,0.0
2021-10-31,Norwich,Leeds,A,1,2,0,0,0.4,0.2,2.4,0.7370988,1.9114429999999998,1.0,0.8,1.0,1.2719666,1.2097115999999999,-0.5348678,0.4453947368421053,0.2785145888594165,0.27055702917771884,0.4509283819628648,2122,A,0.0,0.0
2021-10-31,Aston Villa,West Ham,A,1,4,1,2,1.2,1.6,1.6,1.2095592,2.031347,1.8,1.2,1.0,1.7588639999999998,1.1838886,-0.5493047999999998,0.4453947368421053,0.33980582524271846,0.27184466019417475,0.3883495145631068,2122,A,0.0,0.0
2021-11-01,Wolves,Everton,H,2,1,2,0,2.0,1.4,1.2,1.2292914,1.4055718000000001,0.8,1.0,2.0,1.4078019999999998,1.5523998,-0.17851059999999985,0.4453947368421053,0.4317656129529684,0.2968388589051658,0.27139552814186585,2122,H,0.0,0.0
2021-11-05,Southampton,Aston Villa,H,1,0,1,0,1.4,1.0,1.2,1.5199484,1.3348374,0.6,1.2,2.4,1.1915262,2.413122,0.3284222000000001,0.4453947368421053,0.4850444624090542,0.2627324171382377,0.25222312045270817,2122,H,0.0,0.0
2021-11-06,Man United,Man City,A,0,2,0,2,0.8,1.2,2.2,1.34832,2.2132459999999994,2.0,1.8,1.0,1.8247799999999998,0.88811,-0.4764599999999999,0.4453947368421053,0.2007380073800738,0.23837638376383766,0.5608856088560886,2122,A,0.0,0.0
2021-11-06,Brentford,Norwich,A,1,2,0,2,0.8,1.4,2.0,1.5730903999999999,1.5219492,0.4,0.2,2.2,0.7129432,1.660179,0.8601471999999999,0.4453947368421053,0.5958549222797929,0.2383419689119171,0.16580310880829016,2122,H,0.0,0.0
2021-11-06,Chelsea,Burnley,D,1,1,1,0,2.4,2.8,0.4,1.9012116,1.053103,1.2,1.4,1.4,1.0985972,1.4506098,0.8026144,0.4453947368421053,0.7619047619047619,0.15873015873015872,0.07936507936507936,2122,H,0.0,0.0
2021-11-06,Crystal Palace,Wolves,H,2,0,0,0,1.4,1.6,1.2,1.2674138,0.9631178,2.6,1.8,1.0,1.3633473999999999,1.2796238000000002,-0.09593359999999995,0.4453947368421053,0.3872529245663574,0.2964905203711174,0.3162565550625252,2122,H,0.0,0.0
2021-11-06,Brighton,Newcastle,D,1,1,1,0,0.8,0.8,1.4,1.1241232,1.573018,0.4,1.0,2.0,0.9827368,1.6069181999999997,0.14138640000000013,0.4453947368421053,0.6008782066096602,0.2418919959941453,0.15722979739619442,2122,H,0.0,0.0
2021-11-07,Arsenal,Watford,H,1,0,0,0,2.2,2.0,0.8,1.630836,1.1973610000000001,0.8,1.2,2.0,1.0710305999999998,2.30025,0.5598054000000001,0.4453947368421053,0.6914119359534208,0.19796215429403205,0.11062590975254732,2122,H,0.0,0.0
2021-11-07,Everton,Tottenham,D,0,0,0,0,0.8,1.2,1.8,1.596329,1.7355446,1.2,1.2,2.0,1.2284367999999999,1.2570796,0.3678922000000002,0.4453947368421053,0.3065732651396048,0.2924237298254692,0.4010030050349261,2122,A,0.0,0.0
2021-11-07,Leeds,Leicester,D,1,1,1,1,1.4,1.0,1.0,1.2196866,1.1067529999999999,1.6,2.0,1.8,1.8324419999999997,0.9789752,-0.6127553999999997,0.4453947368421053,0.33980582524271846,0.27184466019417475,0.3883495145631068,2122,A,0.0,0.0
2021-11-07,West Ham,Liverpool,H,3,2,1,1,2.4,1.8,0.8,1.9582259999999998,0.9423188,1.8,3.4,1.4,2.4615376000000007,1.4304464,-0.5033116000000009,0.4453947368421053,0.2007380073800738,0.23837638376383766,0.5608856088560886,2122,A,0.0,0.0
2021-11-20,Leicester,Chelsea,A,0,3,0,2,1.6,1.8,1.6,1.5590344,1.286304,2.6,3.0,0.4,2.4635412,0.8494294,-0.9045067999999998,0.4453947368421053,0.20076481835564056,0.25430210325047803,0.5449330783938815,2122,A,0.0,0.0
2021-11-20,Aston Villa,Brighton,H,2,0,0,0,0.0,1.0,2.6,0.9842435999999999,2.207738,0.8,0.8,1.4,1.280456,1.3448102,-0.29621240000000015,0.4453947368421053,0.3865105008077544,0.28695476575121165,0.32653473344103395,2122,H,0.0,0.0
2021-11-20,Burnley,Crystal Palace,D,3,3,2,3,1.2,1.2,1.2,1.1476384000000002,1.6193138,1.8,1.8,1.0,1.5240638,0.8840366,-0.3764253999999998,0.4453947368421053,0.3516483516483516,0.2967032967032967,0.3516483516483516,2122,H,0.0,0.0
2021-11-20,Newcastle,Brentford,D,3,3,2,2,0.4,1.0,2.0,0.523525,1.7123519999999999,0.6,1.0,1.8,1.5434324,1.3020711999999999,-1.0199074,0.4453947368421053,0.364835863603847,0.2811382243064939,0.35402591208965895,2122,H,0.0,0.0
2021-11-20,Norwich,Southampton,H,2,1,1,1,1.0,0.6,2.0,0.7843566,1.7652750000000001,2.0,1.2,1.0,1.5177159999999998,1.2600862,-0.7333593999999999,0.4453947368421053,0.2642238998342847,0.2717731541152642,0.46400294605045117,2122,A,0.0,0.0
2021-11-20,Watford,Man United,H,4,1,2,0,0.6,1.0,2.0,0.9885502,2.09399,0.8,1.2,2.4,1.1152121999999998,2.307152,-0.12666199999999972,0.4453947368421053,0.14596026490066225,0.1997350993377483,0.6543046357615894,2122,A,0.0,0.0
2021-11-20,Wolves,West Ham,H,1,0,0,0,2.0,1.6,1.4,1.2322127999999999,1.6280774,2.4,2.0,1.0,1.8108980000000003,0.9942608,-0.5786852000000005,0.4453947368421053,0.3151515151515151,0.2909090909090909,0.393939393939394,2122,A,0.0,0.0
2021-11-20,Liverpool,Arsenal,H,4,0,1,0,1.6,3.2,1.4,2.3013476,1.0929264,2.2,1.6,0.6,1.640254,1.0996596,0.6610936000000001,0.4453947368421053,0.6543046357615894,0.1997350993377483,0.14596026490066225,2122,H,0.0,0.0
2021-11-21,Man City,Everton,H,3,0,1,0,2.0,2.0,1.0,1.8946960000000002,1.0011818,0.4,0.8,1.8,1.2625482000000001,1.7357236,0.6321478,0.4453947368421053,0.8316008316008316,0.1185031185031185,0.04989604989604989,2122,H,0.0,0.0
2021-11-21,Tottenham,Leeds,H,2,1,0,1,1.4,1.0,1.4,1.1927632,1.0876628,1.6,1.0,0.8,1.3734486000000001,0.8678874000000001,-0.18068540000000022,0.4453947368421053,0.5609973285841497,0.2270703472840606,0.21193232413178986,2122,H,0.0,0.0
2021-11-27,Arsenal,Newcastle,H,2,0,0,0,2.0,1.6,1.4,1.6209969999999998,1.6713055999999997,0.6,1.4,2.2,0.7872576,1.727204,0.8337393999999998,0.4453947368421053,0.6627466613514053,0.20091688259916285,0.13633645604943193,2122,H,0.0,0.0
2021-11-27,Crystal Palace,Aston Villa,A,1,2,0,1,1.8,2.0,1.2,1.6396818,0.8838405999999999,0.6,1.2,2.2,0.9833456,1.9679213999999998,0.6563361999999999,0.4453947368421053,0.43220338983050843,0.2796610169491525,0.288135593220339,2122,H,0.0,0.0
2021-11-27,Liverpool,Southampton,H,4,0,3,0,2.0,3.6,1.0,2.906222,0.9378933999999999,2.0,1.2,0.8,1.4386839999999999,0.5891562,1.4675380000000002,0.4453947368421053,0.7377049180327869,0.15737704918032788,0.10491803278688525,2122,H,0.0,0.0
2021-11-27,Norwich,Wolves,D,0,0,0,0,1.4,1.0,2.2,0.7371891999999999,1.8745660000000002,2.0,1.4,1.2,1.2643208,1.5423002,-0.5271316,0.4453947368421053,0.2711119602598395,0.28754298815437523,0.44134505158578524,2122,A,0.0,0.0
2021-11-27,Brighton,Leeds,D,0,0,0,0,0.6,0.8,1.8,1.1739114000000002,1.4858402,1.0,1.0,1.2,1.3520506,1.2928166,-0.17813919999999994,0.4453947368421053,0.4652011310772599,0.2804889172671714,0.25430995165556874,2122,H,0.0,0.0
2021-11-28,Leicester,Watford,H,4,2,3,1,1.4,1.4,1.8,1.4502912000000001,1.5666,1.2,1.8,2.0,1.4967774,2.112802,-0.04648619999999992,0.4453947368421053,0.5898914063547392,0.23743129105778257,0.17267730258747824,2122,H,0.0,0.0
2021-11-28,Brentford,Everton,H,1,0,1,0,0.2,1.2,2.2,1.5297864,1.4643311999999997,0.2,0.6,2.2,1.0515050000000001,2.0484076,0.47828139999999997,0.4453947368421053,0.42285270112708895,0.29731830547998445,0.27982899339292655,2122,H,0.0,0.0
2021-11-28,Chelsea,Man United,D,1,1,0,0,2.6,3.0,0.2,2.2194112,0.6440621999999999,0.6,1.2,3.0,1.2388801999999999,2.5895160000000006,0.9805310000000003,0.4453947368421053,0.6045340050377834,0.23727959697732998,0.15818639798488665,2122,H,0.0,0.0
2021-11-28,Man City,West Ham,H,2,1,1,0,2.4,2.2,0.6,2.208662,0.864687,2.4,1.8,0.8,1.6236481999999999,0.9978708,0.5850138,0.4453947368421053,0.7404069018799897,0.16482101467937163,0.09477208344063869,2122,H,0.0,0.0
2021-11-30,Newcastle,Norwich,D,1,1,0,0,0.6,1.0,2.0,0.6952025999999999,1.986174,1.4,1.0,2.2,0.7859532,1.6988534000000002,-0.09075060000000013,0.4453947368421053,0.48611111111111116,0.2708333333333333,0.24305555555555558,2122,H,0.0,0.0
2021-11-30,Leeds,Crystal Palace,H,1,0,0,0,1.2,1.0,1.0,1.4357818000000002,1.3076485999999998,1.6,1.8,1.2,1.7336598000000003,0.6259816,-0.2978780000000001,0.4453947368421053,0.3956834532374101,0.2877697841726619,0.31654676258992803,2122,H,0.0,0.0
2021-12-01,Southampton,Leicester,D,2,2,2,1,1.4,1.0,1.6,1.2657464,1.1144776,1.4,1.4,1.8,1.2891232,1.838378,-0.023376799999999864,0.4453947368421053,0.39953225492106803,0.27054041261798034,0.32992733246095163,2122,H,0.0,0.0
2021-12-01,Watford,Chelsea,A,1,2,1,1,1.2,2.2,1.8,1.9130829999999999,1.81375,2.2,3.0,0.4,2.6388100000000003,0.4323976,-0.7257270000000005,0.4453947368421053,0.0943657103352921,0.17974421016246114,0.7258900795022469,2122,A,0.0,0.0
2021-12-01,West Ham,Brighton,D,1,1,1,0,1.8,1.8,1.2,1.2519328,1.3714118,0.6,0.8,1.8,1.3197634,1.42663,-0.06783059999999996,0.4453947368421053,0.4866595517609392,0.26360725720384204,0.24973319103521877,2122,H,0.0,0.0
2021-12-01,Wolves,Burnley,D,0,0,0,0,1.6,0.8,0.8,0.8844862000000001,1.5806882,1.2,1.8,1.8,1.2391414,1.8342684000000002,-0.35465519999999995,0.4453947368421053,0.511293669135136,0.2702552251142862,0.21845110575057775,2122,H,0.0,0.0
2021-12-01,Aston Villa,Man City,A,1,2,0,2,1.2,1.2,1.8,0.8316545999999999,1.7210811999999998,2.4,2.2,0.8,2.3216120000000005,0.6836016,-1.4899574000000007,0.4453947368421053,0.10547184773988898,0.18080888183980967,0.7137192704203014,2122,A,0.0,0.0
2021-12-01,Everton,Liverpool,A,1,4,1,2,0.2,0.6,2.2,1.074287,1.8819656000000002,2.0,3.4,1.0,2.789672,1.0706593999999998,-1.715385,0.4453947368421053,0.12589262099973555,0.17984660142819361,0.6942607775720709,2122,A,0.0,0.0
2021-12-02,Tottenham,Brentford,H,2,0,1,0,1.4,1.0,1.4,1.2998771999999998,1.1662508,0.8,1.4,2.0,1.4450744,1.608295,-0.14519720000000014,0.4453947368421053,0.5932203389830508,0.22598870056497172,0.18079096045197737,2122,H,0.0,0.0
2021-12-02,Man United,Arsenal,H,3,2,1,1,0.8,1.0,2.4,1.1465656,2.465344,2.4,1.6,1.0,1.841263,1.6099343999999998,-0.6946974000000001,0.4453947368421053,0.4901960784313726,0.2549019607843137,0.2549019607843137,2122,H,0.0,0.0
2021-12-04,West Ham,Chelsea,H,3,2,1,2,1.4,1.8,1.4,1.1343548,1.4891121999999999,2.2,2.0,0.6,2.1995068,0.5770872,-1.0651519999999999,0.4453947368421053,0.19865983445013796,0.2621206148994876,0.5392195506503745,2122,A,0.0,0.0
2021-12-04,Southampton,Brighton,D,1,1,1,0,1.4,1.0,1.6,1.3629504000000001,1.2678586,0.8,0.8,1.2,1.3380034,0.941236,0.024947000000000052,0.4453947368421053,0.3872529245663574,0.2964905203711174,0.3162565550625252,2122,H,0.0,0.0
2021-12-04,Wolves,Liverpool,A,0,1,0,0,1.6,0.6,0.6,0.8550956,1.2771696000000001,2.0,3.2,1.2,2.552276,0.9019440000000001,-1.6971804000000001,0.4453947368421053,0.11906893464637423,0.20053715308863027,0.6803939122649956,2122,A,0.0,0.0
2021-12-04,Newcastle,Burnley,H,1,0,1,0,0.6,1.0,2.0,0.7821119999999999,1.8371660000000003,1.4,1.8,1.4,1.0628108,1.5451826,-0.28069880000000014,0.4453947368421053,0.41395531164249316,0.2885143081144649,0.2975303802430419,2122,H,0.0,0.0
2021-12-04,Watford,Man City,A,1,3,0,2,0.6,1.4,1.8,1.4905704000000002,1.6272867999999998,2.4,1.8,0.8,1.810654,0.6041182,-0.3200835999999998,0.4453947368421053,0.07865168539325842,0.1348314606741573,0.7865168539325843,2122,A,0.0,0.0
2021-12-05,Leeds,Brentford,D,2,2,1,0,1.6,1.0,0.8,1.4895158,1.2773854,0.8,1.2,2.0,1.2565948,1.8222829999999999,0.23292099999999993,0.4453947368421053,0.4866595517609392,0.26360725720384204,0.24973319103521877,2122,H,0.0,0.0
2021-12-05,Man United,Crystal Palace,H,1,0,0,0,1.4,1.6,1.8,1.2465916000000001,1.8890900000000002,1.4,1.6,1.2,1.4239494000000001,0.8779790000000001,-0.1773578,0.4453947368421053,0.6340391980175715,0.2196440639783735,0.14631673800405498,2122,H,0.0,0.0
2021-12-05,Tottenham,Norwich,H,3,0,1,0,1.4,0.8,1.0,1.4043572000000002,1.0822176000000001,1.6,1.2,1.0,1.0346354,1.3091074,0.3697218000000002,0.4453947368421053,0.6983240223463686,0.18994413407821228,0.11173184357541899,2122,H,0.0,0.0
2021-12-05,Aston Villa,Leicester,H,2,1,1,1,1.2,1.2,1.6,0.7038952,1.2251952,1.0,1.4,2.0,1.3766352,1.9871379999999998,-0.6727399999999999,0.4453947368421053,0.40208136234626296,0.28027436140018924,0.3176442762535478,2122,H,0.0,0.0
2021-12-06,Everton,Arsenal,H,2,1,0,1,0.2,0.4,2.0,0.8085616,1.8334116000000003,1.8,1.4,1.4,1.3748590000000003,1.6989524,-0.5662974000000003,0.4453947368421053,0.2785145888594165,0.27055702917771884,0.4509283819628648,2122,A,0.0,0.0
2021-12-10,Brentford,Watford,H,2,1,0,1,1.0,1.4,1.8,1.3296503999999998,1.560273,0.6,1.6,2.2,1.4550802,2.0522188,-0.12542980000000026,0.4453947368421053,0.42307692307692313,0.2884615384615385,0.2884615384615385,2122,H,0.0,0.0
2021-12-11,Man City,Wolves,H,1,0,0,0,3.0,2.4,0.6,2.485622,0.5290812,1.0,0.2,0.6,0.535441,1.4222995999999999,1.9501810000000002,0.4453947368421053,0.8316008316008316,0.1185031185031185,0.04989604989604989,2122,H,0.0,0.0
2021-12-11,Arsenal,Southampton,H,3,0,2,0,1.2,1.2,1.8,1.365729,1.5135663999999998,1.0,1.0,1.8,1.2499084,1.3947873999999998,0.11582059999999994,0.4453947368421053,0.5898914063547392,0.23743129105778257,0.17267730258747824,2122,H,0.0,0.0
2021-12-11,Chelsea,Leeds,H,3,2,1,1,1.6,1.8,1.2,2.0403888,0.949044,1.2,1.0,1.0,1.5395978000000001,1.3849259999999999,0.500791,0.4453947368421053,0.7566826593557231,0.1644962302947224,0.07882111034955448,2122,H,0.0,0.0
2021-12-11,Liverpool,Aston Villa,H,1,0,0,0,2.4,3.0,0.8,2.7573839999999996,0.6189134,1.8,1.4,1.0,0.936021,0.888936,1.8213629999999996,0.4453947368421053,0.7913043478260869,0.13565217391304346,0.07304347826086957,2122,H,0.0,0.0
2021-12-11,Norwich,Man United,A,0,1,0,0,1.6,1.0,1.2,1.1153819999999999,1.4767334,1.4,1.2,1.8,1.1434428,1.7616346,-0.02806080000000022,0.4453947368421053,0.13544369486248053,0.21069019200830302,0.6538661131292164,2122,A,0.0,0.0
2021-12-12,Burnley,West Ham,D,0,0,0,0,1.2,1.4,1.2,1.0490916000000001,1.6012666,1.4,1.6,1.6,1.0050528,1.6256999999999997,0.044038800000000045,0.4453947368421053,0.2631578947368421,0.2631578947368421,0.47368421052631576,2122,A,0.0,0.0
2021-12-12,Leicester,Newcastle,H,4,0,1,0,1.0,1.6,2.0,1.175556,2.136198,1.2,1.2,1.4,1.0918067999999999,1.5248698,0.08374920000000019,0.4453947368421053,0.5700111221682376,0.23078499092665228,0.19920388690511034,2122,H,0.0,0.0
2021-12-12,Crystal Palace,Everton,H,3,1,1,0,0.8,1.2,1.4,1.31801,0.9205762,0.8,0.6,1.8,0.6812436,1.7061696000000002,0.6367664,0.4453947368421053,0.41395531164249316,0.2975303802430419,0.2885143081144649,2122,H,0.0,0.0
2021-12-14,Norwich,Aston Villa,A,0,2,0,1,1.0,0.6,1.2,1.0810094,1.3379093999999998,1.8,1.4,1.0,0.8569201999999999,1.251662,0.2240892,0.4453947368421053,0.28846153846153844,0.28846153846153844,0.423076923076923,2122,A,0.0,0.0
2021-12-14,Man City,Leeds,H,7,0,3,0,3.0,2.2,0.6,2.677048,0.39242577999999995,1.0,1.2,1.4,1.4923638000000001,1.7755556,1.1846842,0.4453947368421053,0.8263659342796034,0.11083025471514679,0.06280381100524984,2122,H,0.0,0.0
2021-12-15,Brighton,Wolves,A,0,1,0,1,0.8,0.6,1.0,1.3333794,0.930152,1.0,0.2,0.4,0.49986578000000004,1.4918076,0.8335136200000001,0.4453947368421053,0.4221789883268483,0.3064202334630351,0.27140077821011677,2122,H,0.0,0.0
2021-12-15,Crystal Palace,Southampton,D,2,2,1,2,0.8,1.4,1.6,1.2074159999999998,1.1248562,0.4,0.8,2.4,1.1707154,1.70443,0.03670059999999986,0.4453947368421053,0.44134505158578524,0.28754298815437523,0.2711119602598395,2122,H,0.0,0.0
2021-12-15,Arsenal,West Ham,H,2,0,0,0,1.2,1.6,1.8,1.4841710000000001,1.5156776,1.0,1.0,1.2,0.9542194,1.4440199999999999,0.5299516000000001,0.4453947368421053,0.45051194539249145,0.2627986348122867,0.2866894197952219,2122,H,0.0,0.0
2021-12-16,Chelsea,Everton,D,1,1,0,0,2.0,2.2,1.4,1.9889068,1.1600975999999998,0.6,0.8,2.4,0.8167743999999999,1.965538,1.1721324000000002,0.4453947368421053,0.78031212484994,0.14645858343337334,0.07322929171668667,2122,H,0.0,0.0
2021-12-16,Liverpool,Newcastle,H,3,1,2,1,3.0,2.8,0.2,3.008464,0.396432,1.0,1.0,2.0,1.1487294,1.6501658,1.8597346000000001,0.4453947368421053,0.8450286617908678,0.10515912235619687,0.04981221585293536,2122,H,0.0,0.0
2021-12-18,Leeds,Arsenal,A,1,4,0,3,1.0,1.0,2.4,1.2444854,1.9747656,1.8,2.0,1.0,1.9935299999999998,0.7887006000000001,-0.7490445999999997,0.4453947368421053,0.24053128566981427,0.24686105634533564,0.51260765798485,2122,A,0.0,0.0
2021-12-19,Newcastle,Man City,A,0,4,0,2,0.8,0.6,2.0,0.7532334,1.9914397999999998,3.0,3.0,0.6,2.817142,0.38454657999999997,-2.0639086,0.4453947368421053,0.07272577861779932,0.12605801627085214,0.8012162051113485,2122,A,0.0,0.0
2021-12-19,Wolves,Chelsea,D,0,0,0,0,1.0,0.2,0.4,0.45953178,1.6447774000000002,1.6,1.8,1.6,2.1150288,1.1857023999999998,-1.65549702,0.4453947368421053,0.13636363636363638,0.2272727272727273,0.6363636363636365,2122,A,0.0,0.0
2021-12-19,Tottenham,Liverpool,D,2,2,1,1,2.0,1.4,0.8,1.6712536,0.9484056000000001,3.0,2.6,0.4,2.80154,0.384107,-1.1302864000000001,0.4453947368421053,0.18061509785647717,0.1996272134203169,0.619757688723206,2122,A,0.0,0.0
2021-12-26,Man City,Leicester,H,6,3,4,0,3.0,3.4,0.4,3.00214,0.38503557999999993,1.4,2.2,1.8,1.4280396,1.8454827999999999,1.5741003999999998,1.0,0.8012162051113485,0.12605801627085214,0.07272577861779932,2122,H,0.0,0.0
2021-12-26,Norwich,Arsenal,A,0,5,0,2,0.4,0.2,1.4,1.0939827999999998,1.5041954,1.8,2.4,1.2,2.16256,1.01444,-1.0685772000000002,0.0,0.11906893464637423,0.20053715308863027,0.6803939122649956,2122,A,0.0,0.0
2021-12-26,Tottenham,Crystal Palace,H,3,0,2,0,2.2,1.8,0.6,1.9992335999999997,0.9810696,0.8,1.2,1.4,1.156226,1.0414448,0.8430075999999997,0.0,0.5510440835266821,0.24941995359628769,0.19953596287703013,2122,H,0.0,0.0
2021-12-26,West Ham,Southampton,A,2,3,0,1,1.0,1.0,1.4,0.9347242,1.743178,0.6,1.0,2.4,1.069516,1.915362,-0.1347917999999999,0.0,0.5290697674418605,0.24418604651162792,0.22674418604651161,2122,H,0.0,0.0
2021-12-26,Aston Villa,Chelsea,A,1,3,1,1,1.8,1.4,1.0,1.0355501999999999,1.235634,1.6,1.6,1.4,1.8047691999999997,1.1373032,-0.7692189999999999,0.0,0.1797462911201892,0.24833369167920874,0.571920017200602,2122,A,0.0,0.0
2021-12-26,Brighton,Brentford,H,2,0,2,0,0.6,0.4,1.0,1.2873693999999998,1.1081598,1.6,1.6,1.6,1.1367904,1.4409898,0.1505789999999998,1.0,0.4972144846796657,0.27785515320334264,0.22493036211699163,2122,H,0.0,0.0
2021-12-27,Newcastle,Man United,D,1,1,1,0,0.8,0.6,2.4,0.7509984000000001,2.1518258,2.0,1.4,1.4,1.4111646,1.550452,-0.6601661999999999,0.0,0.14530005310674457,0.19883165161975572,0.6558682952734998,2122,A,0.0,0.0
2021-12-28,Crystal Palace,Norwich,H,3,0,3,0,0.8,1.0,1.6,0.999465,1.5148798,0.2,0.2,2.4,0.8438852000000001,2.0198419999999997,0.15557979999999993,0.4453947368421053,0.5747126436781609,0.2528735632183908,0.17241379310344826,2122,H,0.0,0.0
2021-12-28,Southampton,Tottenham,D,1,1,1,1,1.2,1.6,2.0,1.1475756000000001,1.608296,2.6,2.4,0.6,2.4031700000000003,0.8971532,-1.2555944,0.4453947368421053,0.25339366515837103,0.27149321266968324,0.4751131221719457,2122,A,0.0,0.0
2021-12-28,Watford,West Ham,A,1,4,1,2,0.6,1.8,2.4,1.4690592000000002,2.1194008,1.0,1.2,1.6,1.2078615999999998,1.4700900000000001,0.2611976000000005,0.4453947368421053,0.28062360801781744,0.26503340757238314,0.4543429844097996,2122,A,0.0,0.0
2021-12-28,Leicester,Liverpool,H,1,0,0,0,1.4,2.8,2.4,1.8149888,2.0968648,2.6,2.2,0.8,2.4968719999999998,0.7504346,-0.6818831999999997,0.4453947368421053,0.11806956662093454,0.17173755144863206,0.7101928819304333,2122,A,0.0,0.0
2021-12-29,Chelsea,Brighton,D,1,1,1,0,1.6,1.8,1.4,2.1887544,1.0339336,1.2,0.8,0.6,1.3594845999999998,1.1149517999999998,0.8292698000000003,0.4453947368421053,0.6676557863501484,0.20771513353115725,0.12462908011869436,2122,H,0.0,0.0
2021-12-29,Brentford,Man City,A,0,1,0,1,1.4,1.0,1.4,1.1109243999999998,1.1928864000000001,3.0,4.2,0.8,3.564084,0.7174689799999999,-2.4531596,0.4453947368421053,0.04989604989604989,0.1185031185031185,0.8316008316008316,2122,A,0.0,0.0
2021-12-30,Man United,Burnley,H,3,1,3,1,2.2,1.4,0.8,1.4287506,1.256838,0.8,0.8,1.0,0.6128916,1.6341668000000003,0.8158590000000001,0.4453947368421053,0.7026858213616489,0.19113054341036853,0.10618363522798249,2122,H,0.0,0.0
2022-01-01,Arsenal,Man City,A,1,2,1,0,2.4,3.0,0.6,2.5043619999999995,0.6740884,3.0,3.8,0.6,2.961164,0.63021378,-0.4568020000000006,0.0,0.16545718432510886,0.20029027576197386,0.6342525399129173,2122,A,0.0,0.0
2022-01-01,Watford,Tottenham,A,0,1,0,0,0.0,1.2,3.0,1.1251332,2.3539808,2.2,2.2,0.6,2.5015159999999996,0.6743838,-1.3763827999999996,0.0,0.18881939014855356,0.22478498827208754,0.5863956215793588,2122,A,0.0,0.0
2022-01-01,Crystal Palace,West Ham,A,2,3,0,3,1.4,1.6,1.4,1.3359554,1.2373466,1.4,1.8,1.6,1.5466716,1.4208100000000001,-0.21071620000000002,0.0,0.3067869752844252,0.27971753628874063,0.41349548842683403,2122,A,0.0,0.0
2022-01-02,Everton,Brighton,A,2,3,0,2,0.8,1.0,2.0,0.8889012000000001,2.083412,1.2,1.0,0.8,1.1358146,1.0946776,-0.24691339999999995,1.0,0.34376153183812375,0.2954200664233876,0.3608184017384886,2122,A,0.0,0.0
2022-01-02,Brentford,Aston Villa,H,2,1,1,1,0.8,0.8,1.6,0.9190642,1.2027974000000001,1.2,1.2,1.4,1.039495,1.6089081999999997,-0.12043080000000006,0.0,0.31654676258992803,0.2877697841726619,0.3956834532374101,2122,A,0.0,0.0
2022-01-02,Chelsea,Liverpool,D,2,2,2,2,1.8,1.6,1.0,2.067348,0.7877796,2.0,1.4,0.8,2.470102,0.7711604000000001,-0.40275399999999983,0.0,0.306420233463035,0.2714007782101167,0.42217898832684825,2122,A,0.0,0.0
2022-01-02,Leeds,Burnley,H,3,1,1,0,0.8,1.2,3.2,1.3343356,2.3317856,0.6,0.8,1.4,0.6524248000000001,1.3945488000000001,0.6819107999999998,0.0,0.4605263157894737,0.2697368421052631,0.2697368421052631,2122,H,0.0,0.0
2022-01-03,Man United,Wolves,A,0,1,0,0,2.6,1.8,0.8,1.6776291999999997,0.9621356000000001,1.0,0.2,0.4,0.46437458,1.5226278,1.2132546199999998,1.0,0.6217557060086298,0.21969658895916944,0.15854770503220061,2122,H,0.0,0.0
2022-01-11,Southampton,Brentford,H,4,1,2,1,1.2,1.4,1.8,0.8358462,1.8821100000000002,1.4,1.2,1.4,0.9742316000000001,1.0159434,-0.1383854000000001,0.4453947368421053,0.4603234298608499,0.27754795035727714,0.26212861978187285,2122,H,0.0,0.0
2022-01-12,West Ham,Norwich,H,2,0,1,0,1.4,1.8,1.6,1.5894835999999999,1.6851200000000002,0.0,0.0,2.8,0.660544,2.266526,0.9289395999999999,0.4453947368421053,0.7349011223944414,0.17103153393907,0.0940673436664885,2122,H,0.0,0.0
2022-01-14,Brighton,Crystal Palace,D,1,1,0,0,1.6,1.4,1.0,1.1804686,1.2307156,1.4,2.0,1.8,1.7702448,1.5095634000000002,-0.5897762,0.0,0.46281601771544567,0.28750692009595863,0.24967706218859564,2122,H,0.0,0.0
2022-01-15,Man City,Chelsea,H,1,0,0,0,3.0,4.0,0.8,2.7505800000000002,0.7823468,1.4,1.4,1.0,1.7954599999999998,0.7997056,0.9551200000000004,1.0,0.5738880918220947,0.23672883787661403,0.18938307030129126,2122,H,0.0,0.0
2022-01-15,Newcastle,Watford,D,1,1,0,0,0.8,0.6,2.4,0.7728984000000001,2.2008318,0.0,0.8,2.4,0.70907,2.3094308,0.06382840000000012,0.0,0.47368421052631576,0.2631578947368421,0.2631578947368421,2122,H,0.0,0.0
2022-01-15,Norwich,Everton,H,2,1,2,0,0.0,0.0,2.6,0.5160894,2.4436240000000002,0.8,1.4,2.4,1.0606822,2.1405799999999995,-0.5445928,0.0,0.25339366515837103,0.27149321266968324,0.4751131221719457,2122,A,0.0,0.0
2022-01-15,Wolves,Southampton,H,3,1,1,0,1.4,0.4,0.4,0.49022138000000004,1.6372708,1.6,2.0,1.8,0.8859862,1.7089632000000001,-0.3957648199999999,1.0,0.42285270112708895,0.29731830547998445,0.27982899339292655,2122,H,0.0,0.0
2022-01-15,Aston Villa,Man United,D,2,2,0,1,1.2,1.2,1.4,1.1127204,1.50538,2.0,1.2,0.6,1.4601856,0.8970446000000001,-0.34746520000000003,1.0,0.33158331030671456,0.2718983144515059,0.3965183752417795,2122,A,0.0,0.0
2022-01-16,Liverpool,Brentford,H,3,0,1,0,1.6,1.6,1.2,2.3432319999999995,1.029927,1.2,1.0,1.8,0.8586068000000001,1.0507634,1.4846251999999995,0.0,0.7318695941450432,0.17298735861610112,0.09514304723885562,2122,H,0.0,0.0
2022-01-16,West Ham,Leeds,A,2,3,1,2,1.8,2.2,1.6,1.968155,1.6441874000000003,0.8,1.6,3.4,1.3463476,2.3824186,0.6218074,1.0,0.5863956215793589,0.2247849882720876,0.1888193901485536,2122,H,0.0,0.0
2022-01-18,Brighton,Chelsea,D,1,1,0,1,1.6,1.4,1.0,1.3191346,1.0641798000000002,1.2,1.2,1.0,1.2777334,0.8545406,0.041401199999999916,0.0,0.19887458567794647,0.2519078085253989,0.5492176057966546,2122,A,0.0,0.0
2022-01-19,Leicester,Tottenham,A,2,3,1,1,1.4,2.2,2.0,1.5061132,2.1654628,2.2,2.0,0.6,2.4745239999999997,0.6899881999999999,-0.9684107999999998,0.4453947368421053,0.3163064833005893,0.2711198428290766,0.41257367387033395,2122,A,0.0,0.0
2022-01-19,Brentford,Man United,A,1,3,0,0,0.6,0.6,2.2,0.56834,1.6366506,1.6,1.4,1.0,1.5568664,1.158494,-0.9885264000000001,0.4453947368421053,0.21203438395415472,0.2578796561604584,0.5300859598853869,2122,A,0.0,0.0
2022-01-21,Watford,Norwich,A,0,3,0,0,0.2,0.8,2.2,0.8101405999999999,2.335426,0.6,0.4,2.6,0.519174,2.1321953999999996,0.29096659999999985,1.0,0.4751131221719457,0.27149321266968324,0.25339366515837103,2122,H,0.0,0.0
2022-01-22,Everton,Aston Villa,A,0,1,0,1,0.8,1.4,2.0,1.0664349999999998,1.7687519999999999,0.8,1.2,1.6,1.1086524,1.5796132,-0.04221740000000018,0.0,0.3453310351819934,0.2922031836155328,0.3624657812024739,2122,A,0.0,0.0
2022-01-22,Brentford,Wolves,A,1,2,0,0,0.6,0.8,2.4,0.763856,1.8599159999999997,2.0,1.0,0.4,0.93102198,1.3360628,-0.16716598000000005,1.0,0.29641693811074915,0.33876221498371334,0.3648208469055374,2122,A,0.0,0.0
2022-01-22,Leeds,Newcastle,A,0,1,0,0,1.2,1.8,3.4,1.5163236,2.6134806,0.4,0.6,2.6,0.6393904000000001,2.379158,0.8769331999999999,0.0,0.4751131221719457,0.27149321266968324,0.25339366515837103,2122,H,0.0,0.0
2022-01-22,Man United,West Ham,H,1,0,0,0,1.6,1.8,1.2,1.5491704,1.3774726000000002,1.8,2.6,1.8,2.3713640000000002,1.5349914,-0.8221936000000003,1.0,0.5129935875801552,0.24974687816402294,0.2372595342558218,2122,H,0.0,0.0
2022-01-22,Southampton,Man City,D,1,1,1,0,1.6,2.2,1.8,0.9689992000000001,1.7519392,3.0,2.8,0.8,2.2682226,0.8595986,-1.2992234,0.0,0.09489051094890512,0.14598540145985403,0.759124087591241,2122,A,0.0,0.0
2022-01-23,Arsenal,Burnley,D,0,0,0,0,2.4,3.0,0.6,2.4603058,0.8511184,0.4,0.4,1.4,0.6360754,1.4532428,1.8242304,1.0,0.6956875508543532,0.19918633034987795,0.10512611879576893,2122,H,0.0,0.0
2022-01-23,Crystal Palace,Liverpool,A,1,3,0,2,1.0,1.6,1.8,1.4524530000000002,1.6905574,1.6,2.0,1.2,2.499068,1.0771435999999999,-1.0466149999999996,0.0,0.15747684164093514,0.22496691662990734,0.6175562417291575,2122,A,0.0,0.0
2022-01-23,Leicester,Brighton,D,1,1,0,0,1.2,2.2,2.2,1.6081552000000001,2.6325468,1.8,1.6,1.0,1.2284099999999998,0.9553066000000001,0.37974520000000034,0.0,0.3800403225806452,0.2923387096774194,0.3276209677419355,2122,H,0.0,0.0
2022-01-23,Chelsea,Tottenham,H,2,0,0,0,1.2,1.4,1.2,1.2335418,0.9397777999999999,2.2,2.0,1.0,2.9226099999999997,0.8669262,-1.6890681999999997,1.0,0.5863956215793589,0.2247849882720876,0.1888193901485536,2122,H,0.0,0.0
2022-02-05,Burnley,Watford,D,0,0,0,0,0.4,0.4,1.4,0.6747606,1.5819185999999998,0.2,0.6,2.2,0.9363316000000002,1.7140224,-0.2615710000000001,0.4453947368421053,0.4337464251668255,0.29361296472831266,0.27264061010486174,2122,H,0.0,0.0
2022-02-08,Newcastle,Everton,H,3,1,1,1,1.0,0.8,1.8,0.7688116,2.1936000000000004,0.2,1.0,2.0,1.101899,1.729355,-0.3330873999999999,0.4453947368421053,0.37874327479443715,0.2913409806111055,0.3299157445944574,2122,H,0.0,0.0
2022-02-08,West Ham,Watford,H,1,0,0,0,1.8,2.2,1.4,2.1114794000000003,1.6154194,0.4,0.4,1.8,1.0108137999999998,1.5016054,1.1006656000000006,1.0,0.6102722850464338,0.2252195337671363,0.16450818118642999,2122,H,0.0,0.0
2022-02-08,Burnley,Man United,D,1,1,0,1,0.6,0.4,1.2,0.7070217999999999,1.4274935999999998,2.0,1.8,1.0,1.5497104,1.1719060000000001,-0.8426886,0.0,0.17267730258747824,0.23743129105778257,0.5898914063547392,2122,A,0.0,0.0
2022-02-09,Man City,Brentford,H,2,0,1,0,2.6,2.2,1.0,1.8646646,1.025201,0.6,1.0,2.6,0.8646048000000001,1.7000322,1.0000597999999998,1.0,0.8593903638151426,0.09950835791543756,0.041101278269419866,2122,H,0.0,0.0
2022-02-09,Norwich,Crystal Palace,D,1,1,1,0,1.2,1.0,2.2,0.6036870000000001,2.0008854,0.8,1.4,2.0,1.4791950000000003,1.8649148,-0.8755080000000002,0.0,0.269917914051183,0.2906808305166586,0.43940125543215836,2122,A,0.0,0.0
2022-02-09,Tottenham,Southampton,A,2,3,1,1,2.0,1.6,1.0,2.4288196,0.7654622,1.6,2.0,1.6,1.0444066,1.7792652,1.3844130000000001,0.0,0.5913978494623655,0.23655913978494622,0.17204301075268816,2122,H,0.0,0.0
2022-02-09,Aston Villa,Leeds,D,3,3,3,2,1.4,1.4,1.4,1.2525868,1.2849312000000002,1.2,1.4,3.0,1.3964396000000001,2.2956006,-0.14385280000000011,0.4453947368421053,0.5256916996047432,0.24901185770750986,0.225296442687747,2122,H,0.0,0.0
2022-02-10,Liverpool,Leicester,H,2,0,1,0,1.6,2.0,1.2,2.210638,1.3610935999999998,1.4,2.2,2.0,1.7535904000000002,2.5023868000000005,0.45704759999999967,0.0,0.759124087591241,0.14598540145985403,0.09489051094890512,2122,H,0.0,0.0
2022-02-10,Wolves,Arsenal,A,0,1,0,1,2.6,1.4,0.4,0.9594074000000001,0.8847474,2.0,2.4,0.6,2.3144618,0.828468,-1.3550544,0.4453947368421053,0.27139552814186585,0.2968388589051658,0.4317656129529684,2122,A,0.0,0.0
2022-02-12,Everton,Leeds,H,3,0,2,0,0.2,1.0,2.0,1.0115084,1.847091,1.4,2.0,2.2,1.856768,1.9331626,-0.8452595999999999,0.0,0.417910447761194,0.26865671641791045,0.3134328358208955,2122,H,0.0,0.0
2022-02-12,Brentford,Crystal Palace,D,0,0,0,0,0.0,0.6,2.8,0.8566,1.8688821999999998,1.0,1.6,1.6,1.6892962,1.359901,-0.8326962,0.0,0.3741701870850936,0.30778515389257693,0.3180446590223295,2122,H,0.0,0.0
2022-02-12,Norwich,Man City,A,0,4,0,1,1.4,1.2,1.4,0.6321268,1.6715734000000002,2.6,1.4,0.4,1.4954186,0.6306120000000001,-0.8632918,0.0,0.06326697572947915,0.11862557949277339,0.8181074447777476,2122,A,0.0,0.0
2022-02-12,Watford,Brighton,A,0,2,0,1,0.4,0.2,1.2,0.8750485999999998,1.114466,1.4,1.4,1.2,1.2792134,1.0765806,-0.4041648000000001,0.0,0.2653981953707336,0.28148293448411144,0.453118870145155,2122,A,0.0,0.0
2022-02-12,Man United,Southampton,D,1,1,1,0,1.6,1.4,1.0,1.5549323999999998,1.1521025999999999,1.6,2.0,1.6,1.1197066,1.8203472,0.4352257999999998,0.0,0.5913978494623655,0.23655913978494622,0.17204301075268816,2122,H,0.0,0.0
2022-02-13,Burnley,Liverpool,A,0,1,0,1,0.6,0.6,1.4,0.7519640000000001,1.5945049999999998,2.0,2.0,0.8,2.446744,0.9105303999999999,-1.6947799999999997,0.0,0.09330741460705361,0.17772840877534019,0.7289641766176063,2122,A,0.0,0.0
2022-02-13,Newcastle,Aston Villa,H,1,0,1,0,1.6,1.2,1.4,1.2649956,1.7704974,1.0,1.6,2.0,1.1603248000000002,1.6902298000000002,0.10467079999999984,0.0,0.3510353227771011,0.28721071863581,0.36175395858708886,2122,A,0.0,0.0
2022-02-13,Tottenham,Wolves,A,0,2,0,2,1.4,1.4,1.6,2.2130956,1.0763833999999999,2.0,1.2,0.6,0.8642072000000001,0.9350054,1.3488883999999999,1.0,0.5613836121349589,0.26509781684150835,0.17351857102353274,2122,H,0.0,0.0
2022-02-13,Leicester,West Ham,D,2,2,1,1,0.8,1.4,2.4,1.4510391999999999,2.9459940000000002,1.8,1.6,1.2,1.7243400000000002,1.4796542,-0.27330080000000034,0.0,0.3236831523924407,0.268194611982308,0.40812223562525135,2122,A,0.0,0.0
2022-02-15,Man United,Brighton,H,2,0,0,0,1.8,1.6,1.0,1.999596,1.1193947999999998,1.8,1.6,1.0,1.4827994,1.0304848000000002,0.5167965999999999,0.4453947368421053,0.5492176057966546,0.2519078085253989,0.19887458567794647,2122,H,0.0,0.0
2022-02-19,Aston Villa,Watford,A,0,1,0,0,1.0,1.4,1.6,1.1565602000000001,1.230044,0.4,0.2,1.4,0.9209416000000001,1.087874,0.2356186,0.0,0.5729707286692962,0.26261158397342743,0.1644176873572763,2122,H,0.0,0.0
2022-02-19,Brighton,Burnley,A,0,3,0,2,1.2,1.0,1.0,1.4383634,1.2149608,0.6,0.4,1.0,0.8097783999999999,1.624397,0.6285850000000002,1.0,0.5711177590426978,0.2708729942888224,0.1580092466684797,2122,H,0.0,0.0
2022-02-19,West Ham,Newcastle,D,1,1,1,1,1.4,1.4,1.2,1.4270616,1.2226322,2.2,1.4,0.6,1.3356682,1.1321666000000001,0.09139340000000007,1.0,0.5608856088560886,0.23837638376383766,0.2007380073800738,2122,H,0.0,0.0
2022-02-19,Arsenal,Brentford,H,2,1,0,0,2.0,2.2,0.6,2.0419918,0.8889688,0.2,0.4,2.0,1.1274587999999999,1.6498742,0.914533,0.0,0.6566604127579737,0.225140712945591,0.11819887429643527,2122,H,0.0,0.0
2022-02-19,Man City,Tottenham,A,2,3,1,1,2.6,2.0,0.4,2.1811985999999997,0.6541972,1.2,1.2,1.8,1.8189009999999999,1.3798268,0.3622975999999998,0.0,0.7455268389662029,0.15904572564612326,0.09542743538767397,2122,H,0.0,0.0
2022-02-19,Southampton,Everton,H,2,0,0,0,1.6,2.0,1.6,1.1845752,1.8569272000000001,0.6,1.4,1.8,1.4031248,1.2551466000000002,-0.2185496,0.0,0.4545454545454546,0.27272727272727276,0.27272727272727276,2122,H,0.0,0.0
2022-02-19,Liverpool,Norwich,H,3,1,0,0,2.6,2.2,0.6,2.292824,1.019514,1.4,1.2,1.6,0.584651,2.0829234,1.708173,1.0,0.8546655656482247,0.10445912469033856,0.040875309661436834,2122,H,0.0,0.0
2022-02-19,Crystal Palace,Chelsea,A,0,1,0,0,0.6,1.0,1.6,1.3109442000000002,1.6362262,1.2,1.2,1.0,0.8762658,0.9107356,0.43467840000000024,0.0,0.17298937784522,0.25037936267071315,0.5766312594840667,2122,A,0.0,0.0
2022-02-20,Leeds,Man United,A,2,4,0,2,1.4,1.8,2.0,1.6424855999999999,1.7122686000000003,2.2,1.6,0.6,2.2787119999999996,1.0061848000000002,-0.6362263999999997,0.0,0.2418716669533804,0.24823671082057458,0.509891622226045,2122,A,0.0,0.0
2022-02-20,Wolves,Leicester,H,2,1,1,1,2.4,1.6,0.6,1.173985,0.9438544,1.0,1.2,1.6,1.2455752,2.3292696,-0.07159019999999994,0.0,0.4212076583210604,0.2871870397643594,0.2916053019145803,2122,H,0.0,0.0
2022-02-23,Burnley,Tottenham,H,1,0,0,0,1.2,0.8,0.4,0.7819254,1.3051990000000002,1.2,1.6,2.2,1.8318670000000001,1.7826700000000002,-1.0499416000000001,0.4453947368421053,0.20665009322560599,0.25015537600994403,0.5431945307644499,2122,A,0.0,0.0
2022-02-23,Watford,Crystal Palace,A,1,4,1,2,0.8,0.2,1.2,0.9857976,1.0855039999999998,0.6,0.6,1.2,0.8973407999999999,1.4146122,0.08845680000000011,0.4453947368421053,0.30420841683366734,0.28577154308617236,0.41002004008016035,2122,A,0.0,0.0
2022-02-23,Liverpool,Leeds,H,6,0,3,0,3.0,2.4,0.4,2.5659280000000004,0.8756639999999999,0.8,1.6,2.6,1.5830656,2.042168,0.9828624000000004,1.0,0.8181074447777474,0.11862557949277337,0.06326697572947913,2122,H,0.0,0.0
2022-02-24,Arsenal,Wolves,H,2,1,0,1,2.0,1.8,0.6,1.6084698,0.7542979999999999,2.4,1.8,0.8,1.1003554,1.1002,0.5081144,1.0,0.5766312594840667,0.25037936267071315,0.17298937784522,2122,H,0.0,0.0
2022-02-25,Southampton,Norwich,H,2,0,1,0,1.6,1.6,1.4,1.4116652,1.772616,1.4,1.4,1.8,0.6499316,2.1353874,0.7617336,0.0,0.6217557060086298,0.21969658895916944,0.15854770503220061,2122,H,0.0,0.0
2022-02-26,Leeds,Tottenham,A,0,4,0,3,0.2,1.0,3.4,1.157607,2.6372480000000005,0.6,1.0,2.0,1.1207759999999998,1.7037600000000002,0.03683100000000028,0.0,0.2253807106598985,0.2629441624365483,0.5116751269035533,2122,A,0.0,0.0
2022-02-26,Crystal Palace,Burnley,D,1,1,1,0,1.0,1.2,1.2,0.9590852,1.3223402,1.6,1.0,0.4,1.0152847999999999,1.172516,-0.056199599999999905,0.0,0.49930651872399445,0.2635228848821082,0.23717059639389737,2122,H,0.0,0.0
2022-02-26,Brentford,Newcastle,A,0,2,0,2,0.2,0.6,1.8,1.1802728,1.2561702000000001,2.2,1.4,0.6,1.269011,0.9505822,-0.08873819999999988,0.0,0.38247011952191234,0.298804780876494,0.31872509960159356,2122,H,0.0,0.0
2022-02-26,Brighton,Aston Villa,A,0,2,0,1,1.0,0.8,1.4,1.0914313999999998,1.2772701999999998,1.0,1.2,1.4,1.1342582,1.4938802,-0.042826800000000276,0.0,0.4356846473029045,0.2904564315352697,0.2738589211618257,2122,H,0.0,0.0
2022-02-26,Man United,Watford,D,0,0,0,0,2.2,1.8,0.8,2.388772,0.9389368000000001,0.8,0.4,1.4,1.0684196,1.0641421999999998,1.3203524,0.0,0.7282229965156793,0.17212543554006968,0.09965156794425085,2122,H,0.0,0.0
2022-02-26,Everton,Man City,A,0,1,0,0,0.6,1.0,1.6,1.0777108,1.5040546000000001,2.0,2.0,0.8,2.2554986,0.8872774,-1.1777878000000002,0.0,0.09477208344063869,0.16482101467937163,0.7404069018799897,2122,A,0.0,0.0
2022-02-27,West Ham,Wolves,H,1,0,0,0,1.0,1.2,1.4,1.0182172,1.3404775999999998,1.8,1.4,1.0,0.8623894,1.418666,0.15582780000000007,0.0,0.46281601771544567,0.28750692009595863,0.24967706218859564,2122,H,0.0,0.0
2022-03-01,Burnley,Leicester,A,0,2,0,0,1.6,1.2,0.6,0.9133014000000002,1.193253,0.4,1.2,2.0,1.4324928,1.8784610000000002,-0.5191913999999997,0.0,0.32666132906325057,0.2786228983186549,0.39471577261809443,2122,A,0.0,0.0
2022-03-05,Burnley,Chelsea,A,0,4,0,0,1.4,1.0,0.8,0.9671852,1.185595,1.6,1.2,0.8,0.9482522,0.8782142000000001,0.018932999999999978,0.0,0.14631673800405498,0.2196440639783735,0.6340391980175715,2122,A,0.0,0.0
2022-03-05,Aston Villa,Southampton,H,4,0,2,0,1.4,1.2,1.0,1.0292302,1.3485456,2.2,1.8,0.8,1.8459352000000002,1.3977574000000001,-0.8167050000000002,0.0,0.41257367387033406,0.27111984282907664,0.3163064833005894,2122,H,0.0,0.0
2022-03-05,Leicester,Leeds,H,1,0,0,0,1.0,1.2,1.4,1.4015468,1.2374669999999999,0.2,1.0,4.0,1.310761,2.89949,0.09078579999999992,0.0,0.5393258426966292,0.23595505617977527,0.2247191011235955,2122,H,0.0,0.0
2022-03-05,Newcastle,Brighton,H,2,1,2,0,2.6,1.6,0.4,1.5120470000000001,0.7501825999999999,0.8,0.6,1.6,1.0673414,1.4232114,0.44470560000000003,0.0,0.34376153183812375,0.2954200664233876,0.3608184017384886,2122,A,0.0,0.0
2022-03-05,Norwich,Brentford,A,1,3,0,1,0.8,1.0,2.0,0.534601,2.644908,0.2,0.4,1.6,0.8629192,1.2949782,-0.3283182,1.0,0.323051271363068,0.30220925385577324,0.3747394747811589,2122,A,0.0,0.0
2022-03-05,Liverpool,West Ham,H,1,0,1,0,3.0,3.0,0.4,2.9337900000000006,0.8286422,1.6,1.0,0.8,0.8717192,1.0651132,2.0620708000000008,0.0,0.7367320790343247,0.1640029671589453,0.09926495380673005,2122,H,0.0,0.0
2022-03-05,Wolves,Crystal Palace,A,0,2,0,2,1.2,1.0,1.0,0.9971508,1.5946334,1.2,1.2,0.8,0.8413852,1.0741438000000003,0.15576559999999995,0.0,0.41349548842683403,0.3067869752844252,0.27971753628874063,2122,H,0.0,0.0
2022-03-06,Watford,Arsenal,A,2,3,1,2,0.8,0.4,1.4,0.9690636000000001,1.3938752,2.0,1.2,0.8,1.5353138000000002,0.9453236,-0.5662502,0.0,0.15818639798488665,0.23727959697732998,0.6045340050377834,2122,A,0.0,0.0
2022-03-06,Man City,Man United,H,4,1,2,1,2.0,2.0,0.8,2.4620020000000005,0.9186898000000001,1.8,1.6,0.8,2.519972,0.9787684000000001,-0.05796999999999963,1.0,0.6750355281856939,0.19895783988630977,0.1260066319279962,2122,H,0.0,0.0
2022-03-07,Tottenham,Everton,H,5,0,3,0,1.2,1.8,1.6,1.5490624,1.874474,0.6,0.8,1.4,1.1236692000000001,1.6905926,0.4253931999999998,0.0,0.5930489774315686,0.24502286699146386,0.1619281555769674,2122,H,0.0,0.0
2022-03-10,Norwich,Chelsea,A,1,3,0,2,0.2,0.6,2.6,0.5042266,2.827824,2.0,1.6,0.4,1.1278122,0.6902666,-0.6235856,0.0,0.08490890340323134,0.1966311447232726,0.718459951873496,2122,A,0.0,0.0
2022-03-10,Southampton,Newcastle,A,1,2,1,1,2.0,1.6,1.4,1.9113852000000002,1.6427014,2.6,1.8,0.6,1.596295,0.8541886000000002,0.3150902000000002,0.0,0.4751131221719458,0.2533936651583711,0.2714932126696833,2122,H,0.0,0.0
2022-03-10,Wolves,Watford,H,4,0,3,0,1.2,1.0,1.2,1.0110519999999998,1.8116574,0.8,0.8,1.8,1.1611748,1.4137606,-0.1501228000000001,1.0,0.5333333333333333,0.2592592592592593,0.2074074074074074,2122,H,0.0,0.0
2022-03-10,Leeds,Aston Villa,A,0,3,0,1,0.0,0.4,3.6,1.233711,2.6710558,1.4,1.8,1.0,1.4279392,1.3667596,-0.19422819999999996,0.0,0.3507014028056112,0.2705410821643286,0.3787575150300601,2122,A,0.0,0.0
2022-03-12,Brentford,Burnley,H,2,0,0,0,0.8,0.8,1.4,1.1585325999999998,1.406004,1.4,1.0,1.4,0.9048695999999999,1.251511,0.25366299999999986,0.0,0.4407039020657996,0.2960979342004591,0.26319816373374144,2122,H,0.0,0.0
2022-03-12,Man United,Tottenham,H,3,2,2,1,1.6,1.6,1.4,2.2255543999999996,1.3730921999999999,1.8,2.4,1.0,1.8490483999999998,1.5695406,0.3765059999999998,1.0,0.43029595015576316,0.27842679127725856,0.29127725856697817,2122,H,0.0,0.0
2022-03-12,Brighton,Liverpool,A,0,2,0,1,0.6,0.6,1.8,1.1578554,1.3973094,3.0,2.6,0.2,3.072126,0.7710701999999999,-1.9142705999999998,0.0,0.1566003616636528,0.21699819168173598,0.6264014466546112,2122,A,0.0,0.0
2022-03-13,Chelsea,Newcastle,H,1,0,0,0,2.6,2.2,0.4,1.4312208,0.7030706,2.6,1.6,0.6,1.2212776,1.0491372,0.20994319999999989,1.0,0.7321711568938194,0.18129952456418386,0.08652931854199684,2122,H,0.0,0.0
2022-03-13,Everton,Wolves,A,0,1,0,0,0.6,0.8,2.2,0.9176418,2.1671015999999996,1.2,1.4,1.2,0.947074,1.7437572,-0.02943220000000002,0.0,0.41395531164249316,0.2975303802430419,0.2885143081144649,2122,H,0.0,0.0
2022-03-13,Leeds,Norwich,H,2,1,1,0,0.0,0.4,3.6,1.223983,2.4085138,0.0,0.6,3.0,0.638089,3.0082180000000003,0.585894,1.0,0.6102722850464338,0.2252195337671363,0.16450818118642999,2122,H,0.0,0.0
2022-03-13,Southampton,Watford,A,1,2,1,2,1.4,1.2,1.4,1.9244692,1.4565759999999999,0.8,0.8,2.2,1.1543182,1.3629225999999999,0.770151,1.0,0.5932203389830508,0.22598870056497172,0.18079096045197737,2122,H,0.0,0.0
2022-03-13,West Ham,Aston Villa,H,2,1,0,0,1.6,1.0,0.8,1.0917717999999998,1.1511292000000002,1.8,1.8,0.4,1.3822592,0.8997372,-0.2904874000000002,1.0,0.42307692307692313,0.2884615384615385,0.2884615384615385,2122,H,0.0,0.0
2022-03-13,Arsenal,Leicester,H,2,0,1,0,2.6,1.6,0.8,1.568838,0.8152836000000001,1.4,1.2,1.2,1.1314146,1.4267689999999997,0.4374233999999999,1.0,0.631578947368421,0.21052631578947367,0.15789473684210525,2122,H,0.0,0.0
2022-03-14,Crystal Palace,Man City,D,0,0,0,0,1.6,1.4,0.6,1.1031372,1.1570346,2.4,2.6,0.8,2.685056,0.7906021999999999,-1.5819188,1.0,0.09506790564689065,0.1901358112937813,0.7147962830593281,2122,A,0.0,0.0
2022-03-16,Brighton,Tottenham,A,0,2,0,1,0.0,0.2,2.2,0.9228066,1.7873376,1.8,2.8,1.2,2.006157,1.3991086,-1.0833504,0.4453947368421053,0.28846153846153844,0.28846153846153844,0.423076923076923,2122,A,0.0,0.0
2022-03-16,Arsenal,Liverpool,A,0,2,0,0,3.0,2.0,0.8,1.885154,0.847313,3.0,2.6,0.2,3.0227559999999998,0.7879426,-1.1376019999999998,0.0,0.26902654867256637,0.23539823008849559,0.49557522123893805,2122,A,0.0,0.0
2022-03-17,Everton,Newcastle,H,1,0,0,0,0.6,0.6,1.8,0.8323740000000001,1.7720645999999998,2.0,1.4,0.8,1.1649708,1.17224,-0.3325968,0.0,0.3979853841595892,0.29389689907169664,0.3081177167687142,2122,H,0.0,0.0
2022-03-18,Wolves,Leeds,A,2,3,2,0,1.2,1.2,1.0,0.9949456,1.5131147999999999,0.6,0.4,3.0,1.4985410000000001,2.1668118,-0.5035954000000001,0.0,0.45092838196286467,0.2705570291777188,0.27851458885941643,2122,H,0.0,0.0
2022-03-19,Aston Villa,Arsenal,A,0,1,0,1,1.8,2.0,0.6,1.502,1.111159,2.4,1.8,1.2,1.7015129999999998,0.9744032,-0.19951299999999983,0.0,0.31654676258992803,0.2877697841726619,0.3956834532374101,2122,A,0.0,0.0
2022-03-20,Leicester,Brentford,H,2,1,2,0,1.4,1.2,1.2,1.1322458000000002,1.468105,1.4,1.2,1.0,1.4302755999999999,1.1745742,-0.2980297999999997,1.0,0.44155844155844154,0.2792207792207792,0.2792207792207792,2122,H,0.0,0.0
2022-03-20,Tottenham,West Ham,H,3,1,2,1,1.8,2.6,0.8,2.016079,1.1439046000000002,1.6,1.2,1.0,1.2276792,1.2948164,0.7883997999999999,0.0,0.5510440835266821,0.24941995359628769,0.19953596287703013,2122,H,0.0,0.0
2022-04-02,Liverpool,Watford,H,2,0,1,0,3.0,2.8,0.2,2.8866739999999997,0.6626335999999999,0.8,1.0,2.4,1.0489861999999999,1.4089746,1.8376877999999999,1.0,0.8447536353175019,0.09959200753216865,0.05565435715032954,2122,H,0.0,0.0
2022-04-02,Brighton,Norwich,D,0,0,0,0,0.0,0.2,2.2,0.8787906,1.6478575999999996,0.0,0.8,2.6,0.8470340000000001,2.7424220000000004,0.03175659999999991,0.0,0.6292134831460674,0.23595505617977527,0.1348314606741573,2122,H,0.0,0.0
2022-04-02,Man United,Leicester,D,1,1,0,0,2.0,2.0,1.6,1.8307603999999997,1.562363,1.8,1.2,1.0,1.1065897999999998,1.6640234,0.7241705999999999,0.0,0.631578947368421,0.21052631578947367,0.15789473684210525,2122,H,0.0,0.0
2022-04-02,Burnley,Man City,A,0,2,0,2,0.8,0.4,1.8,0.9056862000000001,1.526341,2.0,2.2,0.8,2.696606,0.7931416,-1.7909198,0.0,0.0632603406326034,0.14598540145985403,0.7907542579075426,2122,A,0.0,0.0
2022-04-02,Leeds,Southampton,D,1,1,1,0,1.2,1.0,2.2,2.0344376,1.3489018,1.2,1.2,1.6,2.040384,1.116932,-0.005946400000000018,0.0,0.4009915427238262,0.2534266550014582,0.34558180227471574,2122,H,0.0,0.0
2022-04-02,Wolves,Aston Villa,H,2,1,2,0,1.2,1.4,1.2,1.0212276,1.5753987999999999,1.8,2.0,0.6,1.358535,0.9761009999999999,-0.33730740000000003,1.0,0.3180446590223295,0.30778515389257693,0.3741701870850936,2122,A,0.0,0.0
2022-04-02,Chelsea,Brentford,A,1,4,0,0,3.0,2.2,0.2,1.530766,0.6027666,1.2,1.4,1.4,1.3800556,1.3307002,0.15071040000000013,1.0,0.7147962830593281,0.1901358112937813,0.09506790564689065,2122,H,0.0,0.0
2022-04-03,West Ham,Everton,H,2,1,1,0,1.4,1.0,1.2,1.2076584000000001,1.5230204,0.6,0.2,1.8,0.4570138,1.8751369999999998,0.7506446000000001,1.0,0.540711462450593,0.24901185770750991,0.21027667984189727,2122,H,0.0,0.0
2022-04-03,Tottenham,Newcastle,H,5,1,1,1,2.4,3.2,0.8,2.3873379999999997,0.9617454000000001,1.8,1.2,0.8,1.1300620000000001,1.1444122,1.2572759999999996,1.0,0.6340391980175715,0.2196440639783735,0.14631673800405498,2122,H,0.0,0.0
2022-04-04,Crystal Palace,Arsenal,H,3,0,2,0,1.6,1.4,0.6,1.0983336,1.1699246,2.4,1.6,1.0,1.6260629999999998,0.9081330000000001,-0.5277293999999999,0.0,0.2365322868355333,0.2782732786300392,0.48519443453442734,2122,A,0.0,0.0
2022-04-06,Burnley,Everton,H,3,2,1,2,0.2,0.2,2.2,0.6063586599999999,1.7120259999999998,0.6,0.4,1.8,0.548601,1.6287489999999998,0.05775765999999993,0.0,0.36257457698953477,0.30643399732663906,0.33099142568382617,2122,H,0.0,0.0
2022-04-08,Newcastle,Wolves,H,1,0,0,0,1.2,1.0,1.8,0.7869464,1.7671858,1.8,1.8,1.2,1.167126,1.6334288000000001,-0.38017960000000006,0.0,0.41883568448241604,0.3039936419630439,0.27717067355454006,2122,H,0.0,0.0
2022-04-09,Everton,Man United,H,1,0,1,0,0.6,0.8,2.2,0.8575852000000002,1.6907830000000001,1.6,1.8,1.8,1.4613137999999999,1.525281,-0.6037285999999997,0.0,0.20596312279325227,0.2526480972930561,0.5413887799136916,2122,A,0.0,0.0
2022-04-09,Arsenal,Brighton,A,1,2,0,1,1.8,1.2,1.4,1.3345390000000001,0.9656790000000001,0.2,0.2,1.6,1.2662106000000002,1.5824344,0.06832839999999996,0.0,0.5869632375656471,0.24868705591597154,0.1643497065183812,2122,H,0.0,0.0
2022-04-09,Southampton,Chelsea,A,0,6,0,4,0.8,1.0,1.8,1.9074560000000003,1.37838,2.4,2.0,1.0,1.5803699999999998,1.023847,0.32708600000000043,0.0,0.2497331910352187,0.263607257203842,0.4866595517609391,2122,A,0.0,0.0
2022-04-09,Watford,Leeds,A,0,3,0,1,0.8,0.8,2.0,0.8558136,1.692596,1.4,1.2,1.6,1.9567295999999998,1.2676258,-1.1009159999999998,0.0,0.35051546391752575,0.27835051546391754,0.3711340206185567,2122,A,0.0,0.0
2022-04-09,Aston Villa,Tottenham,A,0,4,0,1,1.2,1.8,1.0,1.480507,1.1749816,2.4,3.4,1.0,2.6149080000000002,0.6902378,-1.1344010000000002,0.0,0.29731830547998445,0.27982899339292655,0.42285270112708895,2122,A,0.0,0.0
2022-04-10,Leicester,Crystal Palace,H,2,1,2,0,2.0,1.2,0.8,1.0117698000000002,1.7498934,2.2,2.0,0.4,1.252943,1.1556446,-0.24117319999999975,0.0,0.39441147378832836,0.28325914935707225,0.32232937685459945,2122,H,0.0,0.0
2022-04-10,Brentford,West Ham,H,2,0,0,0,1.8,2.0,1.2,1.7387544,1.2842342,1.8,1.2,1.2,1.3373827999999999,1.4680748000000001,0.40137160000000005,1.0,0.3579175704989154,0.28416485900216926,0.3579175704989154,2122,H,0.0,0.0
2022-04-10,Man City,Liverpool,D,2,2,2,1,2.0,1.8,0.8,2.131316,0.7336150599999999,3.0,2.6,0.0,2.703078,0.679345,-0.5717620000000001,0.0,0.4751131221719458,0.2533936651583711,0.2714932126696833,2122,H,0.0,0.0
2022-04-10,Norwich,Burnley,H,2,0,1,0,0.2,0.6,2.0,0.8119064000000001,2.588118,0.6,0.6,2.4,1.00403906,1.967644,-0.19213265999999984,0.0,0.33086670045615807,0.2967460719716168,0.37238722757222503,2122,A,0.0,0.0
2022-04-16,Tottenham,Brighton,A,0,1,0,0,2.4,3.2,1.0,2.1630702,0.9460092,0.8,0.6,1.4,1.2600104,1.7922003999999998,0.9030597999999999,1.0,0.6180910495661476,0.23641982645905146,0.1454891239748009,2122,H,0.0,0.0
2022-04-16,Man United,Norwich,H,3,2,2,1,1.0,1.0,1.6,1.0917872,1.2477879999999997,0.8,1.0,1.6,1.061391,2.259696,0.030396199999999984,1.0,0.759124087591241,0.14598540145985403,0.09489051094890512,2122,H,0.0,0.0
2022-04-16,Southampton,Arsenal,H,1,0,1,0,0.2,0.6,3.0,1.4026752000000002,2.1727705999999998,1.2,0.8,1.4,1.603931,0.8256942,-0.20125579999999976,0.0,0.2497331910352187,0.263607257203842,0.4866595517609391,2122,A,0.0,0.0
2022-04-16,Watford,Brentford,A,1,2,0,1,0.6,0.8,2.6,0.9832205999999999,1.3888044000000002,2.4,2.4,0.8,2.010976,0.8824530000000002,-1.0277554,0.0,0.3475836431226766,0.2843866171003718,0.36802973977695175,2122,A,0.0,0.0
2022-04-17,Newcastle,Leicester,H,2,1,1,1,1.2,0.8,1.6,0.7586464,1.4985692,2.0,1.2,1.0,0.8285007999999999,1.8469994,-0.06985439999999987,0.0,0.43220338983050843,0.2796610169491525,0.288135593220339,2122,H,0.0,0.0
2022-04-17,West Ham,Burnley,D,1,1,0,1,1.2,1.0,1.6,1.0618656000000002,1.6607392,0.6,0.6,2.4,1.0849150600000002,1.9429879999999997,-0.023049459999999966,0.0,0.5594817432273262,0.2502944640753828,0.19022379269729095,2122,H,0.0,0.0
2022-04-19,Liverpool,Man United,H,4,0,2,0,2.6,1.8,0.4,1.8969840000000002,0.9203296,1.4,1.6,2.0,0.9423472,1.5198589999999998,0.9546368000000002,1.0,0.6756756756756757,0.1891891891891892,0.13513513513513511,2122,H,0.0,0.0
2022-04-20,Man City,Brighton,H,3,0,0,0,2.2,1.8,0.6,1.9370640000000001,0.59311106,1.4,0.6,1.0,1.0722513999999999,1.5933924000000002,0.8648126000000003,1.0,0.8104058839553255,0.13429583219831107,0.05529828384636338,2122,H,0.0,0.0
2022-04-20,Newcastle,Crystal Palace,H,1,0,1,0,1.2,0.8,1.6,1.1047878,1.2471159999999997,1.6,1.4,0.6,1.3947964,0.9876576,-0.29000859999999995,0.0,0.4247957712638154,0.2811148486304661,0.2940893801057184,2122,H,0.0,0.0
2022-04-20,Everton,Leicester,D,1,1,0,1,1.2,1.0,1.2,0.8873916,1.1946964,1.4,1.2,1.4,0.8648918,1.9268094000000002,0.02249979999999996,0.4453947368421053,0.4247957712638154,0.2811148486304661,0.2940893801057184,2122,H,0.0,0.0
2022-04-20,Chelsea,Arsenal,A,2,4,2,2,2.4,3.0,1.0,2.235058,1.0119875999999999,0.6,0.4,1.6,1.286605,0.9238861999999999,0.948453,1.0,0.517875474669351,0.2632533662902535,0.2188711590403955,2122,H,0.0,0.0
2022-04-21,Burnley,Southampton,H,2,0,2,0,0.8,0.8,1.8,1.2913426600000002,2.043978,0.8,0.8,2.2,1.3447952,1.8720165999999998,-0.05345253999999988,0.0,0.3453310351819934,0.2922031836155328,0.3624657812024739,2122,A,0.0,0.0
2022-04-23,Man City,Watford,H,5,1,3,1,2.2,2.2,0.6,1.855908,0.46241805999999996,0.6,0.6,2.4,1.0247766,1.6128044,0.8311313999999999,1.0,0.8678237650200267,0.09546061415220294,0.036715620827770364,2122,H,0.0,0.0
2022-04-23,Norwich,Newcastle,A,0,3,0,2,0.8,1.2,1.6,1.2662309999999999,2.149042,1.8,1.0,1.4,1.2091514,1.1195296,0.057079599999999786,0.0,0.2711119602598395,0.28754298815437523,0.44134505158578524,2122,A,0.0,0.0
2022-04-23,Arsenal,Man United,H,3,1,2,1,1.2,1.2,1.6,1.554414,0.7872844000000001,1.4,1.4,2.0,0.8920362000000001,1.422925,0.6623777999999999,0.0,0.4605263157894737,0.2697368421052631,0.2697368421052631,2122,H,0.0,0.0
2022-04-23,Leicester,Aston Villa,D,0,0,0,0,1.6,1.4,1.2,0.9123364,1.6771174000000002,0.6,1.0,1.8,1.207173,1.1058078,-0.2948366,0.0,0.33972821742605913,0.2797761790567546,0.38049560351718625,2122,A,0.0,0.0
2022-04-23,Brentford,Tottenham,D,0,0,0,0,2.4,2.2,0.8,1.991762,1.028547,2.4,2.8,0.6,1.9555702,0.8846202,0.03619180000000011,0.0,0.21845110575057775,0.2702552251142862,0.511293669135136,2122,A,0.0,0.0
2022-04-24,Burnley,Wolves,H,1,0,0,0,1.4,1.2,1.4,1.5557664599999999,1.943648,1.8,1.8,1.0,1.0863264000000001,1.4136668000000001,0.4694400599999997,0.0,0.35201766221022934,0.3168158959892064,0.33116644180056415,2122,H,0.0,0.0
2022-04-24,Brighton,Southampton,D,2,2,2,1,1.4,0.6,1.2,0.9698589999999998,1.4024563999999997,0.8,0.6,2.2,1.2487991999999999,2.139056,-0.2789402000000001,0.0,0.4543429844097996,0.28062360801781744,0.26503340757238314,2122,H,0.0,0.0
2022-04-24,Liverpool,Everton,H,2,0,0,0,2.6,2.4,0.4,1.9111879999999999,0.674717,1.4,1.2,1.2,1.1455760000000001,1.209536,0.7656119999999997,1.0,0.8017715332926084,0.13515577275503968,0.06307269395235185,2122,H,0.0,0.0
2022-04-24,Chelsea,West Ham,H,1,0,0,0,1.8,2.6,1.8,1.8964582,1.2168032,1.4,1.2,1.6,1.3525576,1.5992832,0.5439006000000002,0.0,0.6340391980175715,0.2196440639783735,0.14631673800405498,2122,H,0.0,0.0
2022-04-25,Crystal Palace,Leeds,D,0,0,0,0,1.4,1.2,0.6,1.273824,1.090031,2.0,1.8,1.4,1.707074,1.4106440000000002,-0.4332499999999999,0.0,0.4605263157894737,0.2697368421052631,0.2697368421052631,2122,H,0.0,0.0
2022-04-28,Man United,Chelsea,D,1,1,0,0,0.8,1.0,2.2,1.0969042,1.606523,1.8,2.2,1.6,1.9402161999999996,1.1014536,-0.8433119999999996,0.0,0.29731830547998445,0.27982899339292655,0.42285270112708895,2122,A,0.0,0.0
2022-04-30,Newcastle,Liverpool,A,0,1,0,1,2.4,1.6,1.2,1.4326614000000002,1.1093,2.6,2.4,0.4,1.755358,0.633846,-0.3226965999999998,0.0,0.11173184357541902,0.18994413407821234,0.6983240223463688,2122,A,0.0,0.0
2022-04-30,Aston Villa,Norwich,H,2,0,1,0,0.2,0.4,1.8,1.0712334,1.1141292,0.8,1.0,1.6,1.2046186,2.0979979999999996,-0.1333852000000002,1.0,0.6818181818181818,0.2121212121212121,0.10606060606060605,2122,H,0.0,0.0
2022-04-30,Southampton,Crystal Palace,A,1,2,1,0,1.0,0.8,2.2,1.18276,2.254972,1.0,0.8,0.6,1.0896180000000002,1.0226668,0.09314199999999984,0.0,0.3997655334114889,0.2907385697538101,0.3094958968347011,2122,H,0.0,0.0
2022-04-30,Watford,Burnley,A,1,2,1,0,0.6,0.8,2.6,1.0103014,2.0387304,2.0,1.4,1.0,1.798538,1.7382124,-0.7882366000000001,0.0,0.3658536585365854,0.2882483370288249,0.34589800443458985,2122,H,0.0,0.0
2022-04-30,Wolves,Brighton,A,0,3,0,1,1.2,1.0,1.2,0.8948328,1.5685236,1.6,1.0,1.2,1.136203,1.1774172,-0.2413702000000001,1.0,0.3539111200482606,0.2986125075407199,0.34747637241101953,2122,H,0.0,0.0
2022-04-30,Leeds,Man City,A,0,4,0,1,2.2,1.8,0.8,1.7430772,1.4793759999999998,2.2,2.4,0.6,2.04304,0.4753256599999999,-0.29996279999999986,0.0,0.11166785969935578,0.15819613457408735,0.730136005726557,2122,A,0.0,0.0
2022-05-01,Everton,Chelsea,H,1,0,0,0,0.8,1.0,1.6,1.0888064,1.398724,1.4,2.2,1.8,2.2198082,1.1759374,-1.1310018000000002,0.0,0.19062027231467474,0.264750378214826,0.5446293494704992,2122,A,0.0,0.0
2022-05-01,Tottenham,Leicester,H,3,1,1,0,2.0,2.4,0.6,1.6487292,0.9393381999999999,1.2,1.0,1.0,0.7037334,1.4508258,0.9449958,1.0,0.6627466613514053,0.20091688259916285,0.13633645604943193,2122,H,0.0,0.0
2022-05-01,West Ham,Arsenal,A,1,2,1,1,0.8,0.8,1.6,1.1134166,1.8584192000000002,1.2,1.6,1.8,1.8337160000000001,1.1338974,-0.7202994,0.0,0.22002058672156458,0.2507076685537828,0.5292717447246527,2122,A,0.0,0.0
2022-05-02,Man United,Brentford,H,3,0,1,0,0.8,1.0,2.2,1.04017,1.8849829999999996,2.0,1.8,0.8,1.890818,0.9670358,-0.8506480000000001,1.0,0.5518087063151441,0.23727774371551194,0.21091354996934394,2122,H,0.0,0.0
2022-05-07,Brentford,Southampton,H,3,0,2,0,2.0,1.6,1.0,1.6821709999999999,1.0795278,0.8,0.8,2.4,0.9000372000000001,2.1047854,0.7821337999999998,0.0,0.44134505158578524,0.2711119602598395,0.28754298815437523,2122,H,0.0,0.0
2022-05-07,Burnley,Aston Villa,A,1,3,0,2,2.0,1.2,0.8,1.623704,1.4322128,0.8,0.6,1.4,1.3228354,0.8676356000000001,0.30086860000000004,0.4453947368421053,0.31654676258992803,0.2877697841726619,0.3956834532374101,2122,A,0.0,0.0
2022-05-07,Chelsea,Wolves,D,2,2,0,0,1.4,2.0,1.2,2.2040622,0.9125173999999999,0.6,0.8,1.8,0.8575882,2.0704279999999997,1.3464740000000002,0.0,0.7112375533428166,0.18918918918918923,0.09957325746799432,2122,H,0.0,0.0
2022-05-07,Crystal Palace,Watford,H,1,0,1,0,1.4,1.2,0.8,1.146061,0.7446759999999999,0.0,0.6,2.8,0.9086798,2.0613824,0.23738119999999996,1.0,0.5738880918220947,0.23672883787661403,0.18938307030129126,2122,H,0.0,0.0
2022-05-07,Brighton,Man United,H,4,0,1,0,2.0,1.6,1.2,1.240967,1.1837772000000002,1.4,1.6,2.0,1.2559206,1.9498089999999997,-0.014953600000000122,0.0,0.33980582524271846,0.27184466019417475,0.3883495145631068,2122,A,0.0,0.0
2022-05-07,Liverpool,Tottenham,D,1,1,0,0,2.6,2.2,0.4,2.046866,0.5500636,2.0,2.4,0.6,1.4698152,0.8651719999999999,0.5770508000000001,0.0,0.6756756756756757,0.1891891891891892,0.13513513513513511,2122,H,0.0,0.0
2022-05-08,Norwich,West Ham,A,0,4,0,3,0.8,0.8,1.6,0.9947649999999999,1.936872,0.8,0.8,1.4,1.0748190000000002,1.541742,-0.08005400000000029,0.0,0.2102766798418972,0.24901185770750986,0.5407114624505929,2122,A,0.0,0.0
2022-05-08,Leicester,Everton,A,1,2,1,2,1.0,1.0,1.4,0.543284,1.6010764000000002,1.4,1.0,1.2,1.1806611999999999,1.3416919999999999,-0.6373771999999999,0.0,0.3658536585365854,0.2882483370288249,0.34589800443458985,2122,H,0.0,0.0
2022-05-08,Man City,Newcastle,H,5,0,2,0,2.6,3.2,0.6,2.23786,0.5877412599999999,2.4,1.4,0.4,1.3481016000000001,0.9345500000000001,0.8897583999999998,1.0,0.8104058839553255,0.13429583219831107,0.05529828384636338,2122,H,0.0,0.0
2022-05-08,Arsenal,Leeds,H,2,1,2,0,1.8,2.0,1.4,1.8162308,0.9448786,1.6,1.4,1.4,1.3267832,1.801942,0.4894476000000001,1.0,0.6538661131292164,0.21069019200830302,0.13544369486248053,2122,H,0.0,0.0
2022-05-10,Aston Villa,Liverpool,A,1,2,1,1,1.4,1.2,1.4,1.6234724,0.9006475999999999,2.2,2.0,0.6,1.8091840000000001,0.5959292,-0.1857116000000001,0.0,0.12600663192799622,0.19895783988630983,0.6750355281856941,2122,A,0.0,0.0
2022-05-11,Leeds,Chelsea,A,0,3,0,1,1.0,1.0,1.4,0.9019342,2.098332,1.0,1.2,1.6,1.6888922000000002,1.1364122,-0.7869580000000002,0.0,0.19961114711600778,0.22575070209548498,0.5746381507885073,2122,A,0.0,0.0
2022-05-11,Leicester,Norwich,H,3,0,0,0,0.4,0.8,1.6,0.6623950000000001,1.6068124000000001,0.6,0.8,2.4,1.0517325999999998,2.112066,-0.38933759999999973,1.0,0.6627466613514053,0.20091688259916285,0.13633645604943193,2122,H,0.0,0.0
2022-05-11,Watford,Everton,D,0,0,0,0,0.0,0.6,2.6,0.8090930000000001,2.1123643999999997,2.0,1.0,0.8,1.0287832,1.187772,-0.21969019999999984,1.0,0.2241273729332517,0.2614819350887937,0.5143906919779547,2122,A,0.0,0.0
2022-05-11,Wolves,Man City,A,1,5,1,3,0.8,0.8,1.6,0.9462781999999998,1.8704180000000001,2.6,3.8,0.6,2.7250699999999997,0.7749366,-1.7787917999999998,0.0,0.08595988538681948,0.15759312320916904,0.7564469914040115,2122,A,0.0,0.0
2022-05-12,Tottenham,Arsenal,H,3,0,2,0,1.6,1.6,0.6,0.9447222,0.9671615999999998,2.4,2.2,1.2,1.8904648000000002,0.9650144,-0.9457426000000002,0.0,0.4689593568557392,0.25636444841447076,0.27467619472979005,2122,H,0.0,0.0
2022-05-15,Tottenham,Burnley,H,1,0,1,0,1.6,1.4,0.6,1.4330459999999998,0.7472268000000001,2.0,1.4,1.0,1.596456,1.4602648000000003,-0.16341000000000028,0.0,0.7137192704203014,0.18080888183980967,0.10547184773988898,2122,H,0.0,0.0
2022-05-15,Aston Villa,Crystal Palace,D,1,1,0,0,1.4,1.2,1.4,1.5304124,0.9271796,1.4,0.8,0.8,1.364931,0.5853526,0.1654814,1.0,0.4751131221719457,0.27149321266968324,0.25339366515837103,2122,H,0.0,0.0
2022-05-15,Leeds,Brighton,D,1,1,0,1,0.8,0.8,1.8,0.7004619999999999,1.979264,2.0,2.0,1.0,1.6870178000000002,0.8996141999999999,-0.9865558000000003,0.0,0.36382536382536385,0.27234927234927236,0.36382536382536385,2122,H,0.0,0.0
2022-05-15,Watford,Leicester,A,1,5,1,2,0.2,0.6,2.0,0.6406962,2.0956806,1.0,1.2,1.2,1.0682942,1.3421564000000001,-0.4275979999999999,0.0,0.24786635191574355,0.2691120392228073,0.483021608861449,2122,A,0.0,0.0
2022-05-15,West Ham,Man City,D,2,2,2,0,0.8,1.2,1.2,1.427293,1.5659627999999999,3.0,4.4,0.4,3.134384,0.597342,-1.707091,0.0,0.12727272727272726,0.19090909090909092,0.6818181818181818,2122,A,0.0,0.0
2022-05-15,Wolves,Norwich,D,1,1,0,1,0.2,0.6,2.4,0.7043476,2.1665140000000003,0.0,0.4,3.0,0.9612046,2.336878,-0.256857,0.0,0.6543046357615894,0.1997350993377483,0.14596026490066225,2122,H,0.0,0.0
2022-05-15,Everton,Brentford,A,2,3,2,1,1.6,0.8,0.8,1.1197628,1.0817478,2.0,1.4,0.8,1.9317730000000002,1.0192146000000002,-0.8120102000000002,0.0,0.46400294605045106,0.2642238998342846,0.27177315411526415,2122,H,0.0,0.0
2022-05-16,Newcastle,Arsenal,H,2,0,0,0,1.8,1.2,1.4,1.2593653999999999,1.6844025999999999,2.4,2.2,1.6,1.69795,1.4420444,-0.4385846000000002,0.0,0.2188711590403955,0.2632533662902535,0.517875474669351,2122,A,0.0,0.0
2022-05-17,Southampton,Liverpool,A,1,2,1,1,0.8,0.8,1.8,0.9848068,1.9618654,2.6,2.0,0.4,1.9000519999999999,0.6160872000000001,-0.9152451999999999,0.0,0.12495729415784079,0.17039631021523746,0.7046463956269218,2122,A,0.0,0.0
2022-05-19,Chelsea,Leicester,D,1,1,1,1,1.6,1.4,0.8,1.8638379999999999,0.8617079999999999,1.4,2.0,1.2,1.3656216,1.5224544000000002,0.4982163999999998,1.0,0.6803939122649956,0.20053715308863027,0.11906893464637423,2122,H,0.0,0.0
2022-05-19,Everton,Crystal Palace,H,3,2,0,2,1.4,1.0,1.2,1.3213028,1.2877332,1.6,0.8,0.6,1.337415,0.5693942,-0.01611220000000002,0.0,0.5005950559352579,0.2797442959638206,0.21966064810092148,2122,H,0.0,0.0
2022-05-19,Aston Villa,Burnley,D,1,1,0,1,1.6,1.4,0.8,1.392877,1.0084773999999999,1.8,1.2,1.0,1.3461596,1.3808128,0.04671739999999991,1.0,0.46400294605045106,0.27177315411526415,0.2642238998342846,2122,H,0.0,0.0
2022-05-22,Chelsea,Watford,H,2,1,1,0,1.2,1.4,1.0,1.717912,0.7922724399999999,0.2,0.6,2.6,0.8578702,2.1253606000000005,0.8600418000000001,1.0,0.8090614886731391,0.12729234088457386,0.06364617044228693,2122,H,0.0,0.0
2022-05-22,Brentford,Leeds,A,1,2,0,0,2.0,1.6,1.2,1.9239570000000001,1.5094277999999999,0.4,0.4,2.0,0.9659036000000001,2.216216,0.9580534,0.0,0.3876192330153786,0.2499124002335994,0.362468366751022,2122,H,0.0,0.0
2022-05-22,Brighton,West Ham,H,3,1,0,1,1.6,2.0,1.2,1.9965828,1.2269302,1.0,1.6,1.2,1.5800882,1.6243408,0.41649460000000005,0.0,0.40090054506675094,0.2714669405166285,0.32763251441662067,2122,H,0.0,0.0
2022-05-22,Burnley,Newcastle,A,1,2,0,1,1.4,1.0,1.2,1.2429076000000001,1.3164194,1.8,1.2,1.2,1.0873754,1.6746766000000002,0.15553220000000012,0.0,0.42285270112708895,0.27982899339292655,0.29731830547998445,2122,H,0.0,0.0
2022-05-22,Arsenal,Everton,H,5,1,2,1,1.8,1.4,1.6,1.4217788,1.6598822000000002,2.0,1.6,1.2,1.3989420000000001,1.2673992000000003,0.02283679999999988,0.0,0.6956875508543532,0.19918633034987795,0.10512611879576893,2122,H,0.0,0.0
2022-05-22,Crystal Palace,Man United,H,1,0,1,0,1.6,1.2,1.0,1.5713174000000003,0.5784545999999999,0.8,1.0,2.4,1.1085896,2.1555729999999995,0.46272780000000036,0.0,0.3157894736842105,0.2631578947368421,0.42105263157894735,2122,A,0.0,0.0
2022-05-22,Man City,Aston Villa,H,3,2,0,1,2.6,4.2,0.8,3.2581420000000003,0.7756312,1.6,1.6,1.0,1.4735172,1.2875843999999999,1.7846248000000002,1.0,0.8242424242424243,0.11951515151515152,0.05624242424242425,2122,H,0.0,0.0
2022-05-22,Liverpool,Wolves,H,3,1,1,1,2.6,1.6,0.6,1.686474,0.6183430000000001,0.4,0.8,2.4,0.8427874,2.1851819999999997,0.8436866000000001,1.0,0.8263659342796034,0.11083025471514679,0.06280381100524984,2122,H,0.0,0.0
2022-05-22,Leicester,Southampton,H,4,1,0,0,1.4,2.2,1.4,1.3268540400000002,1.727806,0.2,0.8,2.2,0.801094,1.9302174,0.5257600400000002,0.0,0.5129935875801552,0.2372595342558218,0.24974687816402294,2122,H,0.0,0.0
2022-05-22,Norwich,Tottenham,A,0,5,0,2,0.2,0.2,2.6,0.9081206,2.2032172,2.2,1.6,0.4,1.794696,0.7309734000000001,-0.8865754000000001,0.0,0.09938837920489296,0.1452599388379205,0.7553516819571866,2122,A,0.0,0.0
2022-08-05,Crystal Palace,Arsenal,A,0,2,0,1,2.0,1.4,1.0,1.318929,0.6600467999999999,1.8,1.8,1.6,1.7846268000000003,1.4685962,-0.4656978000000003,0.5,0.2253807106598985,0.2629441624365483,0.5116751269035533,2223,A,0.0,0.0
2022-08-06,Leeds,Wolves,H,2,1,1,1,0.8,0.8,2.2,1.1866667999999998,2.0619009999999998,0.4,1.0,2.8,0.9476230000000001,2.5693559999999995,0.2390437999999997,0.5,0.42285270112708895,0.27982899339292655,0.29731830547998445,2223,H,0.0,0.0
2022-08-06,Tottenham,Southampton,H,4,1,2,1,2.6,2.6,0.4,2.4541449999999996,0.5300711999999999,0.2,1.0,2.6,0.747702,2.1848474,1.7064429999999997,0.0,0.7151598592626587,0.17293865687624294,0.11190148386109836,2223,H,0.0,0.0
2022-08-06,Everton,Chelsea,A,0,1,0,1,1.4,1.6,2.2,1.39272,1.8963112000000002,1.6,1.6,1.0,1.7426380000000001,0.7837322399999999,-0.3499180000000002,0.5,0.17267730258747824,0.23743129105778257,0.5898914063547392,2223,A,0.0,0.0
2022-08-07,Leicester,Brentford,D,2,2,1,0,2.0,2.8,1.0,1.9561434400000004,1.607412,1.4,1.4,1.4,1.66804,1.5042377999999998,0.28810344000000043,1.0,0.4751131221719458,0.2533936651583711,0.2714932126696833,2223,H,0.0,0.0
2022-08-07,Man United,Brighton,A,1,2,0,2,0.8,1.0,1.8,1.2429451999999999,1.7745626,2.2,2.6,0.8,2.30866,0.9750112,-1.0657148000000003,0.5,0.5932203389830508,0.22598870056497172,0.18079096045197737,2223,H,0.0,0.0
2022-08-07,West Ham,Man City,A,0,2,0,1,0.8,1.6,1.6,1.0755071999999999,1.5836148,2.6,3.8,1.0,3.186322,0.7399354,-2.1108148,0.0,0.11789181692094314,0.18862690707350901,0.6934812760055478,2223,A,0.0,0.0
2022-08-13,Man City,Bournemouth,H,4,0,3,0,2.6,3.4,1.0,3.100938,0.5819570000000001,3.0,2.0,0.0,0.588341,0.488895,2.5125970000000004,0.4453947368421053,0.8943822357183525,0.07292655152780414,0.032691212753843235,2223,H,0.0,0.0
2022-08-13,Arsenal,Leicester,H,4,2,2,0,1.8,1.8,1.4,1.8789159999999998,1.619475,2.2,3.0,1.0,1.7523244400000002,1.4823553999999999,0.1265915599999996,1.0,0.6174990513369328,0.21819250543776147,0.1643084432253056,2223,H,0.0,0.0
2022-08-13,Brighton,Newcastle,D,0,0,0,0,2.6,2.6,0.6,2.2797539999999996,1.0738644000000002,1.8,1.2,1.4,1.2790903999999998,1.8020798,1.0006635999999998,0.0,0.3872529245663574,0.2964905203711174,0.3162565550625252,2223,H,0.0,0.0
2022-08-13,Brentford,Man United,H,4,0,4,0,1.4,1.8,1.8,1.5911933999999999,1.4918258,0.8,1.0,1.6,1.1186631999999999,1.6119966000000001,0.4725302,0.0,0.25339366515837103,0.27149321266968324,0.4751131221719457,2223,A,0.0,0.0
2022-08-13,Southampton,Leeds,D,2,2,0,0,0.0,0.8,3.0,0.6396584000000001,2.1336014,1.4,1.2,1.6,1.1572848,1.6792770000000001,-0.5176263999999999,0.5,0.42217898832684825,0.2714007782101167,0.306420233463035,2223,H,0.0,0.0
2022-08-13,Wolves,Fulham,D,0,0,0,0,0.4,1.2,2.6,1.0626786000000001,2.165832,1.0,2.0,2.0,1.26822,2.34111,-0.20554139999999976,0.4453947368421053,0.41395531164249316,0.2885143081144649,0.2975303802430419,2223,H,0.0,0.0
2022-08-13,Aston Villa,Everton,H,2,1,1,0,0.4,1.0,1.8,0.7959684,1.7369341999999999,0.8,1.2,2.2,1.1898466,1.9859832000000002,-0.39387820000000007,1.0,0.5281969817315331,0.27164416203335984,0.20015885623510724,2223,H,0.0,0.0
2022-08-14,Nott'm Forest,West Ham,H,1,0,1,0,0.0,0.0,2.0,0.235825,1.8591,0.8,1.6,1.8,1.0469498,1.6311748000000001,-0.8111248,0.4453947368421053,0.2253807106598985,0.2629441624365483,0.5116751269035533,2223,A,0.0,0.0
2022-08-14,Chelsea,Tottenham,D,2,2,1,0,2.2,1.8,0.8,1.884986,0.66870484,2.6,2.8,0.4,2.446909,0.5525537999999999,-0.5619229999999997,1.0,0.42285270112708895,0.27982899339292655,0.29731830547998445,2223,H,0.0,0.0
2022-08-15,Liverpool,Crystal Palace,D,1,1,0,1,2.2,2.0,1.2,1.905802,0.9873402,1.4,1.0,1.2,1.4089596,0.8171976000000001,0.4968424,1.0,0.8009195743260781,0.14001260706737362,0.05906781860654825,2223,H,0.0,0.0
2022-08-20,Everton,Nott'm Forest,D,1,1,0,0,0.6,1.4,2.6,1.302422,2.472928,1.5,0.5,1.0,1.1037625,1.9727199999999998,0.1986595,0.4453947368421053,0.49930651872399445,0.2635228848821082,0.23717059639389737,2223,H,0.0,0.0
2022-08-20,Crystal Palace,Aston Villa,H,3,1,1,1,1.0,1.0,1.4,1.2396116000000001,1.2133150000000001,1.0,1.2,1.6,1.0399084,1.6611142,0.19970320000000008,0.0,0.3800403225806452,0.2923387096774194,0.3276209677419355,2223,H,0.0,0.0
2022-08-20,Tottenham,Wolves,H,1,0,0,0,2.6,3.0,0.6,2.5677980000000002,0.7108238,0.4,0.8,2.2,0.9209135999999999,2.019262,1.6468844000000002,0.5,0.6750355281856939,0.19895783988630977,0.1260066319279962,2223,H,0.0,0.0
2022-08-20,Leicester,Southampton,A,1,2,0,0,1.6,2.8,1.8,1.37634424,1.8405634,0.2,1.0,3.0,0.7914192,2.381746,0.5849250400000001,0.5,0.5221932114882506,0.23890339425587467,0.23890339425587467,2223,H,0.0,0.0
2022-08-20,Fulham,Brentford,H,3,2,2,1,1.0,1.0,1.0,1.178175,1.6582425,2.0,2.6,1.2,1.7324784000000002,1.3028114,-0.5543034000000002,0.4453947368421053,0.3898003558015417,0.2808855505040522,0.329314093694406,2223,H,0.0,0.0
2022-08-20,Bournemouth,Arsenal,A,0,3,0,2,1.5,1.0,2.0,0.3561435,1.0897675,1.8,2.2,1.6,1.936516,1.6182537999999997,-1.5803725,0.4453947368421053,0.11906893464637423,0.20053715308863027,0.6803939122649956,2223,A,0.0,0.0
2022-08-21,Leeds,Chelsea,H,3,0,2,0,1.6,1.4,1.6,1.4173158000000001,1.416549,2.2,1.8,0.8,1.8886799999999997,0.64928084,-0.47136419999999957,0.0,0.16567406605305904,0.21169463995668653,0.6226312939902545,2223,A,0.0,0.0
2022-08-21,West Ham,Brighton,A,0,2,0,1,0.8,1.4,1.6,1.3738226,1.832602,2.2,2.0,0.6,2.020066,1.0054724,-0.6462433999999999,0.0,0.41349548842683415,0.2797175362887407,0.3067869752844253,2223,H,0.0,0.0
2022-08-21,Newcastle,Man City,D,3,3,2,1,2.0,1.2,1.2,1.2928102,1.5768798,2.6,3.2,1.0,2.62784,0.40772639999999993,-1.3350298,0.0,0.12477064220183487,0.1871559633027523,0.6880733944954128,2223,A,0.0,0.0
2022-08-22,Man United,Liverpool,H,2,1,1,0,0.6,0.8,2.2,1.1741796,1.3958306,2.2,2.0,1.2,2.143374,1.1197492,-0.9691944000000001,0.0,0.18202598494502173,0.22070125195412565,0.5972727631008525,2223,A,0.0,0.0
2022-08-27,Chelsea,Leicester,H,2,1,0,0,1.6,1.2,1.4,1.7334724000000001,0.99126504,1.0,2.0,2.0,0.9703398400000001,1.5709374,0.7631325600000001,0.5,0.6756756756756757,0.1891891891891892,0.13513513513513511,2223,H,0.0,0.0
2022-08-27,Southampton,Man United,A,0,1,0,0,0.8,1.4,2.6,0.8420144,1.6938896000000003,0.6,0.6,2.4,1.2094856,1.5641476,-0.3674712,0.0,0.22813688212927755,0.23954372623574144,0.532319391634981,2223,A,0.0,0.0
2022-08-27,Brentford,Everton,D,1,1,0,1,1.4,2.4,1.8,1.3147364,1.6849646,0.8,1.2,2.2,1.05006,2.293339,0.2646763999999999,1.0,0.4751131221719457,0.27149321266968324,0.25339366515837103,2223,H,0.0,0.0
2022-08-27,Liverpool,Bournemouth,H,9,0,5,0,1.6,1.8,1.4,2.097142,1.2338252,1.0,0.6666666666666666,2.3333333333333335,0.307874,1.2967816666666667,1.7892679999999999,0.4453947368421053,0.8678237650200267,0.09546061415220294,0.036715620827770364,2223,H,0.0,0.0
2022-08-27,Man City,Crystal Palace,H,4,2,0,2,2.2,2.8,1.4,2.6839960000000005,0.767895,1.4,1.4,1.4,1.5438676,1.2141920000000002,1.1401284000000005,0.0,0.8012162051113485,0.12605801627085214,0.07272577861779932,2223,H,0.0,0.0
2022-08-27,Arsenal,Fulham,H,2,1,0,0,2.4,2.8,1.0,2.2011888,0.9754768,1.6666666666666667,1.6666666666666667,1.3333333333333333,1.7518966666666664,1.6366683333333334,0.44929213333333373,0.4453947368421053,0.7296439901304195,0.16496298907296442,0.10539302079661615,2223,H,0.0,0.0
2022-08-27,Brighton,Leeds,H,1,0,0,0,2.2,1.6,0.6,1.820084,0.9730561999999999,2.2,2.0,1.0,1.7593,1.2613413999999998,0.06078399999999995,0.0,0.5,0.25,0.25,2223,H,0.0,0.0
2022-08-28,Wolves,Newcastle,D,1,1,1,0,0.4,0.6,1.4,0.9757668,1.63387,2.2,1.8,0.8,1.5363304,1.5004178,-0.5605635999999999,0.5,0.3548387096774194,0.2903225806451613,0.3548387096774194,2223,H,0.0,0.0
2022-08-28,Nott'm Forest,Tottenham,A,0,2,0,1,1.3333333333333333,0.6666666666666666,1.0,1.0419466666666668,1.793173333333333,2.6,2.6,0.6,2.17597,0.7705592000000001,-1.1340233333333332,0.4453947368421053,0.1354490430230656,0.20611810894814334,0.6584328480287911,2223,A,0.0,0.0
2022-08-28,Aston Villa,West Ham,A,0,1,0,0,0.8,1.2,2.0,1.0407854,1.9653702,0.2,0.6,2.0,0.8757614,2.042102,0.16502400000000006,0.0,0.41349548842683415,0.2797175362887407,0.3067869752844253,2223,H,0.0,0.0
2022-08-30,Crystal Palace,Brentford,D,1,1,0,0,1.4,1.4,1.6,1.2418027999999999,1.5286206,1.0,2.0,1.6,1.4082664,1.4767166,-0.16646360000000016,0.0,0.4603234298608499,0.27754795035727714,0.26212861978187285,2223,H,0.0,0.0
2022-08-30,Fulham,Brighton,H,2,1,0,0,1.25,1.5,1.5,1.54542425,1.8460687500000001,2.6,1.6,0.4,1.6902599999999999,0.7582402,-0.14483574999999993,0.4453947368421053,0.30420841683366734,0.28577154308617236,0.41002004008016035,2223,A,0.0,0.0
2022-08-30,Southampton,Chelsea,H,2,1,2,1,0.8,1.2,2.4,1.0894872,1.7242516,2.0,1.4,1.4,1.7593124,1.3749516000000002,-0.6698252,0.0,0.17942467089224767,0.23549488054607506,0.5850804485616772,2223,A,0.0,0.0
2022-08-30,Leeds,Everton,D,1,1,0,1,2.0,1.8,1.0,1.544484,1.1315174,0.4,0.8,2.0,1.2183586,2.4296610000000003,0.3261254,0.0,0.44134505158578524,0.2711119602598395,0.28754298815437523,2223,H,0.0,0.0
2022-08-31,Man City,Nott'm Forest,H,6,0,3,0,2.6,3.2,1.4,2.73161,0.5845301999999999,1.0,0.5,1.25,0.9818022500000001,1.9560624999999998,1.7498077499999998,0.4453947368421053,0.8943822357183525,0.07292655152780414,0.032691212753843235,2223,H,0.0,0.0
2022-08-31,Bournemouth,Wolves,D,0,0,0,0,0.75,0.5,4.0,0.27615325,2.18767375,0.4,0.6,1.4,1.0024496,1.7141699999999997,-0.72629635,0.4453947368421053,0.2711119602598395,0.28754298815437523,0.44134505158578524,2223,A,0.0,0.0
2022-08-31,Liverpool,Newcastle,H,2,1,0,1,1.6,3.2,1.2,2.830856,1.2457222,1.8,1.6,1.0,1.5864563999999999,1.6284230000000002,1.2443996,1.0,0.7137192704203014,0.18080888183980967,0.10547184773988898,2223,H,0.0,0.0
2022-08-31,West Ham,Tottenham,D,1,1,0,1,0.6,0.4,1.6,0.7409191999999999,1.6735670000000002,2.6,2.8,0.6,2.186018,0.8048554000000001,-1.4450987999999998,0.5,0.263607257203842,0.2497331910352187,0.4866595517609391,2223,A,0.0,0.0
2022-08-31,Arsenal,Aston Villa,H,2,1,1,0,3.0,3.2,0.8,2.5975520000000003,0.8240802,0.6,1.0,2.0,0.9024158,1.706054,1.6951362000000003,1.0,0.6394316163410302,0.20603907637655416,0.15452930728241562,2223,H,0.0,0.0
2022-09-01,Leicester,Man United,A,0,1,0,1,0.8,2.0,2.2,1.3540264,1.5967774,1.2,0.8,1.6,1.2920606,1.2706496,0.06196580000000007,0.5,0.2804889172671714,0.25430995165556874,0.4652011310772599,2223,A,0.0,0.0
2022-09-03,Everton,Liverpool,D,0,0,0,0,0.6,0.8,1.2,1.2355346,1.767569,1.6,3.0,1.2,2.5443240000000005,1.1510154,-1.3087894000000004,0.0,0.13380281690140844,0.19718309859154928,0.6690140845070423,2223,A,0.0,0.0
2022-09-03,Brentford,Leeds,H,5,2,2,1,1.2,2.0,1.4,1.5628853999999999,1.3366172,1.6,1.6,1.0,1.458014,1.1968984,0.10487139999999995,0.0,0.45092838196286467,0.2705570291777188,0.27851458885941643,2223,H,0.0,0.0
2022-09-03,Chelsea,West Ham,H,2,1,0,0,1.4,1.2,1.6,1.5417903999999998,1.5479726,0.8,0.4,1.2,0.9916841999999999,1.482676,0.5501061999999999,0.5,0.6149068322981366,0.21180124223602484,0.17329192546583852,2223,H,0.0,0.0
2022-09-03,Newcastle,Crystal Palace,D,0,0,0,0,1.2,1.4,1.2,1.3665835999999998,1.6823329999999999,1.0,1.4,1.8,1.3263517999999999,1.6958356,0.04023179999999993,0.5,0.4751131221719457,0.27149321266968324,0.25339366515837103,2223,H,0.0,0.0
2022-09-03,Nott'm Forest,Bournemouth,A,2,3,2,0,0.8,0.4,2.2,0.9313922000000001,2.3323679999999998,0.8,0.4,3.2,0.2933296,2.0566310000000003,0.6380626,0.4453947368421053,0.4830216088614491,0.26911203922280735,0.24786635191574358,2223,H,0.0,0.0
2022-09-03,Tottenham,Fulham,H,2,1,1,0,2.2,2.0,0.8,1.567675,1.0472316,1.6,1.6,1.4,1.4505253999999999,1.8275730000000003,0.11714960000000008,0.4453947368421053,0.639344262295082,0.21311475409836067,0.1475409836065574,2223,H,0.0,0.0
2022-09-03,Wolves,Southampton,H,1,0,1,0,0.6,0.4,0.8,1.0855256,1.147807,1.4,1.4,1.8,1.1673772,1.3410756,-0.08185160000000002,1.0,0.43029595015576316,0.27842679127725856,0.29127725856697817,2223,H,0.0,0.0
2022-09-03,Aston Villa,Man City,D,1,1,0,0,0.6,0.8,1.8,0.9122812,1.6018160000000001,2.6,3.8,1.0,2.8349480000000002,0.6809124,-1.9226668000000002,0.0,0.11806956662093454,0.17173755144863206,0.7101928819304333,2223,A,0.0,0.0
2022-09-04,Brighton,Leicester,H,5,2,2,2,2.0,1.2,0.6,1.7054300000000002,0.9186572,0.2,1.2,2.2,0.7929636,1.6064333999999998,0.9124664000000002,0.5,0.5182625863770978,0.27097729516288255,0.21076011846001974,2223,H,0.0,0.0
2022-09-04,Man United,Arsenal,H,3,1,1,0,1.8,1.0,1.4,1.3555975999999998,1.3227792,3.0,2.6,0.8,2.2862999999999998,0.6663118000000001,-0.9307023999999999,0.5,0.3787575150300601,0.2705410821643286,0.3507014028056112,2223,H,0.0,0.0
2022-09-16,Aston Villa,Southampton,H,1,0,1,0,0.8,1.0,1.6,0.8703805999999998,1.8684338,1.4,1.2,1.2,1.331744,1.2377136,-0.4613634000000002,0.5,0.4545454545454546,0.27272727272727276,0.27272727272727276,2223,H,0.0,0.0
2022-09-16,Nott'm Forest,Fulham,A,2,3,1,0,0.8,0.8,2.4,1.1500172000000002,2.1415562,1.4,1.4,1.4,1.2731926,1.894997,-0.12317539999999982,0.4453947368421053,0.3468667255075022,0.2890556045895852,0.36407766990291257,2223,A,0.0,0.0
2022-09-17,Wolves,Man City,A,0,3,0,2,1.2,0.4,0.4,1.0853655999999998,1.211649,2.2,3.6,1.2,2.7017560000000005,0.6875532,-1.6163904000000007,0.0,0.09957325746799431,0.1891891891891892,0.7112375533428165,2223,A,0.0,0.0
2022-09-17,Newcastle,Bournemouth,D,1,1,0,0,0.8,1.0,1.2,1.5761075999999998,1.8192870000000003,0.8,0.6,3.6,0.35666960000000003,2.2246420000000002,1.2194379999999998,0.4453947368421053,0.6582096696984203,0.215414073719483,0.1263762565820967,2223,H,0.0,0.0
2022-09-17,Tottenham,Leicester,H,6,2,2,2,2.2,1.6,0.8,1.779881,1.0462335999999999,0.0,1.2,2.8,0.9149225999999999,1.966552,0.8649584000000001,1.0,0.6538661131292164,0.21069019200830302,0.13544369486248053,2223,H,0.0,0.0
2022-09-18,Brentford,Arsenal,A,0,3,0,2,1.6,2.6,1.4,1.926372,1.6046782,2.4,2.4,1.4,2.283574,0.8308458000000002,-0.35720200000000024,0.5,0.225296442687747,0.24901185770750986,0.5256916996047432,2223,A,0.0,0.0
2022-09-18,Everton,West Ham,H,1,0,0,0,0.8,0.8,1.0,1.4054760000000002,1.660173,0.8,0.6,1.2,1.2263666,1.1066645999999998,0.1791094000000002,0.0,0.3276209677419355,0.2923387096774194,0.3800403225806452,2223,A,0.0,0.0
2022-10-01,Fulham,Newcastle,A,1,4,0,3,1.8,2.0,1.8,1.3254865999999998,1.983004,0.8,1.2,1.4,1.8488332,1.6930066,-0.5233466000000002,0.4453947368421053,0.3176442762535478,0.28027436140018924,0.40208136234626296,2223,A,0.0,0.0
2022-10-01,Bournemouth,Brentford,D,0,0,0,0,1.0,0.8,3.0,0.52727,2.1960300000000004,1.0,1.8,2.0,1.756824,1.6895126,-1.2295539999999998,0.4453947368421053,0.288135593220339,0.2796610169491525,0.43220338983050843,2223,A,0.0,0.0
2022-10-01,Crystal Palace,Chelsea,A,1,2,1,1,1.2,1.4,1.4,1.2691968,1.9899776,1.4,1.4,1.8,1.298627,1.7234960000000001,-0.029430199999999962,0.0,0.2253807106598985,0.2629441624365483,0.5116751269035533,2223,A,0.0,0.0
2022-10-01,West Ham,Wolves,H,2,0,1,0,0.8,0.6,1.2,0.9401688,0.7918706,1.0,0.4,1.0,0.9524896,1.2788629999999999,-0.01232080000000002,0.5,0.49469964664310956,0.27561837455830385,0.22968197879858654,2223,H,0.0,0.0
2022-10-01,Liverpool,Brighton,D,3,3,1,2,1.6,2.6,0.8,2.353336,1.1757094000000001,2.0,1.8,0.8,1.9059820000000003,0.8475491999999999,0.4473539999999998,0.5,0.7093184979137691,0.17969401947148816,0.1109874826147427,2223,H,0.0,0.0
2022-10-01,Southampton,Everton,A,1,2,0,0,1.2,0.8,1.0,1.0935924,1.1070556,1.4,0.8,0.6,1.210008,1.2578512,-0.11641560000000006,0.5,0.44155844155844154,0.2792207792207792,0.2792207792207792,2223,H,0.0,0.0
2022-10-01,Arsenal,Tottenham,H,3,1,1,1,2.4,2.2,1.0,1.945476,0.800732,2.6,2.4,0.8,1.859703,0.9972416,0.08577299999999988,0.5,0.4612804025719877,0.2521666200726866,0.28655297735532564,2223,H,0.0,0.0
2022-10-02,Man City,Man United,H,6,3,4,0,2.2,3.4,1.2,2.648468,0.724963,2.4,1.4,1.2,1.4771996,1.2614752,1.1712683999999998,1.0,0.7099057574385776,0.16420428824231448,0.12588995431910777,2223,H,0.0,0.0
2022-10-02,Leeds,Aston Villa,D,0,0,0,0,1.0,1.6,1.8,1.6393799999999998,1.5263604000000002,0.8,0.8,1.4,0.6057186,1.6370802000000002,1.0336613999999997,0.0,0.4041204437400951,0.2793185419968304,0.3165610142630745,2223,H,0.0,0.0
2022-10-03,Leicester,Nott'm Forest,H,4,0,3,0,0.0,1.2,3.2,1.0956848000000001,1.7616500000000002,0.2,1.0,3.0,1.0387592,1.9942082000000003,0.05692560000000002,0.4453947368421053,0.5429892624813857,0.23755780233560622,0.21945293518300807,2223,H,0.0,0.0
2022-10-08,Chelsea,Wolves,H,3,0,1,0,1.8,1.4,1.6,1.1817490000000002,1.5480539999999998,1.0,0.4,1.2,0.9304625999999999,1.193515,0.25128640000000024,0.0,0.6728971962616822,0.20934579439252335,0.11775700934579439,2223,H,0.0,0.0
2022-10-08,Bournemouth,Leicester,H,2,1,0,1,1.2,0.8,2.4,0.6366286000000001,2.063068,0.6,1.8,2.8,1.2970352,1.7576779999999999,-0.6604066,0.4453947368421053,0.2621286197818729,0.2775479503572772,0.46032342986085,2223,A,0.0,0.0
2022-10-08,Man City,Southampton,H,4,0,2,0,2.6,4.0,1.2,2.51591,0.625093,0.6,0.6,1.2,1.2372044,1.458424,1.2787055999999999,0.0,0.8501275191278691,0.09436415462319349,0.05550832624893734,2223,H,0.0,0.0
2022-10-08,Brighton,Tottenham,A,0,1,0,1,2.0,2.4,1.4,2.0574459999999997,1.2410588,2.0,2.4,1.4,1.8670269999999998,1.356823,0.1904189999999999,0.5,0.33972821742605913,0.2797761790567546,0.38049560351718625,2223,A,0.0,0.0
2022-10-08,Newcastle,Brentford,H,5,1,2,0,1.2,1.4,1.0,2.3406892,1.0949828,1.2,1.4,1.4,1.64732,1.2612702,0.6933692,0.5,0.5215686274509804,0.2511764705882353,0.22725490196078432,2223,H,0.0,0.0
2022-10-09,Crystal Palace,Leeds,H,2,1,1,1,1.0,1.4,1.6,1.0822348000000002,1.7937976,1.0,1.2,1.4,1.2997172,1.6238384,-0.21748239999999974,0.0,0.46400294605045106,0.27177315411526415,0.2642238998342846,2223,H,0.0,0.0
2022-10-09,West Ham,Fulham,H,3,1,1,1,1.4,1.0,0.8,0.9943099999999999,0.5417782,1.2,1.6,2.2,0.8823587999999999,2.598696,0.11195120000000003,0.4453947368421053,0.5510440835266821,0.24941995359628769,0.19953596287703013,2223,H,0.0,0.0
2022-10-09,Arsenal,Liverpool,H,3,2,2,1,2.4,2.2,1.2,2.10012,1.059005,1.6,3.0,1.2,2.336444,1.3199074,-0.2363240000000002,0.0,0.3775518373228725,0.26218877591866147,0.3602593867584661,2223,H,0.0,0.0
2022-10-09,Everton,Man United,A,1,2,1,2,1.8,1.0,0.6,1.32315,1.4661102,2.4,2.0,1.6,1.640662,1.5861112,-0.317512,0.5,0.2642238998342847,0.2717731541152642,0.46400294605045117,2223,A,0.0,0.0
2022-10-10,Nott'm Forest,Aston Villa,D,1,1,1,1,0.0,0.8,3.6,1.0994342,1.9573322000000002,1.0,0.6,0.8,0.8242430000000001,1.1145314000000002,0.27519119999999986,0.4453947368421053,0.288135593220339,0.2796610169491525,0.43220338983050843,2223,A,0.0,0.0
2022-10-14,Brentford,Brighton,H,2,0,1,0,1.0,1.4,2.2,1.4174700000000002,1.4196022,1.4,2.0,1.6,1.8721029999999999,1.2416601999999999,-0.4546329999999996,0.0,0.3067869752844252,0.27971753628874063,0.41349548842683403,2223,A,0.0,0.0
2022-10-15,Leicester,Crystal Palace,D,0,0,0,0,0.6,1.8,2.8,1.1412392,1.637628,1.0,1.2,1.6,0.8303488,1.84616,0.3108904,0.5,0.41349548842683415,0.2797175362887407,0.3067869752844253,2223,H,0.0,0.0
2022-10-15,Fulham,Bournemouth,D,2,2,1,2,1.2,1.6,2.4,0.807127,2.791194,1.8,1.2,0.8,0.8302124000000001,1.3272480000000002,-0.023085400000000034,0.4453947368421053,0.5112910097997443,0.25223689816787387,0.23647209203238176,2223,H,0.0,0.0
2022-10-15,Wolves,Nott'm Forest,H,1,0,0,0,0.8,0.2,1.6,0.8536564,1.2929749999999998,0.2,1.0,3.4,0.9834296,1.5998236,-0.12977320000000003,0.4453947368421053,0.5576208178438662,0.2527881040892193,0.1895910780669145,2223,H,0.0,0.0
2022-10-15,Tottenham,Everton,H,2,0,0,0,2.0,2.2,1.4,1.5324091999999998,1.3764962,1.6,1.0,0.8,1.0653888,1.3745522000000001,0.4670203999999998,0.5,0.639344262295082,0.21311475409836067,0.1475409836065574,2223,H,0.0,0.0
2022-10-16,Aston Villa,Chelsea,A,0,2,0,1,1.2,0.8,0.8,0.8947693999999998,1.0918827999999998,2.4,2.0,1.0,1.5294346,1.2558018,-0.6346652000000003,0.0,0.21928755908581452,0.25320403489108717,0.5275084060230983,2223,A,0.0,0.0
2022-10-16,Leeds,Arsenal,A,0,1,0,1,0.4,0.8,1.8,1.0709032,1.815728,2.4,2.4,1.4,2.169202,1.0268338000000001,-1.0982987999999998,0.0,0.15874177029992684,0.22677395757132407,0.6144842721287491,2223,A,0.0,0.0
2022-10-16,Man United,Newcastle,D,0,0,0,0,2.4,2.0,1.6,1.602358,1.354678,1.6,2.2,1.0,2.4432272,1.0954188,-0.8408692,0.5,0.483021608861449,0.24786635191574355,0.2691120392228073,2223,H,0.0,0.0
2022-10-16,Southampton,West Ham,D,1,1,1,0,0.6,0.6,1.8,0.98566,1.736778,1.4,1.4,1.0,1.6147441999999999,0.5908367999999999,-0.6290841999999999,0.5,0.32666132906325057,0.2786228983186549,0.39471577261809443,2223,A,0.0,0.0
2022-10-16,Liverpool,Man City,H,1,0,0,0,1.6,3.2,1.4,2.1848722,1.4803153999999998,2.6,4.0,0.8,2.585922,0.6269274,-0.4010498,0.0,0.2635228848821082,0.23717059639389737,0.49930651872399445,2223,A,0.0,0.0
2022-10-18,Brighton,Nott'm Forest,D,0,0,0,0,0.8,1.8,2.0,1.9814669999999999,1.3931841999999999,0.2,1.0,2.4,1.0870012,1.0770416,0.8944657999999999,0.4453947368421053,0.6690140845070423,0.19718309859154928,0.13380281690140844,2223,H,0.0,0.0
2022-10-18,Crystal Palace,Wolves,H,2,1,0,1,1.2,0.8,0.8,0.8813152000000001,1.5637852,1.2,0.4,1.6,0.7919004000000001,1.4700900000000001,0.08941480000000002,1.0,0.41883568448241604,0.3039936419630439,0.27717067355454006,2223,H,0.0,0.0
2022-10-19,Brentford,Chelsea,D,0,0,0,0,1.4,1.6,2.0,1.475126,1.6954656,2.4,2.0,0.8,1.4268886000000003,1.3528398,0.04823739999999965,0.5,0.19953596287703013,0.24941995359628769,0.5510440835266821,2223,A,0.0,0.0
2022-10-19,Newcastle,Everton,H,1,0,1,0,1.8,2.0,0.6,2.472148,1.0263928,1.4,0.8,1.0,0.9430185999999999,1.6642682,1.5291294,0.5,0.5884729329383249,0.2477780770266631,0.16374899003501214,2223,H,0.0,0.0
2022-10-19,Bournemouth,Southampton,A,0,1,0,1,1.8,1.6,1.2,1.0834633999999999,1.344232,0.2,0.4,1.8,0.8023838,1.7772919999999999,0.2810795999999999,0.4453947368421053,0.3579175704989154,0.28416485900216926,0.3579175704989154,2223,H,0.0,0.0
2022-10-19,Man United,Tottenham,H,2,0,0,0,2.0,1.8,1.6,1.6168520000000002,1.240534,2.4,2.4,1.2,1.8865702,1.18397,-0.2697181999999998,1.0,0.38596491228070173,0.27017543859649124,0.34385964912280703,2223,H,0.0,0.0
2022-10-19,Liverpool,West Ham,H,1,0,1,0,1.6,1.6,1.4,1.6126421999999998,1.6264158000000002,1.4,1.4,1.0,1.6516641999999997,0.5510756,-0.03902199999999989,0.5,0.6756756756756757,0.1891891891891892,0.13513513513513511,2223,H,0.0,0.0
2022-10-20,Fulham,Aston Villa,H,3,0,1,0,0.8,1.6,2.6,0.916417,2.766134,1.2,0.6,0.8,1.3244198,0.7792268,-0.4080028,0.4453947368421053,0.32907857997606704,0.2891902672516953,0.3817311527722378,2223,A,0.0,0.0
2022-10-20,Leicester,Leeds,H,2,0,2,0,0.8,1.8,2.6,1.2128712,1.4870516,0.4,0.8,1.8,1.2456192000000001,1.6581074,-0.03274800000000022,0.5,0.42105263157894735,0.2631578947368421,0.3157894736842105,2223,H,0.0,0.0
2022-10-22,Nott'm Forest,Liverpool,H,1,0,0,0,0.4,0.6,1.8,0.8602118000000001,1.3164094,1.6,1.4,1.2,1.7085362,1.9950046000000001,-0.8483243999999999,0.4453947368421053,0.08595988538681948,0.15759312320916904,0.7564469914040115,2223,A,0.0,0.0
2022-10-22,Everton,Crystal Palace,H,3,0,1,0,1.2,0.8,1.2,0.6768719400000001,1.6138202,1.6,1.0,0.8,0.9770766,1.4117366,-0.3002046599999999,0.5,0.36786028999439235,0.2988864856204438,0.3332532243851638,2223,H,0.0,0.0
2022-10-22,Man City,Brighton,H,3,1,2,0,2.0,2.8,1.0,2.0007026,0.8808170000000001,1.0,1.6,1.6,2.051125,1.2179988,-0.05042239999999998,1.0,0.7913043478260869,0.13565217391304346,0.07304347826086957,2223,H,0.0,0.0
2022-10-22,Chelsea,Man United,D,1,1,0,0,2.6,1.8,0.4,1.2374296,1.3551237999999999,2.0,2.0,1.6,1.73886,1.2491860000000001,-0.5014304,0.0,0.4605263157894737,0.2697368421052631,0.2697368421052631,2223,H,0.0,0.0
2022-10-23,Southampton,Arsenal,D,1,1,0,1,0.8,0.6,1.6,0.8084638,1.7193044,2.4,2.2,1.2,1.7736114,1.3718641999999999,-0.9651476000000001,0.5,0.15818639798488665,0.23727959697732998,0.6045340050377834,2223,A,0.0,0.0
2022-10-23,Wolves,Leicester,A,0,4,0,2,0.6,0.4,2.0,0.7433898000000001,1.479648,1.4,1.8,1.6,1.130823,1.1796476,-0.3874331999999998,0.5,0.4193548387096774,0.2903225806451613,0.2903225806451613,2223,H,0.0,0.0
2022-10-23,Aston Villa,Brentford,H,4,0,3,0,1.0,0.4,1.2,1.4108388,0.9733408000000001,1.0,0.6,1.6,1.2158820000000001,1.4477466,0.19495679999999993,0.0,0.4545454545454546,0.27272727272727276,0.27272727272727276,2223,H,0.0,0.0
2022-10-23,Leeds,Fulham,A,2,3,1,1,0.2,0.6,2.0,1.2754452,1.5547791999999998,1.4,2.0,2.2,1.4185057999999997,2.3727853999999997,-0.14306059999999965,0.4453947368421053,0.46400294605045106,0.27177315411526415,0.2642238998342846,2223,H,0.0,0.0
2022-10-23,Tottenham,Newcastle,A,1,2,0,2,1.8,2.0,1.4,1.4826294,1.4496048,2.2,2.2,0.6,2.11759,0.8544651400000001,-0.6349605999999999,1.0,0.4605263157894737,0.2697368421052631,0.2697368421052631,2223,H,0.0,0.0
2022-10-24,West Ham,Bournemouth,H,2,0,1,0,1.4,1.2,0.8,1.8650422,0.8577410000000001,1.2,1.0,1.0,1.0645456,1.3261980000000002,0.8004966,0.4453947368421053,0.6075949367088608,0.23544303797468355,0.1569620253164557,2223,H,0.0,0.0
2022-10-29,Leicester,Man City,A,0,1,0,0,2.0,2.2,0.4,1.00974,1.1059796,2.4,3.2,1.0,1.9888945999999996,0.9306645999999998,-0.9791545999999995,0.0,0.09489051094890512,0.14598540145985403,0.759124087591241,2223,A,0.0,0.0
2022-10-29,Bournemouth,Tottenham,A,2,3,1,0,1.0,0.8,1.2,1.0152446,1.412112,1.2,1.0,1.4,1.3984174,1.3565868,-0.3831728000000001,0.4453947368421053,0.19022379269729095,0.2502944640753828,0.5594817432273262,2223,A,0.0,0.0
2022-10-29,Brentford,Wolves,D,1,1,0,0,1.0,0.6,1.8,1.308784,1.8749386000000001,0.6,0.4,2.2,1.0047608000000001,1.392623,0.3040231999999998,0.5,0.43220338983050843,0.2796610169491525,0.288135593220339,2223,H,0.0,0.0
2022-10-29,Brighton,Chelsea,H,4,1,3,0,0.4,0.8,1.8,1.610519,1.3773788,2.2,1.6,0.4,1.336439,1.2173908,0.2740800000000001,0.0,0.31654676258992803,0.2877697841726619,0.3956834532374101,2223,A,0.0,0.0
2022-10-29,Crystal Palace,Southampton,H,1,0,1,0,1.4,1.0,1.4,0.9123910000000001,1.2171846,1.0,0.8,1.6,0.8893339999999998,1.7663684,0.023057000000000216,0.5,0.49930651872399445,0.2635228848821082,0.23717059639389737,2223,H,0.0,0.0
2022-10-29,Newcastle,Aston Villa,H,4,0,1,0,2.6,2.4,0.6,2.033954,0.97210154,1.0,1.0,1.2,1.8333428,1.1306044,0.2006112,0.5,0.5319148936170214,0.25531914893617025,0.21276595744680854,2223,H,0.0,0.0
2022-10-29,Fulham,Everton,D,0,0,0,0,1.4,2.0,2.2,1.6436098000000001,2.4824713999999997,1.2,1.2,1.2,0.98411794,1.6021834000000001,0.6594918600000002,0.4453947368421053,0.40208136234626296,0.28027436140018924,0.3176442762535478,2223,H,0.0,0.0
2022-10-29,Liverpool,Leeds,A,1,2,1,1,1.4,1.4,1.4,1.8708061999999999,2.2169926,0.2,0.6,1.6,1.3090132,1.5001032000000003,0.5617929999999998,1.0,0.7346938775510204,0.15918367346938778,0.10612244897959185,2223,H,0.0,0.0
2022-10-30,Arsenal,Nott'm Forest,H,5,0,1,0,2.6,2.2,0.8,1.8049294,1.0905867999999999,1.0,0.4,1.2,1.0774557999999999,1.4859934000000001,0.7274736000000002,0.4453947368421053,0.7865168539325843,0.1348314606741573,0.07865168539325842,2223,H,0.0,0.0
2022-10-30,Man United,West Ham,H,1,0,1,0,1.6,1.6,1.6,1.479239,1.2051859999999999,2.0,1.6,0.6,2.129402,0.9242836000000001,-0.6501629999999998,1.0,0.5679129200189305,0.2356838618078561,0.19640321817321343,2223,H,0.0,0.0
2022-11-05,Nott'm Forest,Brentford,D,2,2,1,1,1.0,0.4,1.4,0.8743432000000002,1.8374513999999997,1.0,0.8,2.0,1.358098,1.8348340000000003,-0.4837547999999998,0.4453947368421053,0.3458980044345898,0.28824833702882485,0.3658536585365853,2223,A,0.0,0.0
2022-11-05,Leeds,Bournemouth,H,4,3,1,2,0.6,1.0,1.8,1.5718299999999998,1.5025912,0.8,1.2,1.8,1.0411256000000002,1.6418320000000002,0.5307043999999996,0.4453947368421053,0.5510440835266821,0.24941995359628769,0.19953596287703013,2223,H,0.0,0.0
2022-11-05,Wolves,Brighton,A,2,3,2,2,0.8,0.6,2.0,1.0010842,1.4432690000000001,0.8,1.0,1.4,1.7135850000000001,1.1621868,-0.7125008000000002,0.5,0.28846153846153844,0.28846153846153844,0.423076923076923,2223,A,0.0,0.0
2022-11-05,Everton,Leicester,A,0,2,0,1,0.8,0.8,1.0,0.8224919399999999,1.5631374,1.4,1.4,0.6,0.8985194,1.0024069999999998,-0.07602746000000005,0.5,0.3956834532374101,0.2877697841726619,0.31654676258992803,2223,H,0.0,0.0
2022-11-05,Man City,Fulham,H,2,1,1,1,2.4,2.8,1.0,1.84482,1.0071850000000002,1.6,1.8,1.4,1.8597456,1.7864074000000003,-0.014925600000000205,0.4453947368421053,0.850873264666368,0.09941782355575458,0.04970891177787729,2223,H,0.0,0.0
2022-11-06,Chelsea,Arsenal,A,0,1,0,0,1.6,1.4,1.0,1.300535,1.6516167999999998,2.6,2.6,0.8,2.1422854,1.0237902,-0.8417504,0.5,0.3711340206185567,0.27835051546391754,0.35051546391752575,2223,H,0.0,0.0
2022-11-06,Aston Villa,Man United,H,3,1,2,1,0.8,1.0,2.0,1.5082156,1.9084952000000002,2.2,1.2,0.4,1.4868489999999999,0.8030459999999999,0.021366600000000124,0.5,0.2907103825136612,0.2524590163934426,0.45683060109289614,2223,A,0.0,0.0
2022-11-06,Southampton,Newcastle,A,1,4,0,1,1.0,0.6,1.4,0.769018,1.5671784,2.6,2.4,0.4,1.9371740000000002,0.88952414,-1.1681560000000002,0.0,0.23717059639389737,0.2635228848821082,0.49930651872399445,2223,A,0.0,0.0
2022-11-06,West Ham,Crystal Palace,A,1,2,1,1,1.4,1.2,0.8,2.1216,1.1593660000000001,2.0,1.0,1.0,0.971185,1.2377786,1.150415,0.5,0.4972144846796657,0.27785515320334264,0.22493036211699163,2223,H,0.0,0.0
2022-11-06,Tottenham,Liverpool,A,1,2,0,2,1.8,1.4,1.2,1.5367974,1.0372874,1.2,1.0,1.2,1.8222842,2.0664006,-0.28548679999999993,0.0,0.28668941979522183,0.26279863481228666,0.4505119453924914,2223,A,0.0,0.0
2022-11-12,Liverpool,Southampton,H,3,1,3,1,1.8,1.0,0.8,1.96235,1.8659366000000002,1.0,0.8,1.4,1.0792444,1.3043084,0.8831055999999999,1.0,0.7657295850066934,0.14725568942436412,0.08701472556894244,2223,H,0.0,0.0
2022-11-12,Nott'm Forest,Crystal Palace,H,1,0,0,0,1.0,0.6,1.6,1.0894660000000003,1.950094,2.0,1.0,1.0,0.847485,1.0631664,0.24198100000000022,0.4453947368421053,0.30625,0.30625,0.3875,2223,A,0.0,0.0
2022-11-12,Man City,Brentford,A,1,2,1,1,2.4,2.0,0.6,1.7212780000000003,0.8332917999999999,1.2,1.0,1.4,1.375246,1.604964,0.34603200000000034,1.0,0.8267477203647416,0.11781155015197567,0.05544072948328267,2223,H,0.0,0.0
2022-11-12,Bournemouth,Everton,H,3,0,2,0,0.2,1.4,2.4,1.1225315999999999,1.850646,0.8,0.6,1.0,1.0239031399999998,1.6514934000000001,0.09862846000000003,0.4453947368421053,0.3403141361256544,0.2931937172774869,0.3664921465968586,2223,A,0.0,0.0
2022-11-12,Wolves,Arsenal,A,0,2,0,0,0.8,1.0,2.0,1.1098983999999998,1.331835,2.6,2.2,0.6,2.1211714,0.7790132,-1.0112730000000003,0.0,0.15874177029992684,0.22677395757132407,0.6144842721287491,2223,A,0.0,0.0
2022-11-12,Newcastle,Chelsea,H,1,0,0,0,2.6,2.2,0.4,1.7321140000000004,0.99304814,1.0,0.8,1.2,0.870114,1.977619,0.8620000000000003,0.0,0.4041204437400951,0.2793185419968304,0.3165610142630745,2223,H,0.0,0.0
2022-11-12,West Ham,Leicester,A,0,2,0,1,0.8,0.8,1.0,1.4727638,1.2560844,2.0,1.6,0.2,1.1158494,1.047205,0.35691439999999997,0.5,0.4652011310772599,0.2804889172671714,0.25430995165556874,2223,H,0.0,0.0
2022-11-12,Tottenham,Leeds,H,4,3,1,2,1.2,1.4,1.6,1.7459412,1.1504363999999998,1.2,1.6,2.0,1.8037660000000002,1.4833911999999998,-0.05782480000000012,1.0,0.5746381507885073,0.22575070209548498,0.19961114711600778,2223,H,0.0,0.0
2022-11-13,Brighton,Aston Villa,A,1,2,1,1,1.4,1.6,1.6,1.9083879999999998,1.2663626,1.2,1.4,2.0,1.4924908000000001,1.9676638,0.41589719999999963,0.0,0.5198277142432793,0.25367592455072036,0.2264963612060003,2223,H,0.0,0.0
2022-11-13,Fulham,Man United,A,1,2,0,1,1.6,1.8,1.2,1.9185527999999998,1.5777193999999999,1.6,1.0,0.8,1.2250628000000001,0.8455898,0.6934899999999997,0.4453947368421053,0.25,0.25,0.5,2223,A,0.0,0.0
2022-12-26,Everton,Wolves,A,1,2,1,1,0.8,0.6,1.2,1.06564654,1.6439594,0.2,0.8,2.4,0.9676302,1.538305,0.09801633999999992,0.0,0.41212601545472566,0.2916584109371904,0.29621557360808404,2223,H,0.0,0.0
2022-12-26,Brentford,Tottenham,D,2,2,1,0,1.2,1.0,1.6,1.651998,1.494628,1.2,1.8,2.2,1.7632151999999999,1.3818905999999997,-0.1112171999999998,0.0,0.23779222575736617,0.2642135841748513,0.49799419006778256,2223,A,0.0,0.0
2022-12-26,Southampton,Brighton,A,1,3,0,2,0.8,0.8,1.8,1.2612026,1.5116904,1.4,1.8,1.6,1.6428733999999998,1.1159645999999999,-0.38167079999999975,0.0,0.28754298815437523,0.2711119602598395,0.44134505158578524,2223,A,0.0,0.0
2022-12-26,Crystal Palace,Fulham,A,0,3,0,1,1.8,1.0,1.2,1.0072274,1.1159852000000001,1.4,1.6,1.2,1.9355128000000001,1.9273893999999998,-0.9282854,0.4453947368421053,0.46400294605045106,0.2642238998342846,0.27177315411526415,2223,H,0.0,0.0
2022-12-26,Aston Villa,Liverpool,A,1,3,0,2,1.8,1.8,1.8,1.2342808,1.8861992,1.8,1.4,1.0,2.111346,1.9704920000000001,-0.8770652000000001,0.0,0.2007380073800738,0.23837638376383766,0.5608856088560886,2223,A,0.0,0.0
2022-12-26,Arsenal,West Ham,H,3,1,0,1,2.6,2.0,0.2,2.0132274000000003,0.7284508,0.6,0.6,1.2,1.275454,1.4723206000000002,0.7377734000000002,1.0,0.6340391980175715,0.2196440639783735,0.14631673800405498,2223,H,0.0,0.0
2022-12-26,Leicester,Newcastle,A,0,3,0,3,2.4,2.0,0.2,1.2422962000000002,1.1219876000000002,3.0,2.4,0.4,1.8465040000000001,0.78165714,-0.6042078,0.5,0.2936129647283127,0.2726406101048618,0.43374642516682554,2223,A,0.0,0.0
2022-12-27,Chelsea,Bournemouth,H,2,0,2,0,0.4,0.4,1.4,0.694649,1.760555,0.6,1.6,2.0,1.2881576,1.6809211999999998,-0.5935085999999999,0.4453947368421053,0.7318695941450432,0.17298735861610112,0.09514304723885562,2223,H,0.0,0.0
2022-12-27,Man United,Nott'm Forest,H,3,0,2,0,2.0,1.4,1.0,1.6171788,1.0283958,1.6,0.8,1.4,1.0874479999999997,1.934462,0.5297308000000003,0.4453947368421053,0.7397444519166108,0.17350369872225962,0.08675184936112981,2223,H,0.0,0.0
2022-12-28,Leeds,Man City,A,1,3,0,1,1.2,2.2,2.6,1.742764,1.8351317999999999,1.8,1.4,1.0,1.495206,1.4710862,0.24755799999999994,0.0,0.10052600818234952,0.1591661796220534,0.7403078121955972,2223,A,0.0,0.0
2022-12-30,West Ham,Brentford,A,0,2,0,2,0.6,0.8,1.6,0.9834599999999998,1.4018446,1.2,1.4,2.0,1.812068,1.5599044,-0.8286080000000002,0.0,0.47368421052631576,0.2631578947368421,0.2631578947368421,2223,H,0.0,0.0
2022-12-30,Liverpool,Leicester,H,2,1,2,1,1.8,1.8,1.2,2.364602,1.811504,1.8,1.6,0.8,1.1734444000000002,1.2358236,1.1911576,0.5,0.7403078121955972,0.1591661796220534,0.10052600818234952,2223,H,0.0,0.0
2022-12-31,Fulham,Southampton,H,2,1,1,0,1.4,1.6,1.2,1.8969668,1.8694428000000003,0.2,0.8,2.4,1.3548646,1.551028,0.5421022,0.4453947368421053,0.4850444624090542,0.2627324171382377,0.25222312045270817,2223,H,0.0,0.0
2022-12-31,Bournemouth,Crystal Palace,A,0,2,0,2,0.6,1.6,2.2,1.2146811999999998,1.8159211999999996,1.2,0.6,1.6,0.8403442,1.4842718000000001,0.3743369999999998,0.4453947368421053,0.3368721927317272,0.2858309514087382,0.3772968558595345,2223,A,0.0,0.0
2022-12-31,Wolves,Man United,A,0,1,0,0,0.8,1.0,2.2,1.0402148,1.5323769999999999,2.0,1.6,1.0,1.7025688000000003,0.9921058,-0.6623540000000003,0.5,0.23779222575736617,0.2642135841748513,0.49799419006778256,2223,A,0.0,0.0
2022-12-31,Man City,Everton,D,1,1,1,0,2.4,2.0,1.0,2.1454054,1.1919964,0.8,0.8,1.4,1.2987612,1.6613254000000002,0.8466442000000001,1.0,0.8438610343466245,0.10595144097907619,0.050187524674299246,2223,H,0.0,0.0
2022-12-31,Brighton,Arsenal,A,2,4,0,2,1.8,2.4,1.8,1.4239254,1.4183819999999998,2.6,2.4,0.4,2.2265319999999997,0.5292908000000001,-0.8026065999999998,0.5,0.2785145888594165,0.27055702917771884,0.4509283819628648,2223,A,0.0,0.0
2022-12-31,Newcastle,Leeds,D,0,0,0,0,3.0,2.8,0.4,1.972482,0.8316638,1.2,2.4,2.8,1.6245862000000002,2.53658,0.34789579999999987,0.5,0.6538661131292164,0.21069019200830302,0.13544369486248053,2223,H,0.0,0.0
2023-01-01,Tottenham,Aston Villa,A,0,2,0,0,1.4,2.2,2.2,1.8082674,1.4904705999999999,1.8,2.0,1.8,1.4302934000000003,2.0091872000000004,0.3779739999999998,1.0,0.5709391949757351,0.2383671139023694,0.19069369112189552,2223,H,0.0,0.0
2023-01-01,Nott'm Forest,Chelsea,D,1,1,0,1,1.4,0.8,2.0,1.1438625999999998,1.941422,0.8,0.8,1.4,0.965924,1.5587129999999998,0.17793859999999984,0.4453947368421053,0.19022379269729095,0.2502944640753828,0.5594817432273262,2223,A,0.0,0.0
2023-01-02,Brentford,Liverpool,H,3,1,2,0,1.8,1.8,1.2,1.9140160000000002,1.0966284000000002,2.4,2.2,1.2,2.330024,1.4838404,-0.4160079999999997,0.0,0.17186279656351228,0.2183014736949925,0.6098357297414951,2223,A,0.0,0.0
2023-01-03,Arsenal,Newcastle,D,0,0,0,0,3.0,3.0,0.6,2.55495,0.6360862,2.6,2.4,0.2,2.304294,0.6220576,0.25065599999999977,0.5,0.5292717447246527,0.2507076685537828,0.22002058672156458,2223,H,0.0,0.0
2023-01-03,Everton,Brighton,A,1,4,0,1,0.4,0.4,1.6,0.9271695799999999,2.014558,1.8,2.6,2.0,1.5495253999999998,1.6901160000000002,-0.6223558199999999,0.5,0.27272727272727276,0.27272727272727276,0.4545454545454546,2223,A,0.0,0.0
2023-01-03,Leicester,Fulham,A,0,1,0,1,1.2,1.0,1.2,1.1482918,1.3171796,1.4,1.4,1.0,1.7005528,1.6164169999999998,-0.5522610000000001,0.4453947368421053,0.4308880308880309,0.2633204633204634,0.3057915057915058,2223,H,0.0,0.0
2023-01-03,Man United,Bournemouth,H,3,0,1,0,2.4,1.6,0.8,2.0458378,0.8691641999999999,0.6,1.6,2.2,1.2477564,1.7710192,0.7980814,0.4453947368421053,0.7397444519166108,0.17350369872225962,0.08675184936112981,2223,H,0.0,0.0
2023-01-04,Southampton,Nott'm Forest,A,0,1,0,1,0.0,0.8,2.6,1.3700762000000002,1.533844,1.0,0.8,2.2,0.8405804,1.776528,0.5294958000000002,0.4453947368421053,0.4767025089605735,0.27240143369175623,0.25089605734767023,2223,H,0.0,0.0
2023-01-04,Leeds,West Ham,D,2,2,1,1,1.4,2.0,2.2,1.335238,2.5992480000000002,0.0,0.4,2.0,0.8159880000000002,1.5586280000000001,0.5192499999999998,0.5,0.36458333333333337,0.27083333333333337,0.36458333333333337,2223,H,0.0,0.0
2023-01-04,Aston Villa,Wolves,D,1,1,0,1,1.8,1.6,1.8,0.9825254000000001,1.9221398,0.8,1.0,1.6,0.8341791999999998,1.8240180000000001,0.14834620000000032,0.0,0.49281314168377827,0.2669404517453799,0.24024640657084187,2223,H,0.0,0.0
2023-01-04,Crystal Palace,Tottenham,A,0,4,0,0,1.8,1.0,1.0,1.0714388,1.2766436,1.4,2.0,2.2,1.609118,1.5080566000000002,-0.5376792000000001,0.5,0.28146624275294563,0.2734243501028614,0.44510940714419306,2223,A,0.0,0.0
2023-01-05,Chelsea,Man City,A,0,1,0,0,0.8,0.8,1.4,1.000058,1.6095697999999998,2.0,1.6,1.0,2.2455933999999997,1.1014707799999999,-1.2455353999999998,0.0,0.19069369112189552,0.2383671139023694,0.5709391949757351,2223,A,0.0,0.0
2023-01-12,Fulham,Chelsea,H,2,1,1,0,1.8,1.6,1.0,1.6146628,1.6685270000000003,0.8,0.6,0.8,0.8836652,1.3773138,0.7309976,0.4453947368421053,0.28754298815437523,0.2711119602598395,0.44134505158578524,2223,A,0.0,0.0
2023-01-13,Aston Villa,Leeds,H,2,1,1,0,2.0,1.8,1.2,1.1348146000000001,1.2510282000000001,1.0,2.0,2.4,1.264236,2.47596,-0.1294213999999998,0.3333333333333333,0.49799419006778256,0.2642135841748513,0.23779222575736617,2223,H,0.0,0.0
2023-01-14,Wolves,West Ham,H,1,0,0,0,0.8,1.0,1.6,0.8891625999999999,1.771956,0.2,0.8,2.2,0.8744120000000001,1.4598879999999999,0.014750599999999836,0.3333333333333333,0.3608748481166464,0.28760631834750905,0.3515188335358444,2223,H,0.0,0.0
2023-01-14,Brentford,Bournemouth,H,2,0,1,0,2.2,2.2,1.2,2.075322,1.4060294,0.6,1.2,2.2,1.2060542,1.9268652,0.8692677999999998,0.0,0.5791106514994829,0.2388831437435367,0.18200620475698032,2223,H,0.0,0.0
2023-01-14,Man United,Man City,H,2,1,0,0,2.4,2.0,0.8,2.2903238000000004,0.8049025999999999,2.0,1.6,1.0,2.448772,1.0614665799999998,-0.1584481999999996,0.0,0.2253807106598985,0.2629441624365483,0.5116751269035533,2223,A,0.0,0.0
2023-01-14,Brighton,Liverpool,H,3,0,0,0,1.8,2.6,2.0,1.4747873999999999,1.7088,2.4,2.2,1.4,2.3691679999999997,1.5811183999999998,-0.8943805999999999,0.0,0.28062360801781744,0.26503340757238314,0.4543429844097996,2223,A,0.0,0.0
2023-01-14,Everton,Southampton,A,1,2,1,0,0.2,0.6,2.4,0.9226295800000001,2.163144,0.0,0.8,2.6,1.2243442,1.577724,-0.30171461999999993,0.6666666666666666,0.4212076583210604,0.2916053019145803,0.2871870397643594,2223,H,0.0,0.0
2023-01-14,Nott'm Forest,Leicester,H,2,0,0,0,1.6,1.0,1.2,1.044003,1.301004,1.2,1.0,1.2,1.3000144,1.4434002,-0.2560114,0.0,0.3515188335358444,0.28760631834750905,0.3608748481166464,2223,A,0.0,0.0
2023-01-15,Newcastle,Fulham,H,1,0,0,0,2.2,1.6,0.2,1.6585826000000001,0.7620221999999999,2.4,1.8,0.8,1.5881392,1.669685,0.07044340000000004,1.0,0.6340391980175715,0.2196440639783735,0.14631673800405498,2223,H,0.0,0.0
2023-01-15,Tottenham,Arsenal,A,0,2,0,2,1.4,2.2,1.8,1.5032260000000002,1.488055,2.6,2.0,0.6,2.1476794,0.7867654,-0.6444533999999997,0.3333333333333333,0.30579150579150577,0.2633204633204633,0.43088803088803085,2223,A,0.0,0.0
2023-01-15,Chelsea,Crystal Palace,H,1,0,0,0,0.8,0.8,1.0,1.3077242000000002,1.043875,1.2,0.8,1.8,1.0281758,1.3380656,0.27954840000000014,1.0,0.5835764902042518,0.236348478532722,0.18007503126302626,2223,H,0.0,0.0
2023-01-18,Crystal Palace,Man United,D,1,1,0,1,0.6,0.4,1.8,0.988961,1.7255238,3.0,2.2,0.4,2.583342,0.83658,-1.594381,0.5,0.21052631578947367,0.2631578947368421,0.5263157894736842,2223,A,0.0,0.0
2023-01-19,Man City,Tottenham,H,4,2,0,2,1.4,1.4,1.2,2.1174980000000003,1.28914578,1.4,2.0,1.8,1.481818,1.603423,0.6356800000000002,0.0,0.6983240223463686,0.18994413407821228,0.11173184357541899,2223,H,0.0,0.0
2023-01-21,Liverpool,Chelsea,D,0,0,0,0,1.8,1.8,1.8,2.3337779999999997,1.6977704,1.4,1.0,0.8,1.6618772,0.9393282000000001,0.6719007999999997,0.0,0.5112910097997443,0.25223689816787387,0.23647209203238176,2223,H,0.0,0.0
2023-01-21,Bournemouth,Nott'm Forest,D,1,1,1,0,0.6,0.6,1.8,0.9487228,1.7414311999999998,2.0,1.0,0.8,1.135237,1.2176082000000001,-0.18651420000000007,1.0,0.3463687150837989,0.30726256983240224,0.3463687150837989,2223,H,0.0,0.0
2023-01-21,Leicester,Brighton,D,2,2,1,1,0.6,0.6,1.6,1.0071186,1.5194462000000002,1.8,2.6,1.6,1.5801614000000002,1.708002,-0.5730428000000001,0.0,0.2642238998342847,0.2717731541152642,0.46400294605045117,2223,A,0.0,0.0
2023-01-21,Southampton,Aston Villa,A,0,1,0,0,0.6,1.0,2.0,1.1107122,1.5299040000000002,2.0,1.6,1.2,1.3483,1.6401804000000002,-0.23758780000000002,0.3333333333333333,0.33161274833443366,0.29385991237020587,0.3745273392953605,2223,A,0.0,0.0
2023-01-21,West Ham,Everton,H,2,0,2,0,0.2,0.6,2.0,0.9829172000000002,1.4144463999999999,0.2,0.8,2.4,0.88443158,1.926388,0.09848562000000016,0.6666666666666666,0.5379388448471122,0.2582106455266138,0.20385050962627407,2223,H,0.0,0.0
2023-01-21,Crystal Palace,Newcastle,D,0,0,0,0,0.8,0.6,1.8,0.8425248,1.7568937999999998,2.2,1.0,0.0,1.7668926000000003,0.6295406,-0.9243678000000003,0.0,0.21572547059803432,0.2711977344661003,0.5130767949358653,2223,A,0.0,0.0
2023-01-22,Leeds,Brentford,D,0,0,0,0,0.4,1.4,2.2,1.311762,2.49397,2.6,2.2,0.8,2.090872,1.200494,-0.77911,0.3333333333333333,0.40201005025125636,0.2657733109994417,0.33221663874930213,2223,H,0.0,0.0
2023-01-22,Man City,Wolves,H,3,0,1,0,2.0,2.0,1.2,2.26483,0.86411978,1.4,0.8,1.0,0.7919050000000001,1.544227,1.4729249999999998,1.0,0.7942238267148014,0.1191335740072202,0.08664259927797834,2223,H,0.0,0.0
2023-01-22,Arsenal,Man United,H,3,2,1,1,2.6,2.2,0.6,2.0804514000000003,1.0730664,2.6,2.0,0.4,2.186888,0.5788118,-0.10643659999999988,0.3333333333333333,0.5256916996047432,0.24901185770750986,0.225296442687747,2223,H,0.0,0.0
2023-01-23,Fulham,Tottenham,A,0,1,0,1,2.4,1.6,0.6,1.4456776,1.3868690000000001,0.8,1.6,2.0,1.198724,1.728293,0.2469536000000001,0.0,0.28668941979522183,0.26279863481228666,0.4505119453924914,2223,A,0.0,0.0
2023-02-03,Chelsea,Fulham,D,0,0,0,0,1.0,0.6,0.8,1.6480552000000004,1.1109642000000002,1.8,1.0,0.8,1.1245016,1.5012792,0.5235536000000003,0.0,0.5835764902042518,0.236348478532722,0.18007503126302626,2223,H,0.0,0.0
2023-02-04,Everton,Arsenal,H,1,0,0,0,0.2,0.8,2.2,0.7880455800000001,1.928862,2.6,2.4,1.0,2.2050054,1.0250478,-1.41695982,0.5,0.11160318866253321,0.21080602302922938,0.6775907883082374,2223,A,0.0,0.0
2023-02-04,Aston Villa,Leicester,A,2,4,2,3,2.0,1.4,1.0,1.35029,1.6088478000000002,0.2,0.6,2.0,0.9578686000000001,1.764284,0.3924213999999999,0.5,0.4866595517609392,0.26360725720384204,0.24973319103521877,2223,H,0.0,0.0
2023-02-04,Brentford,Southampton,H,3,0,2,0,2.2,1.8,0.6,1.467076,0.9544412000000001,0.6,0.8,1.6,0.9583470000000002,1.213932,0.5087289999999999,0.5,0.5116751269035532,0.2629441624365482,0.22538071065989848,2223,H,0.0,0.0
2023-02-04,Brighton,Bournemouth,H,1,0,0,0,2.0,2.8,1.6,1.803322,1.7490100000000002,0.2,0.2,2.0,0.8185368000000001,1.902768,0.9847852,0.4453947368421053,0.7093184979137691,0.17969401947148816,0.1109874826147427,2223,H,0.0,0.0
2023-02-04,Man United,Crystal Palace,H,2,1,1,0,2.0,1.8,1.0,1.8140011999999999,1.0639426,1.0,0.6,1.2,0.8248048000000001,1.5058078,0.9891963999999998,0.3333333333333333,0.6803939122649956,0.20053715308863027,0.11906893464637423,2223,H,0.0,0.0
2023-02-04,Wolves,Liverpool,H,3,0,2,0,1.4,0.8,1.2,0.7832926,1.7537490000000002,1.4,1.2,1.6,2.045192,1.7798504000000002,-1.2618994000000001,0.0,0.23725953425582186,0.249746878164023,0.5129935875801553,2223,A,0.0,0.0
2023-02-04,Newcastle,West Ham,D,1,1,1,1,1.8,0.8,0.0,1.7836406,0.6243504,0.8,1.0,1.6,1.3325310000000001,1.1506795999999997,0.4511095999999999,0.0,0.5925155925155925,0.24948024948024947,0.15800415800415799,2223,H,0.0,0.0
2023-02-05,Nott'm Forest,Leeds,H,1,0,1,0,1.6,1.0,1.0,1.2028210000000001,1.3496022,0.6,0.8,1.4,1.0432472000000002,2.012106,0.1595738,0.4453947368421053,0.3608748481166464,0.28760631834750905,0.3515188335358444,2223,H,0.0,0.0
2023-02-05,Tottenham,Man City,H,1,0,1,0,1.2,1.4,1.6,1.2207276,1.496445,2.0,2.0,1.0,2.097846,0.83722498,-0.8771184000000001,0.6666666666666666,0.22056345980469233,0.22739042403674234,0.5520461161585652,2223,A,0.0,0.0
2023-02-08,Man United,Leeds,D,2,2,0,1,2.0,2.0,1.2,1.7386152,1.2223682,0.6,0.6,1.0,1.147159,1.2461080000000002,0.5914561999999999,1.0,0.6528835690968444,0.18933623503808486,0.15778019586507072,2223,H,0.0,0.0
2023-02-11,Fulham,Nott'm Forest,H,2,0,1,0,1.4,0.6,0.6,0.9245598000000002,1.644479,2.2,1.2,0.4,1.1739058,1.1469282,-0.24934599999999985,1.0,0.5033161409882997,0.27466680836790064,0.22201705064379962,2223,H,0.0,0.0
2023-02-11,Arsenal,Brentford,D,1,1,0,0,2.0,1.8,1.0,1.9653698,1.2381258,2.6,2.0,0.2,1.490044,0.9065608,0.4753258,0.6666666666666666,0.6627466613514053,0.20091688259916285,0.13633645604943193,2223,H,0.0,0.0
2023-02-11,Crystal Palace,Brighton,D,1,1,0,0,0.4,0.4,1.6,0.7502367999999999,1.7407139999999999,2.0,2.4,1.4,2.113286,1.5892516,-1.3630492,0.0,0.25089605734767023,0.27240143369175623,0.4767025089605735,2223,A,0.0,0.0
2023-02-11,Bournemouth,Newcastle,D,1,1,1,1,0.2,0.2,1.8,0.9115824,2.0314039999999998,1.4,0.4,0.2,1.6766425999999999,0.8178143999999999,-0.7650601999999999,0.0,0.1454891239748009,0.23641982645905146,0.6180910495661476,2223,A,0.0,0.0
2023-02-11,Leicester,Tottenham,H,4,1,3,1,0.8,1.4,1.8,1.3952386,1.7113,1.8,1.6,1.2,1.391187,1.4077284,0.004051600000000155,0.0,0.28062360801781744,0.26503340757238314,0.4543429844097996,2223,A,0.0,0.0
2023-02-11,Southampton,Wolves,A,1,2,1,0,0.6,0.6,1.6,0.745806,1.485998,1.4,1.0,1.0,1.0657966,1.7688290000000002,-0.3199906000000001,0.0,0.3285685524461445,0.29776525065431847,0.37366619689953695,2223,A,0.0,0.0
2023-02-11,West Ham,Chelsea,D,1,1,1,1,1.0,1.0,1.2,1.382889,1.0187896,1.0,0.4,0.6,1.6563872,1.0125886,-0.2734981999999999,0.3333333333333333,0.28846153846153844,0.28846153846153844,0.423076923076923,2223,A,0.0,0.0
2023-02-12,Leeds,Man United,A,0,2,0,0,0.6,1.0,1.4,1.1546988,1.08843,1.6,1.8,1.6,1.5438632,1.1975234000000001,-0.3891644000000001,0.0,0.25315219476465356,0.24982124483353968,0.49702656040180676,2223,A,0.0,0.0
2023-02-12,Man City,Aston Villa,H,3,1,3,0,1.8,1.8,1.0,1.7799293999999999,1.1063606000000001,2.0,1.6,1.2,1.31176,1.4070278000000003,0.46816939999999985,0.6666666666666666,0.7657295850066934,0.14725568942436412,0.08701472556894244,2223,H,0.0,0.0
2023-02-13,Liverpool,Everton,H,2,0,1,0,0.8,0.6,2.0,1.6041900000000002,1.9681964,0.8,0.8,1.8,0.96112158,1.8227304,0.6430684200000002,0.6666666666666666,0.6340391980175715,0.2196440639783735,0.14631673800405498,2223,H,0.0,0.0
2023-02-15,Arsenal,Man City,A,1,3,1,1,1.6,1.2,0.8,1.5946338,1.4418758,1.8,2.2,1.2,2.1579594,1.062715,-0.5633256000000002,0.0,0.3265184597062326,0.2705438666137356,0.40293767368003175,2223,A,0.0,0.0
2023-02-18,Brighton,Fulham,A,0,1,0,0,2.2,2.2,0.8,2.411922,1.1306954,1.4,0.8,0.6,0.9969818,1.4914017999999998,1.4149402000000002,0.0,0.5766312594840667,0.25037936267071315,0.17298937784522,2223,H,0.0,0.0
2023-02-18,Aston Villa,Arsenal,A,2,4,2,1,1.4,1.4,1.8,1.1233636,2.0151252,1.4,1.4,1.4,1.7407843999999997,1.6516531999999997,-0.6174207999999997,0.0,0.1904761904761905,0.23809523809523814,0.5714285714285715,2223,A,0.0,0.0
2023-02-18,Brentford,Crystal Palace,D,1,1,0,0,2.2,1.8,0.4,1.6222480000000001,0.9520788,0.6,0.6,1.0,0.7783876,1.937648,0.8438604000000002,0.0,0.5182625863770978,0.27097729516288255,0.21076011846001974,2223,H,0.0,0.0
2023-02-18,Chelsea,Southampton,A,0,1,0,1,1.2,0.6,0.6,1.737765,0.8838746000000001,0.6,0.6,1.6,0.8664698,1.3105182,0.8712952,0.6666666666666666,0.6851930420025457,0.20195163343232925,0.11285532456512516,2223,H,0.0,0.0
2023-02-18,Everton,Leeds,H,1,0,0,0,0.6,0.6,2.0,1.0263874000000002,1.7966463999999998,0.4,0.6,1.4,1.2814848,1.09069,-0.2550973999999999,0.3333333333333333,0.3956834532374101,0.2877697841726619,0.31654676258992803,2223,H,0.0,0.0
2023-02-18,Wolves,Bournemouth,A,0,1,0,0,2.0,1.4,1.0,1.0713924,1.539779,0.4,0.4,1.6,1.0413346,1.9905819999999999,0.0300577999999998,0.0,0.5739795918367347,0.26626275510204084,0.15975765306122447,2223,H,0.0,0.0
2023-02-18,Newcastle,Liverpool,A,0,2,0,2,1.4,0.6,0.4,1.4286566,1.0233105999999998,0.8,0.6,1.8,1.6458460000000001,1.8760002,-0.2171894000000001,0.0,0.3787575150300601,0.2705410821643286,0.3507014028056112,2223,H,0.0,0.0
2023-02-18,Nott'm Forest,Man City,D,1,1,0,1,2.0,1.0,0.6,1.1142267999999997,1.2117262,2.4,2.6,1.0,2.4122513999999997,1.006537,-1.2980246,0.0,0.11008468052347962,0.17013086989992304,0.7197844495765975,2223,A,0.0,0.0
2023-02-19,Man United,Leicester,H,3,0,1,0,1.6,1.8,1.4,1.4081572,1.4284594,1.4,2.0,1.6,1.5049921999999998,1.529792,-0.09683499999999978,0.3333333333333333,0.5942810982926428,0.22234073423419892,0.18337816747315835,2223,H,0.0,0.0
2023-02-19,Tottenham,West Ham,H,2,0,0,0,1.2,1.0,2.0,1.281577,1.5326394,1.2,1.2,1.0,1.370161,0.8960106,-0.088584,0.3333333333333333,0.5392195506503745,0.2621206148994876,0.19865983445013796,2223,H,0.0,0.0
2023-02-24,Fulham,Wolves,D,1,1,0,1,1.4,0.6,0.4,0.8995713999999999,1.5543297999999999,1.8,1.2,1.0,1.087171,1.5638750000000001,-0.1875996000000002,0.0,0.38247011952191234,0.298804780876494,0.31872509960159356,2223,H,0.0,0.0
2023-02-25,Leeds,Southampton,H,1,0,0,0,0.4,0.4,1.2,0.9083753999999999,1.0691140000000001,1.2,0.8,1.4,0.8645022000000001,1.3893162000000001,0.043873199999999835,0.0,0.48908296943231444,0.2724890829694323,0.23842794759825325,2223,H,0.0,0.0
2023-02-25,Leicester,Arsenal,A,0,1,0,0,1.4,2.0,2.0,1.4939062,2.112132,1.4,1.8,1.8,1.9042824,1.3767396,-0.41037619999999997,0.0,0.2007380073800738,0.23837638376383766,0.5608856088560886,2223,A,0.0,0.0
2023-02-25,Everton,Aston Villa,A,0,2,0,0,1.2,0.6,1.2,1.1002174,1.414665,1.2,1.6,2.4,0.9840620000000001,2.4205827999999996,0.11615539999999991,0.0,0.38247011952191234,0.298804780876494,0.31872509960159356,2223,H,0.0,0.0
2023-02-25,Bournemouth,Man City,A,1,4,0,3,1.0,0.6,1.0,1.1360782,1.578099,2.0,2.0,0.8,2.5058514,0.999009,-1.3697732,0.0,0.09531917627782954,0.1657724804831818,0.7389083432389886,2223,A,0.0,0.0
2023-02-25,Crystal Palace,Liverpool,D,0,0,0,0,0.8,0.8,1.0,0.8353183999999999,1.6336950000000001,1.4,0.8,1.2,1.658022,1.8058842,-0.8227036000000002,0.0,0.20017356089094587,0.25021695111368236,0.5496094879953717,2223,A,0.0,0.0
2023-02-25,West Ham,Nott'm Forest,H,4,0,0,0,1.0,0.8,1.0,1.1847056,0.9305546000000001,1.6,1.0,0.8,1.0950488,1.6477842000000003,0.08965679999999998,0.0,0.5446293494704992,0.264750378214826,0.19062027231467474,2223,H,0.0,0.0
2023-02-26,Tottenham,Chelsea,H,2,0,0,0,1.8,1.4,1.6,1.225597,1.19721,1.2,0.4,0.4,1.5813890000000002,0.8655278,-0.3557920000000001,0.0,0.375385840884198,0.29453350592452454,0.33008065319127755,2223,H,0.0,0.0
2023-03-01,Arsenal,Everton,H,4,0,2,0,1.4,1.4,1.4,1.4681482,1.32635966,1.2,0.4,1.2,1.1720534,1.6099150000000002,0.2960947999999999,0.3333333333333333,0.7030787448194198,0.20130254588513916,0.0956187092954411,2223,H,0.0,0.0
2023-03-01,Liverpool,Wolves,H,2,0,0,0,1.6,0.8,0.6,1.6705619999999999,1.5235774000000002,1.4,1.2,1.2,1.125344,1.5994806000000001,0.545218,0.6666666666666666,0.638655462184874,0.20168067226890757,0.1596638655462185,2223,H,0.0,0.0
2023-03-04,Man City,Newcastle,H,2,0,1,0,2.0,2.2,1.0,2.4367494,1.1222076,1.2,0.6,0.8,1.5864559999999999,1.2622811999999999,0.8502934000000002,0.6666666666666666,0.6538661131292164,0.21069019200830302,0.13544369486248053,2223,H,0.0,0.0
2023-03-04,Arsenal,Bournemouth,H,3,2,0,1,2.0,2.2,1.2,1.9439658000000002,1.22877766,1.0,0.8,1.4,1.2992756,1.914881,0.6446902000000001,1.0,0.7837283075200598,0.13659264788206757,0.07967904459787274,2223,H,0.0,0.0
2023-03-04,Southampton,Leicester,H,1,0,1,0,0.6,0.4,1.4,0.7259038,1.2969438,1.4,2.0,1.8,1.33729126,1.9059177999999999,-0.61138746,0.3333333333333333,0.3458980044345898,0.28824833702882485,0.3658536585365853,2223,A,0.0,0.0
2023-03-04,Aston Villa,Crystal Palace,H,1,0,1,0,1.2,1.6,2.2,1.066938,2.2362108,0.8,0.6,0.8,0.9504678,1.625067,0.11647019999999997,0.3333333333333333,0.46281601771544567,0.28750692009595863,0.24967706218859564,2223,H,0.0,0.0
2023-03-04,Chelsea,Leeds,H,1,0,0,0,0.6,0.2,0.8,1.2078712,0.8833171999999999,0.8,0.6,1.2,0.9774378,1.1131116,0.2304334,0.6666666666666666,0.5883926183471516,0.23829901043059643,0.17330837122225196,2223,H,0.0,0.0
2023-03-04,Wolves,Tottenham,H,1,0,0,0,1.4,1.2,1.0,1.1888505999999999,1.4743486,2.4,1.4,0.8,1.1778616000000002,0.7813342000000001,0.010988999999999693,0.3333333333333333,0.288135593220339,0.2796610169491525,0.43220338983050843,2223,A,0.0,0.0
2023-03-04,Brighton,West Ham,H,4,0,1,0,1.6,1.4,0.8,2.45321,0.9417462000000001,1.6,1.6,0.8,1.6477486,0.8394780000000001,0.8054614,0.6666666666666666,0.5263157894736842,0.2631578947368421,0.21052631578947367,2223,H,0.0,0.0
2023-03-05,Nott'm Forest,Everton,D,2,2,1,2,1.0,0.6,1.6,0.8145926000000001,2.0971640000000003,1.2,0.4,1.6,1.4354882000000002,1.729995,-0.6208956000000001,0.0,0.35242290748898675,0.3171806167400881,0.33039647577092507,2223,H,0.0,0.0
2023-03-05,Liverpool,Man United,H,7,0,1,0,2.0,1.2,0.6,1.950694,1.3120054,2.0,2.2,1.2,1.9786091999999997,1.6251476,-0.027915199999999807,0.6666666666666666,0.40201005025125636,0.2657733109994417,0.33221663874930213,2223,H,0.0,0.0
2023-03-06,Brentford,Fulham,H,3,2,1,1,1.8,1.4,0.4,1.324449,0.7555607999999999,1.6,0.8,0.4,0.8842236,1.3612372000000001,0.4402254,0.0,0.4850444624090542,0.2627324171382377,0.25222312045270817,2223,H,0.0,0.0
2023-03-11,Bournemouth,Liverpool,H,1,0,1,0,0.8,1.0,1.8,1.2867115999999998,2.092351,2.6,2.6,0.0,2.3788460000000002,0.9528578,-1.0921344000000004,0.0,0.12727272727272726,0.19090909090909092,0.6818181818181818,2223,A,0.0,0.0
2023-03-11,Everton,Brentford,H,1,0,1,0,0.8,0.6,2.0,1.3588602,1.7519212,1.8,1.6,0.8,1.5535349999999999,1.0367662,-0.19467479999999981,0.0,0.3532608695652174,0.29347826086956524,0.3532608695652174,2223,H,0.0,0.0
2023-03-11,Leeds,Brighton,D,2,2,1,1,0.8,0.6,1.2,0.8795748,1.4201716,1.6,1.6,0.8,2.673072,0.7340492,-1.7934972,0.0,0.2522231204527081,0.26273241713823764,0.48504446240905413,2223,A,0.0,0.0
2023-03-11,Leicester,Chelsea,A,1,3,1,2,1.2,1.6,1.6,1.3995112600000001,1.7855998,1.0,0.4,0.8,1.2124972,0.7498661999999999,0.1870140600000001,0.0,0.2503438789546079,0.26822558459422274,0.4814305364511692,2223,A,0.0,0.0
2023-03-11,Tottenham,Nott'm Forest,H,3,1,2,0,1.8,1.2,1.0,1.2302766000000003,0.6751516,1.0,0.8,1.8,0.6594512,2.07782,0.5708254000000003,1.0,0.6627466613514053,0.20091688259916285,0.13633645604943193,2223,H,0.0,0.0
2023-03-11,Crystal Palace,Man City,A,0,1,0,0,0.6,0.6,1.0,0.9143891999999999,1.5144199999999999,2.6,2.6,0.8,2.550288,0.9098334000000001,-1.6358988,0.3333333333333333,0.10512611879576893,0.19918633034987795,0.6956875508543532,2223,A,0.0,0.0
2023-03-12,Man United,Southampton,D,0,0,0,0,2.0,1.8,2.0,2.0916683999999997,1.7331396,1.2,0.6,1.2,0.860079,1.3981818000000001,1.2315893999999996,0.3333333333333333,0.7026858213616489,0.19113054341036853,0.10618363522798249,2223,H,0.0,0.0
2023-03-12,Fulham,Arsenal,A,0,3,0,3,1.6,1.2,0.8,1.0006076,1.6511921999999999,2.4,2.6,1.4,2.1630478,1.14223566,-1.1624402000000003,0.0,0.15818639798488665,0.23727959697732998,0.6045340050377834,2223,A,0.0,0.0
2023-03-12,Newcastle,Wolves,H,2,1,1,0,0.6,0.4,1.2,1.2659058,1.3325948,1.4,0.8,1.0,0.77469,1.4651386,0.4912158000000001,0.3333333333333333,0.5747126436781609,0.2528735632183908,0.17241379310344826,2223,H,0.0,0.0
2023-03-12,West Ham,Aston Villa,D,1,1,1,1,1.0,1.2,1.6,1.2039996,1.4820988,1.2,1.6,2.2,1.012195,2.1322742000000003,0.1918046,1.0,0.43220338983050843,0.288135593220339,0.2796610169491525,2223,H,0.0,0.0
2023-03-15,Brighton,Crystal Palace,H,1,0,1,0,1.6,1.6,0.8,2.586866,0.5815148000000001,0.6,0.4,0.8,0.6755287999999999,1.5380299999999998,1.9113372000000002,0.0,0.6566604127579737,0.225140712945591,0.11819887429643527,2223,H,0.0,0.0
2023-03-15,Southampton,Brentford,A,0,2,0,1,1.4,0.6,0.6,0.9673080000000001,1.10687,1.6,1.6,1.0,1.9094829999999998,1.3050169999999999,-0.9421749999999998,0.3333333333333333,0.32914725541827017,0.29167510633988253,0.3791776382418473,2223,A,0.0,0.0
2023-03-17,Nott'm Forest,Newcastle,A,1,2,1,1,0.4,0.8,2.4,0.9185612000000001,2.2001220000000004,1.0,0.8,1.4,1.4681918,1.407943,-0.5496306,0.0,0.171161652671968,0.24773397097258523,0.5811043763554469,2223,A,0.0,0.0
2023-03-18,Wolves,Leeds,A,2,4,0,1,0.8,0.6,1.2,0.7935388,1.6957866,0.8,0.6,1.2,0.8879628,1.3229336,-0.09442400000000006,0.0,0.41929720071471116,0.2948183442525313,0.2858844550327576,2223,H,0.0,0.0
2023-03-18,Chelsea,Everton,D,2,2,0,0,1.4,1.0,1.0,1.2285111999999998,1.1234760000000001,1.4,0.8,1.6,1.6215920000000001,1.6955151999999998,-0.39308080000000034,0.3333333333333333,0.6422018348623854,0.22935779816513763,0.12844036697247707,2223,H,0.0,0.0
2023-03-18,Aston Villa,Bournemouth,H,3,0,1,0,1.4,1.4,1.6,1.110693,2.0619742000000003,1.4,1.2,1.6,1.3253080000000002,2.007889,-0.21461500000000022,0.0,0.5594817432273262,0.2502944640753828,0.19022379269729095,2223,H,0.0,0.0
2023-03-18,Brentford,Leicester,D,1,1,1,0,1.6,1.4,1.0,1.769171,1.2479353999999998,0.6,1.0,1.8,1.37222126,1.7847757999999998,0.39694973999999994,0.0,0.49022277901846506,0.2600904188681301,0.24968680211340488,2223,H,0.0,0.0
2023-03-18,Southampton,Tottenham,D,3,3,0,1,1.4,0.4,0.6,0.7786974,1.3169218,1.8,1.6,1.2,1.2929046,0.8460121999999999,-0.5142072,0.3333333333333333,0.19865983445013796,0.2621206148994876,0.5392195506503745,2223,A,0.0,0.0
2023-03-19,Arsenal,Crystal Palace,H,4,1,2,0,3.0,3.0,0.8,2.3514798,0.8642176599999999,0.4,0.2,0.8,0.7327769999999999,1.1258134000000002,1.6187027999999999,0.3333333333333333,0.7630057803468208,0.17341040462427745,0.06358381502890173,2223,H,0.0,0.0
2023-04-01,Man City,Liverpool,H,4,1,1,1,2.6,2.2,0.6,2.265994,0.8918633999999999,2.0,2.2,0.2,2.359194,1.0926475999999998,-0.09319999999999995,0.0,0.5848930481283423,0.22560160427807488,0.18950534759358292,2223,H,0.0,0.0
2023-04-01,Arsenal,Leeds,H,4,1,1,0,3.0,3.0,0.6,2.0866537999999997,1.03545526,1.4,1.4,1.2,0.8406168,1.6148995999999998,1.2460369999999996,1.0,0.7361963190184049,0.15828220858895706,0.10552147239263804,2223,H,0.0,0.0
2023-04-01,Bournemouth,Fulham,H,2,1,0,1,1.2,1.0,2.0,1.1164200000000002,2.3891310000000003,1.4,1.2,1.4,1.0256034,1.8969601999999999,0.09081660000000014,0.0,0.37265577737447064,0.2879612825166364,0.33938294010889286,2223,H,0.0,0.0
2023-04-01,Brighton,Brentford,D,3,3,2,2,1.6,1.6,0.8,2.1932194,0.6427592000000001,1.6,1.4,1.0,1.4293884,1.2587254,0.7638309999999999,0.6666666666666666,0.5709391949757351,0.2383671139023694,0.19069369112189552,2223,H,0.0,0.0
2023-04-01,Crystal Palace,Leicester,H,2,1,0,0,0.2,0.2,1.4,0.746761,1.3109284,0.2,0.4,1.8,1.37407126,1.6566512,-0.62731026,0.0,0.3800403225806452,0.2923387096774194,0.3276209677419355,2223,H,0.0,0.0
2023-04-01,Nott'm Forest,Wolves,D,1,1,1,0,0.4,1.0,2.4,0.8875933999999999,2.360768,0.8,1.0,1.8,1.1639718000000001,1.7962186,-0.27637840000000025,0.0,0.3180446590223295,0.30778515389257693,0.3741701870850936,2223,A,0.0,0.0
2023-04-01,Chelsea,Aston Villa,A,0,2,0,1,1.4,1.2,1.2,1.4284722,1.2375960000000001,2.0,1.8,1.0,1.7465713999999999,1.4400282,-0.3180991999999998,1.0,0.5689677299756157,0.2500463444892837,0.1809859255351006,2223,H,0.0,0.0
2023-04-02,West Ham,Southampton,H,1,0,1,0,1.0,1.2,1.6,1.3776056,1.6346108000000001,1.0,0.8,1.2,1.158945,1.3704218000000001,0.2186606000000002,0.0,0.5474785570898474,0.26309386215706554,0.1894275807530872,2223,H,0.0,0.0
2023-04-02,Newcastle,Man United,H,2,0,0,0,1.4,1.0,1.4,1.7224798,1.2586780000000002,1.6,1.4,1.8,1.8597806000000001,1.6932856,-0.13730080000000022,0.0,0.39471577261809454,0.27862289831865494,0.3266613290632506,2223,H,0.0,0.0
2023-04-03,Everton,Tottenham,D,1,1,0,0,1.0,1.0,2.0,1.64332,1.9560885999999997,2.0,2.0,1.0,1.4464326,1.0677502,0.19688739999999982,0.0,0.2796610169491525,0.288135593220339,0.43220338983050843,2223,A,0.0,0.0
2023-04-04,Bournemouth,Brighton,A,0,2,0,1,1.2,1.2,2.2,1.51398,2.3270578,1.6,2.0,1.2,2.4271574,0.7128634,-0.9131773999999999,0.0,0.15747684164093514,0.22496691662990734,0.6175562417291575,2223,A,0.0,0.0
2023-04-04,Leeds,Nott'm Forest,H,2,1,2,1,1.4,1.6,1.8,0.8206579999999999,1.9663736,0.4,1.0,2.4,0.8850054,1.8755838,-0.06434740000000017,0.0,0.5576208178438662,0.2527881040892193,0.1895910780669145,2223,H,0.0,0.0
2023-04-04,Leicester,Aston Villa,A,1,2,1,1,0.2,0.6,1.6,1.1345070600000002,1.1942672,2.6,1.8,0.2,1.8325798,1.3441142,-0.6980727399999997,0.3333333333333333,0.37037037037037035,0.2861952861952861,0.34343434343434337,2223,H,0.0,0.0
2023-04-04,Chelsea,Liverpool,D,0,0,0,0,1.4,1.2,1.4,1.5810742000000002,1.2668484,1.4,2.0,1.0,1.9897302,1.3454296,-0.4086559999999997,0.0,0.43029595015576316,0.27842679127725856,0.29127725856697817,2223,H,0.0,0.0
2023-04-05,Man United,Brentford,H,1,0,1,0,1.4,1.0,1.8,1.526592,2.24865,1.6,1.8,1.4,1.5631274000000002,1.7982213999999999,-0.03653540000000022,0.6666666666666666,0.5738880918220947,0.23672883787661403,0.18938307030129126,2223,H,0.0,0.0
2023-04-05,West Ham,Newcastle,A,1,5,1,2,1.4,1.2,1.4,1.4431015999999999,1.51817,1.8,1.2,1.2,2.0790978000000004,1.0165874,-0.6359962000000006,0.3333333333333333,0.2644026109166588,0.29287673824614513,0.4427206508371961,2223,A,0.0,0.0
2023-04-08,Man United,Everton,H,2,0,1,0,1.4,0.8,1.8,1.4947419999999998,1.999322,1.2,1.2,1.8,1.499775,1.8223685999999997,-0.005033000000000287,0.3333333333333333,0.6340391980175715,0.2196440639783735,0.14631673800405498,2223,H,0.0,0.0
2023-04-08,Aston Villa,Nott'm Forest,H,2,0,0,0,2.6,1.8,0.4,1.6208237999999997,1.1702156000000001,0.4,1.2,2.0,0.937619,1.7520158000000001,0.6832047999999997,0.0,0.5932203389830508,0.22598870056497172,0.18079096045197737,2223,H,0.0,0.0
2023-04-08,Brentford,Newcastle,A,1,2,1,0,1.0,1.2,1.2,1.2034094,1.6920594000000002,2.4,2.2,1.0,2.2975757999999997,0.7501734000000001,-1.0941663999999998,0.0,0.2621286197818729,0.2775479503572772,0.46032342986085,2223,A,0.0,0.0
2023-04-08,Fulham,West Ham,A,0,1,0,1,0.8,1.0,1.8,0.8064051999999998,2.3877034,1.4,1.4,2.0,1.536751,1.8002679999999998,-0.7303458000000002,0.0,0.34174279831277615,0.2944245647002379,0.36383263698698604,2223,A,0.0,0.0
2023-04-08,Leicester,Bournemouth,A,0,1,0,1,0.2,0.8,1.8,1.2647572000000002,1.2501734,1.2,1.0,1.8,1.52757,2.2574297999999997,-0.26281279999999985,0.0,0.5198277142432793,0.25367592455072036,0.2264963612060003,2223,H,0.0,0.0
2023-04-08,Tottenham,Brighton,H,2,1,1,1,1.6,1.8,1.2,1.4387026,1.1593886,2.2,2.4,1.0,2.4111914,0.8986646,-0.9724887999999998,0.6666666666666666,0.37410926365795727,0.2725653206650831,0.3533254156769596,2223,H,0.0,0.0
2023-04-08,Wolves,Chelsea,H,1,0,1,0,0.8,1.0,1.8,1.0413002,1.8364739999999997,1.6,1.2,1.0,1.966424,1.1220291999999998,-0.9251237999999999,0.0,0.2273268269459653,0.27279219233515833,0.49988098071887654,2223,A,0.0,0.0
2023-04-08,Southampton,Man City,A,1,4,0,1,1.0,0.8,1.2,1.1443716,1.5071382,2.6,2.4,0.6,2.466798,0.6152196,-1.3224264,0.0,0.08595988538681948,0.15759312320916904,0.7564469914040115,2223,A,0.0,0.0
2023-04-09,Leeds,Crystal Palace,A,1,5,1,1,1.4,1.8,2.0,1.1631444,2.0109314,0.6,0.6,1.6,0.9358858,1.0804742,0.22725859999999998,0.3333333333333333,0.4543429844097996,0.28062360801781744,0.26503340757238314,2223,H,0.0,0.0
2023-04-09,Liverpool,Arsenal,D,2,2,1,2,1.4,2.0,1.0,1.7599275999999997,1.5854184,3.0,3.6,0.8,2.6013379999999997,1.1309078,-0.8414104,0.6666666666666666,0.332216638749302,0.2657733109994416,0.40201005025125625,2223,A,0.0,0.0
2023-04-15,Aston Villa,Newcastle,H,3,0,1,0,2.6,2.0,0.4,1.7281388,1.1861538,3.0,2.6,0.8,2.430288,0.8949273999999999,-0.7021492,0.3333333333333333,0.2621286197818729,0.2775479503572772,0.46032342986085,2223,A,0.0,0.0
2023-04-15,Chelsea,Brighton,A,1,2,1,1,1.0,1.0,1.2,1.7559256,1.1154608,1.6,1.8,1.4,2.0063034,0.9674834000000001,-0.2503778000000001,0.0,0.3605514316012725,0.2788971367974549,0.3605514316012725,2223,H,0.0,0.0
2023-04-15,Man City,Leicester,H,3,1,3,0,3.0,3.0,0.6,2.5168640000000004,0.48830979999999996,0.2,0.8,1.8,1.0770482,1.3663014,1.4398158000000005,1.0,0.8263659342796034,0.11083025471514679,0.06280381100524984,2223,H,0.0,0.0
2023-04-15,Everton,Fulham,A,1,3,1,1,1.2,1.2,1.4,1.3688116,2.0856866,0.2,0.8,2.0,0.8528672,2.0914753999999998,0.5159443999999999,0.0,0.4636078864934587,0.2795282845034089,0.2568638290031325,2223,H,0.0,0.0
2023-04-15,Tottenham,Bournemouth,A,2,3,1,1,1.6,1.8,1.4,1.3722678000000001,1.4020304,1.8,0.8,1.2,1.5638280000000002,1.9112648,-0.19156020000000007,1.0,0.6538661131292164,0.21069019200830302,0.13544369486248053,2223,H,0.0,0.0
2023-04-15,Wolves,Brentford,H,2,0,1,0,1.4,1.2,1.4,1.0041688,1.4591535999999998,1.0,1.4,1.4,1.2262754,1.5535354,-0.22210660000000004,0.3333333333333333,0.3835842441740565,0.303155289750464,0.3132604660754795,2223,H,0.0,0.0
2023-04-15,Southampton,Crystal Palace,A,0,2,0,0,0.4,0.8,2.0,0.9742678,1.7850341999999997,1.2,1.6,1.6,1.5507076,1.1065032000000001,-0.5764398,0.0,0.34010564811052413,0.30719219829337663,0.3527021535960991,2223,A,0.0,0.0
2023-04-16,West Ham,Arsenal,D,2,2,1,2,1.4,0.8,2.0,1.1732090000000002,1.8214029999999997,2.6,3.2,1.2,2.294762,1.7381318000000001,-1.1215529999999998,0.0,0.15874177029992684,0.22677395757132407,0.6144842721287491,2223,A,0.0,0.0
2023-04-16,Nott'm Forest,Man United,A,0,2,0,1,0.2,0.8,2.0,0.8241628000000001,1.6956978,1.4,0.6,1.8,1.5225719999999998,1.9098026000000001,-0.6984091999999997,0.0,0.17330837122225196,0.23829901043059643,0.5883926183471516,2223,A,0.0,0.0
2023-04-17,Leeds,Liverpool,A,1,6,0,2,1.4,2.0,2.8,1.2404954,2.2827454,1.0,2.0,1.4,2.1475695999999997,1.7353184,-0.9070741999999998,0.3333333333333333,0.2258485639686684,0.2258485639686684,0.5483028720626633,2223,A,0.0,0.0
2023-04-21,Arsenal,Southampton,D,3,3,1,2,2.2,3.0,1.2,2.345768,1.7817878,0.2,0.8,2.4,0.8738516000000001,1.7754640000000002,1.4719164,0.3333333333333333,0.7913043478260869,0.13565217391304346,0.07304347826086957,2223,H,0.0,0.0
2023-04-22,Fulham,Leeds,H,2,1,0,0,0.6,1.2,2.0,1.0546586000000002,2.34058,1.2,1.8,3.6,1.3546438,2.5109214,-0.29998519999999984,1.0,0.41349548842683415,0.2797175362887407,0.3067869752844253,2223,H,0.0,0.0
2023-04-22,Brentford,Aston Villa,D,1,1,0,0,0.4,1.0,1.8,1.1957534,1.6695639999999998,3.0,2.4,0.2,1.7134648,0.841903,-0.5177113999999998,0.3333333333333333,0.3791776382418473,0.29167510633988253,0.32914725541827017,2223,H,0.0,0.0
2023-04-22,Crystal Palace,Everton,D,0,0,0,0,1.8,2.0,1.4,1.68622,0.8045129999999998,1.0,1.0,1.6,1.4755816,2.310158,0.21063840000000011,0.3333333333333333,0.4571863987046386,0.2928850366701591,0.2499285646252024,2223,H,0.0,0.0
2023-04-22,Leicester,Wolves,H,2,1,1,1,0.2,0.8,1.8,0.9901541999999999,1.3887494,1.4,1.4,1.4,1.0794974,1.5106376,-0.08934320000000007,0.6666666666666666,0.39768618944323936,0.28681610026512416,0.31549771029163654,2223,H,0.0,0.0
2023-04-22,Liverpool,Nott'm Forest,H,3,2,0,0,1.0,1.8,1.6,1.9899836,1.8013059999999999,0.2,0.6,1.8,0.7091308,2.0162278000000002,1.2808528,0.0,0.8164441456152147,0.12736528671597347,0.05619056766881183,2223,H,0.0,0.0
2023-04-23,Bournemouth,West Ham,A,0,4,0,3,1.8,1.2,1.6,1.584768,1.9455427999999997,1.6,1.2,1.6,1.51539,1.6649809999999998,0.06937799999999994,0.0,0.33009708737864074,0.29708737864077667,0.37281553398058254,2223,A,0.0,0.0
2023-04-23,Newcastle,Tottenham,H,6,1,5,0,2.4,2.2,1.2,2.0242511999999997,1.1365524,1.6,2.2,1.8,1.5822998000000001,1.530731,0.44195139999999955,0.3333333333333333,0.5198277142432793,0.25367592455072036,0.2264963612060003,2223,H,0.0,0.0
2023-04-25,Wolves,Crystal Palace,H,2,0,1,0,1.4,1.4,1.4,1.0567704,1.5534416,2.0,2.0,1.2,1.5169434,0.77351,-0.46017299999999994,0.0,0.3872529245663574,0.2964905203711174,0.3162565550625252,2223,H,0.0,0.0
2023-04-25,Aston Villa,Fulham,H,1,0,1,0,2.6,2.0,0.4,1.3557207999999998,1.148199,1.2,1.2,1.6,1.0071226,2.066828,0.34859819999999986,0.0,0.5393258426966292,0.23595505617977527,0.2247191011235955,2223,H,0.0,0.0
2023-04-25,Leeds,Leicester,D,1,1,1,0,0.6,1.2,3.6,1.2386278000000002,2.2457314,0.6,1.0,1.8,1.2397462000000001,1.412708,-0.0011183999999999639,0.0,0.41257367387033406,0.27111984282907664,0.3163064833005894,2223,H,0.0,0.0
2023-04-26,Nott'm Forest,Brighton,H,3,1,1,1,0.2,0.8,2.0,0.7476670000000001,2.1816638,2.0,1.8,1.2,2.2077414,0.9407978,-1.4600744,0.0,0.15747684164093514,0.22496691662990734,0.6175562417291575,2223,A,0.0,0.0
2023-04-26,Chelsea,Brentford,A,0,2,0,1,0.4,0.6,1.4,1.5496315999999999,1.1473967999999999,0.4,1.0,1.8,1.5067840000000001,1.7185020000000002,0.042847599999999764,0.3333333333333333,0.5608856088560886,0.23837638376383766,0.2007380073800738,2223,H,0.0,0.0
2023-04-26,West Ham,Liverpool,A,1,2,1,1,2.0,1.8,1.4,1.590766,1.4616404,1.6,2.4,1.8,2.2285435999999996,1.7259832000000004,-0.6377775999999997,0.3333333333333333,0.24342105263157898,0.24342105263157898,0.513157894736842,2223,A,0.0,0.0
2023-04-26,Man City,Arsenal,H,4,1,2,0,3.0,2.8,0.6,2.2418560000000003,0.6566398,1.8,3.0,1.8,2.296276,1.9442498000000001,-0.05441999999999991,1.0,0.6098741529525653,0.21006776379477252,0.18005808325266215,2223,H,0.0,0.0
2023-04-27,Everton,Newcastle,A,1,4,0,1,0.6,0.8,1.6,1.219126,1.9936094,2.4,3.0,1.2,2.3212612,1.2067556000000002,-1.1021352,0.3333333333333333,0.19742911033269403,0.26049674280008245,0.5420741468672235,2223,A,0.0,0.0
2023-04-27,Southampton,Bournemouth,A,0,1,0,0,0.4,1.4,2.6,1.0881821999999999,1.9215,1.8,1.2,1.8,1.6796773999999999,1.7592387999999999,-0.5914952,1.0,0.42285270112708895,0.27982899339292655,0.29731830547998445,2223,H,0.0,0.0
2023-04-27,Tottenham,Man United,D,2,2,0,2,1.0,1.8,2.8,1.411936,2.002185,2.0,1.0,0.4,2.0225576,1.4318426,-0.6106215999999998,0.0,0.33962264150943394,0.2641509433962264,0.39622641509433965,2223,A,0.0,0.0
2023-04-29,Crystal Palace,West Ham,H,4,3,3,2,2.0,1.8,0.8,1.3946142,0.692032,1.4,1.8,1.8,1.4979096,1.7388882000000003,-0.10329540000000015,0.3333333333333333,0.36158592090624053,0.2926064529179731,0.34580762617578636,2223,H,0.0,0.0
2023-04-29,Brentford,Nott'm Forest,H,2,1,0,1,0.8,0.8,1.2,1.3900928000000001,1.19685,0.6,1.2,2.0,1.012477,2.5710439999999997,0.37761580000000006,0.0,0.5766312594840667,0.25037936267071315,0.17298937784522,2223,H,0.0,0.0
2023-04-29,Brighton,Wolves,H,6,0,4,0,1.4,1.8,1.8,2.5561239999999996,1.1855858,2.0,1.4,0.6,0.7297124,1.3385204000000002,1.8264115999999997,0.6666666666666666,0.6340391980175715,0.2196440639783735,0.14631673800405498,2223,H,0.0,0.0
2023-04-30,Bournemouth,Leeds,H,4,1,2,1,1.8,1.0,1.6,1.2492801999999998,1.7344358,0.8,1.2,3.0,1.558396,2.0038234000000004,-0.30911580000000005,0.0,0.37410926365795727,0.2725653206650831,0.3533254156769596,2223,H,0.0,0.0
2023-04-30,Fulham,Man City,A,1,2,1,2,1.2,1.2,1.2,0.8994314000000001,1.7059497999999997,3.0,3.2,0.8,2.375904,0.6643524000000001,-1.4764725999999997,0.0,0.07936507936507936,0.15873015873015872,0.7619047619047619,2223,A,0.0,0.0
2023-04-30,Man United,Aston Villa,H,1,0,1,0,2.0,1.4,0.8,2.2333914,1.6702146,2.6,1.8,0.4,1.3703938,0.6881238000000001,0.8629975999999999,0.0,0.5495481697043957,0.2437739316893858,0.20667789860621838,2223,H,0.0,0.0
2023-04-30,Newcastle,Southampton,H,3,1,0,1,2.4,3.4,1.4,2.2276732000000004,1.2953318,0.2,0.8,2.2,0.679435,1.7422647999999998,1.5482382000000003,0.6666666666666666,0.7258900795022467,0.1797442101624611,0.09436571033529209,2223,H,0.0,0.0
2023-04-30,Liverpool,Tottenham,H,4,3,3,1,2.2,2.6,1.2,2.5058093999999995,1.3113668,1.0,1.6,2.6,1.509468,1.891047,0.9963413999999995,0.3333333333333333,0.6226312939902545,0.21169463995668653,0.16567406605305904,2223,H,0.0,0.0
2023-05-01,Leicester,Everton,D,2,2,2,1,0.8,1.0,1.6,1.6171424,1.445056,0.4,0.6,2.0,1.0451776000000002,2.1862914,0.5719647999999999,0.3333333333333333,0.4751131221719457,0.27149321266968324,0.25339366515837103,2223,H,0.0,0.0
2023-05-02,Arsenal,Chelsea,H,3,1,3,0,1.2,2.4,2.4,2.0688144,2.1081978,0.2,0.2,1.4,1.4118255999999998,0.9571155999999998,0.6569888000000002,0.6666666666666666,0.5913978494623655,0.23655913978494622,0.17204301075268816,2223,H,0.0,0.0
2023-05-03,Liverpool,Fulham,H,1,0,1,0,2.6,3.4,1.8,2.9511879999999993,1.1634148000000002,1.2,1.2,1.2,0.8655842,1.5425178,2.0856037999999995,0.0,0.7512991833704529,0.1633259094283593,0.08537490720118782,2223,H,0.0,0.0
2023-05-03,Man City,West Ham,H,3,0,0,0,3.0,3.4,1.0,2.4029,0.7136154,1.4,2.2,1.6,1.7277495999999999,1.6344822,0.6751503999999999,0.6666666666666666,0.7913043478260869,0.13565217391304346,0.07304347826086957,2223,H,0.0,0.0
2023-05-04,Brighton,Man United,H,1,0,0,0,1.8,2.4,1.2,2.5131659999999996,1.0506228,2.6,1.6,0.4,2.427686,1.0908382,0.08547999999999956,0.6666666666666666,0.48143053645116923,0.2682255845942228,0.25034387895460797,2223,H,0.0,0.0
2023-05-06,Tottenham,Crystal Palace,H,1,0,1,0,0.8,2.0,3.2,1.520968,2.212196,2.0,2.2,1.2,1.4714482,1.0487642,0.049519800000000114,0.6666666666666666,0.5256916996047432,0.24901185770750986,0.225296442687747,2223,H,0.0,0.0
2023-05-06,Man City,Leeds,H,2,1,2,0,3.0,3.2,0.8,2.4002299999999996,0.7483962,0.2,1.0,3.6,1.339282,2.384486,1.0609479999999996,1.0,0.8226071808768025,0.11322945901480692,0.06416336010839059,2223,H,0.0,0.0
2023-05-06,Liverpool,Brentford,H,1,0,1,0,3.0,3.2,1.4,2.3579079999999997,1.0041778000000001,1.4,1.2,1.2,1.5252128,1.1558886000000002,0.8326951999999996,0.3333333333333333,0.6544502617801047,0.18848167539267016,0.15706806282722513,2223,H,0.0,0.0
2023-05-06,Wolves,Aston Villa,H,1,0,1,0,1.8,1.2,1.6,0.7737615999999999,1.8365804000000001,2.0,1.4,0.4,1.2570234,0.8149244,-0.4832618000000001,0.6666666666666666,0.33060831930752577,0.28853089685020433,0.38086078384226973,2223,A,0.0,0.0
2023-05-06,Bournemouth,Chelsea,A,1,3,1,1,2.4,1.8,1.4,1.5220821999999998,1.4750337999999998,0.2,0.4,1.6,1.0928179999999998,1.3605968,0.4292642,0.0,0.28754298815437523,0.2711119602598395,0.44134505158578524,2223,A,0.0,0.0
2023-05-07,Newcastle,Arsenal,A,0,2,0,1,2.4,3.0,1.4,2.4424052,1.3080828,1.2,2.2,2.4,1.9663584,2.1657164,0.4760468,0.3333333333333333,0.38686331810069224,0.25275070115911896,0.3603859807401887,2223,H,0.0,0.0
2023-05-07,West Ham,Man United,H,1,0,1,0,0.8,2.0,2.2,1.5796426,2.1429934000000004,2.0,1.4,0.6,2.462996,1.3817462000000003,-0.8833534000000001,0.0,0.2804889172671714,0.25430995165556874,0.4652011310772599,2223,A,0.0,0.0
2023-05-08,Fulham,Leicester,H,5,3,3,0,1.2,1.2,1.2,0.9223044000000001,1.6307398,1.0,1.2,1.6,2.147795,1.9020339999999998,-1.2254905999999997,1.0,0.3619297617627173,0.2719643638388418,0.3661058743984409,2223,A,0.0,0.0
2023-05-08,Brighton,Everton,A,1,5,0,3,1.8,2.2,1.2,2.4062879999999995,1.0841888000000002,0.4,0.8,2.2,1.5378006000000002,2.5729093999999995,0.8684873999999994,0.6666666666666666,0.7137192704203014,0.18080888183980967,0.10547184773988898,2223,H,0.0,0.0
2023-05-08,Nott'm Forest,Southampton,H,4,3,3,1,0.6,1.2,2.0,1.0776322,2.3486659999999993,0.2,1.0,2.6,0.7952178,2.2444528,0.28241440000000007,1.0,0.45434298440979953,0.2650334075723831,0.2806236080178174,2223,H,0.0,0.0
2023-05-13,Leeds,Newcastle,D,2,2,1,1,0.2,1.0,3.0,1.1633168,2.3060560000000003,1.8,2.6,1.6,2.5121792,1.1531628,-1.3488623999999998,0.0,0.21843546363997918,0.22519656132407379,0.556367975035947,2223,A,0.0,0.0
2023-05-13,Chelsea,Nott'm Forest,D,2,2,0,1,0.6,1.0,1.8,1.0087160000000002,1.5636633999999998,1.2,2.0,2.2,1.4137938,2.725422,-0.40507779999999993,0.0,0.631578947368421,0.21052631578947367,0.15789473684210525,2223,H,0.0,0.0
2023-05-13,Aston Villa,Tottenham,H,2,1,1,0,1.4,1.0,0.6,1.2719034,0.929644,0.8,1.8,3.0,1.6334702,1.9784317999999999,-0.3615668000000001,0.3333333333333333,0.41651705565529623,0.26032315978456017,0.32315978456014366,2223,H,0.0,0.0
2023-05-13,Southampton,Fulham,A,0,2,0,0,0.2,1.4,2.6,1.3588495999999999,2.0151068,1.2,1.6,1.6,0.8884384000000001,1.7673478,0.4704111999999998,0.0,0.34090909090909083,0.28409090909090906,0.37499999999999994,2223,A,0.0,0.0
2023-05-13,Man United,Wolves,H,2,0,1,0,1.4,1.0,0.8,1.82468,1.5451456000000001,1.8,1.2,1.6,0.8147409999999999,1.9738348000000001,1.0099390000000001,0.6666666666666666,0.6880733944954128,0.1871559633027523,0.12477064220183487,2223,H,0.0,0.0
2023-05-13,Crystal Palace,Bournemouth,H,2,0,1,0,1.4,1.2,1.2,0.8874080000000001,1.0759442,1.8,1.8,2.0,1.3808002,1.6823447999999999,-0.49339219999999984,1.0,0.5143906919779547,0.2614819350887937,0.2241273729332517,2223,H,0.0,0.0
2023-05-14,Brentford,West Ham,H,2,0,2,0,1.4,1.0,1.0,1.1489492000000001,1.3496146,1.2,1.8,1.8,1.5406886,1.8382694000000002,-0.39173939999999985,1.0,0.4701492537313433,0.26865671641791045,0.2611940298507463,2223,H,0.0,0.0
2023-05-14,Everton,Man City,A,0,3,0,2,1.0,1.8,2.0,1.93641,2.3431874,3.0,2.8,0.8,2.355176,0.6780208,-0.4187660000000002,0.0,0.10512611879576893,0.19918633034987795,0.6956875508543532,2223,A,0.0,0.0
2023-05-14,Arsenal,Brighton,A,0,3,0,0,1.6,2.2,2.0,1.9172184,1.5121404,1.8,2.2,1.8,2.7586239999999997,1.5538070000000002,-0.8414055999999996,0.3333333333333333,0.5483028720626633,0.2258485639686684,0.2258485639686684,2223,H,0.0,0.0
2023-05-15,Leicester,Liverpool,A,0,3,0,2,1.0,1.8,2.4,2.5865340000000003,1.867794,3.0,2.2,1.2,2.225356,0.8074602000000001,0.3611780000000002,0.3333333333333333,0.17997199064943042,0.2182108431661685,0.6018171661844011,2223,A,0.0,0.0
2023-05-18,Newcastle,Brighton,H,4,1,2,0,2.0,3.0,1.4,2.897398,1.1726928,1.8,2.4,1.6,2.696962,1.6528752,0.20043599999999984,0.3333333333333333,0.4767025089605736,0.2508960573476703,0.2724014336917563,2223,H,0.0,0.0
2023-05-20,Wolves,Everton,D,1,1,1,0,1.2,0.8,2.0,0.6806748,2.2914108,1.0,1.6,2.0,1.7250799999999997,2.1674453999999996,-1.0444051999999997,1.0,0.3458980044345898,0.28824833702882485,0.3658536585365853,2223,A,0.0,0.0
2023-05-20,Liverpool,Aston Villa,D,1,1,0,1,3.0,2.2,0.8,1.914036,0.7680262000000001,1.4,0.8,0.8,1.2482734,1.0816368,0.6657626000000001,1.0,0.6570302233902761,0.19053876478318005,0.15243101182654403,2223,H,0.0,0.0
2023-05-20,Tottenham,Brentford,A,1,3,1,0,0.8,1.6,2.8,1.4092722000000002,2.0972098,2.0,1.4,0.6,1.7314312,1.2024530000000002,-0.32215899999999986,0.3333333333333333,0.5190138736400838,0.24353727916957785,0.23744884719033837,2223,H,0.0,0.0
2023-05-20,Nott'm Forest,Arsenal,H,1,0,1,0,1.4,2.4,2.2,1.5968098000000002,2.2577642,1.4,1.8,2.2,1.5653846,1.5625024,0.03142520000000015,0.0,0.17997199064943042,0.2182108431661685,0.6018171661844011,2223,A,0.0,0.0
2023-05-20,Fulham,Crystal Palace,D,2,2,1,1,1.2,1.6,1.4,0.8550824,1.5823136000000002,1.4,1.2,1.2,0.99527,0.9926588000000001,-0.14018759999999997,1.0,0.3898003558015417,0.2808855505040522,0.329314093694406,2223,H,0.0,0.0
2023-05-20,Bournemouth,Man United,A,0,1,0,1,1.2,1.2,2.0,1.1920085999999999,1.5016108,1.4,1.0,0.8,1.777422,1.3883254,-0.5854134000000002,0.0,0.1596638655462185,0.20168067226890757,0.638655462184874,2223,A,0.0,0.0
2023-05-21,West Ham,Leeds,H,3,1,1,1,0.6,1.0,2.2,1.076707,2.528474,0.4,1.2,2.2,1.3329548,2.2453399999999997,-0.2562477999999999,0.3333333333333333,0.3969754253308129,0.27221172022684315,0.3308128544423441,2223,H,0.0,0.0
2023-05-21,Brighton,Southampton,H,3,1,2,0,1.8,2.4,1.8,2.3495326000000003,1.9879012,0.2,1.4,2.6,1.2530896,2.0966648,1.0964430000000003,0.3333333333333333,0.7780921584478578,0.13561034761519808,0.08629749393694423,2223,H,0.0,0.0
2023-05-21,Man City,Chelsea,H,1,0,1,0,3.0,2.8,0.6,2.2424480000000004,0.5298308,0.8,1.4,2.0,1.0454906000000002,1.8370267999999998,1.1969574000000003,1.0,0.7564469914040115,0.15759312320916904,0.08595988538681948,2223,H,0.0,0.0
2023-05-22,Newcastle,Leicester,D,0,0,0,0,2.0,2.6,1.4,2.9230519999999998,1.1147912000000002,1.0,1.6,2.4,2.3066492,1.90056,0.6164027999999999,0.6666666666666666,0.6936936936936937,0.17153153153153156,0.13477477477477479,2223,H,0.0,0.0
2023-05-24,Brighton,Man City,D,1,1,1,1,1.8,1.8,2.0,2.1114266,2.039836,3.0,2.2,0.4,2.081226,0.6814524000000001,0.030200600000000133,0.0,0.23755780233560622,0.21945293518300807,0.5429892624813857,2223,A,0.0,0.0
2023-05-25,Man United,Chelsea,H,4,1,2,0,1.8,0.8,0.4,1.7279719999999998,1.0769920000000002,0.8,1.2,1.8,1.1841246,1.5739268,0.5438473999999998,0.0,0.5918858330143802,0.2187107004210181,0.1894034665646017,2223,H,0.0,0.0
2023-05-28,Aston Villa,Brighton,H,2,1,2,1,1.4,0.8,0.8,1.2089653999999999,0.8590144000000001,1.4,1.8,2.2,2.1144926,2.161572,-0.9055272000000003,1.0,0.4701492537313433,0.2611940298507463,0.26865671641791045,2223,H,0.0,0.0
2023-05-28,Brentford,Man City,H,1,0,0,0,2.4,1.8,0.6,1.5557952,1.1925830000000002,2.6,2.0,0.4,2.002496,1.0180618000000001,-0.4467007999999999,0.3333333333333333,0.2483544819162652,0.23593675782045195,0.5157087602632829,2223,A,0.0,0.0
2023-05-28,Arsenal,Wolves,H,5,0,3,0,1.2,1.2,1.8,1.1842066,1.5043163999999998,1.4,0.8,1.8,0.8193748,2.2515048,0.36483180000000004,1.0,0.6997667444185273,0.18127290903032325,0.11896034655114963,2223,H,0.0,0.0
2023-05-28,Chelsea,Newcastle,D,1,1,1,1,0.8,1.4,2.2,1.2786046,2.41932,1.6,1.8,1.2,2.760494,0.97617104,-1.4818894,0.6666666666666666,0.3281853281853282,0.2719249862107005,0.39988968560397137,2223,A,0.0,0.0
2023-05-28,Crystal Palace,Nott'm Forest,D,1,1,0,1,1.4,1.6,1.6,1.2632126,1.2969544,2.0,2.2,1.6,1.6798166,1.6903142,-0.4166040000000002,0.0,0.5709391949757351,0.2383671139023694,0.19069369112189552,2223,H,0.0,0.0
2023-05-28,Everton,Bournemouth,H,1,0,0,0,1.0,1.8,2.2,2.1322896,2.3517699999999992,1.2,1.2,1.4,1.1602158,1.3405327999999999,0.9720738,0.0,0.639344262295082,0.21311475409836067,0.1475409836065574,2223,H,0.0,0.0
2023-05-28,Man United,Fulham,H,2,1,1,1,1.8,1.4,0.6,2.451314,1.3267724,1.4,2.0,1.6,1.2301476,1.7560518000000003,1.2211664,1.0,0.6264014466546112,0.21699819168173598,0.1566003616636528,2223,H,0.0,0.0
2023-05-28,Leeds,Tottenham,A,1,4,0,1,0.4,1.2,2.4,1.2471564000000002,2.453816,0.8,1.6,2.2,1.5560060000000002,1.5308338000000001,-0.30884960000000006,0.0,0.34254360180286103,0.24789339604154412,0.4095630021555947,2223,A,0.0,0.0
2023-05-28,Leicester,West Ham,H,2,1,1,0,0.6,1.2,2.2,1.78957264,2.191486,1.2,1.4,2.0,1.3848394000000002,2.3167396,0.4047332399999999,0.3333333333333333,0.4918386424102969,0.24721363342201763,0.2609477241676853,2223,H,0.0,0.0
2023-05-28,Southampton,Liverpool,D,4,4,2,2,0.0,1.0,2.6,1.1396954000000001,2.1002828,2.6,2.0,0.8,1.7568376,0.8740526000000001,-0.6171422,0.0,0.14530005310674457,0.19883165161975572,0.6558682952734998,2223,A,0.0,0.0
2023-08-11,Burnley,Man City,A,0,3,0,2,0.8,1.0,1.6,1.2866396,1.546421,2.0,1.4,0.6,1.639978,1.2074327999999999,-0.35333839999999994,0.0,0.11806956662093454,0.17173755144863206,0.7101928819304333,2324,A,0.0,0.0
2023-08-12,Arsenal,Nott'm Forest,H,2,1,2,0,1.8,2.0,1.0,1.7094642,1.1795243999999996,1.6,1.8,1.6,1.2794124,1.4257582,0.4300518,0.5,0.8017715332926084,0.13515577275503968,0.06307269395235185,2324,H,0.0,0.0
2023-08-12,Bournemouth,West Ham,D,1,1,0,0,0.6,1.0,1.6,1.0489218,1.470992,1.2,1.0,1.6,1.1823858,2.2589896,-0.13346400000000003,0.0,0.35051546391752575,0.27835051546391754,0.3711340206185567,2324,A,0.0,0.0
2023-08-12,Everton,Fulham,A,0,1,0,0,1.6,1.8,1.4,2.2027539999999997,1.8654508,1.4,2.0,1.6,1.520119,1.8409078,0.6826349999999997,0.0,0.43220338983050843,0.2796610169491525,0.288135593220339,2324,H,0.0,0.0
2023-08-12,Newcastle,Aston Villa,H,5,1,2,1,1.2,1.4,1.2,2.281378,1.20058404,1.4,1.0,1.0,1.5528236,1.0892756,0.7285544000000002,0.5,0.5413887799136916,0.2526480972930561,0.20596312279325227,2324,H,0.0,0.0
2023-08-13,Brentford,Tottenham,D,2,2,2,2,2.4,1.6,0.6,1.7045124,1.1876330000000002,1.2,2.0,2.0,1.488158,1.3761198000000001,0.21635439999999995,0.25,0.3411487662537115,0.2759291491757961,0.3829220845704924,2324,A,0.0,0.0
2023-08-13,Chelsea,Liverpool,D,1,1,1,1,1.0,1.4,1.8,1.5254121999999999,2.1664780000000006,2.2,2.0,1.0,2.0717056,0.8521266000000001,-0.5462934000000002,0.0,0.3255813953488372,0.27770177838577287,0.39671682626538984,2324,A,0.0,0.0
2023-08-14,Man United,Wolves,H,1,0,0,0,2.4,1.8,0.6,2.736636,1.2832004000000001,0.8,0.4,2.8,0.6712608,2.7403779999999998,2.0653752,0.75,0.7196336410554626,0.17402049865523006,0.10634586028930725,2324,H,0.0,0.0
2023-08-18,Nott'm Forest,Sheffield United,H,2,1,1,0,1.6,1.8,1.6,1.2847348,1.3301642,0.0,0.0,1.0,0.422704,2.27616,0.8620308000000001,0.4453947368421053,0.48519443453442745,0.27827327863003926,0.23653228683553335,2324,H,0.0,0.0
2023-08-19,Fulham,Brentford,A,0,3,0,1,2.0,2.2,1.4,1.688382,2.0241658,2.0,1.6,0.8,1.8219064,1.2903264,-0.1335244,0.5,0.3515188335358444,0.28760631834750905,0.3608748481166464,2324,A,0.0,0.0
2023-08-19,Liverpool,Bournemouth,H,3,1,2,1,1.8,2.0,1.2,1.9969496,1.0906175999999999,0.2,0.4,1.6,0.8475258,1.5002900000000001,1.1494238,0.5,0.7913043478260869,0.13565217391304346,0.07304347826086957,2324,H,0.0,0.0
2023-08-19,Wolves,Brighton,A,1,4,0,1,0.8,0.4,1.8,0.8949197999999999,2.41361,1.4,2.0,1.8,2.1442366,2.2702738,-1.2493168000000003,0.25,0.23725953425582186,0.249746878164023,0.5129935875801553,2324,A,0.0,0.0
2023-08-19,Tottenham,Man United,H,2,0,0,0,1.4,1.8,1.6,1.488936,1.2718098000000002,3.0,2.0,0.4,2.8919699999999997,1.2744204,-1.4030339999999997,0.0,0.33849557522123896,0.26327433628318586,0.39823008849557523,2324,A,0.0,0.0
2023-08-19,Man City,Newcastle,H,1,0,1,0,2.0,1.6,0.4,1.553182,1.2414543999999998,1.8,2.4,1.0,2.871346,1.23966204,-1.318164,0.75,0.5709391949757351,0.2383671139023694,0.19069369112189552,2324,H,0.0,0.0
2023-08-20,Aston Villa,Everton,H,4,0,2,0,1.4,1.2,1.8,1.7630760000000003,1.6925716000000002,1.4,1.4,1.2,2.06346,1.5167667999999999,-0.30038399999999976,1.0,0.5546995377503853,0.2357473035439137,0.20955315870570107,2324,H,0.0,0.0
2023-08-20,West Ham,Chelsea,H,3,1,1,1,1.4,1.2,1.2,1.3806508000000002,1.9612235999999996,0.6,1.0,1.8,1.5582242,2.182956,-0.17757339999999977,0.25,0.25339366515837103,0.27149321266968324,0.4751131221719457,2324,A,0.0,0.0
2023-08-21,Crystal Palace,Arsenal,A,0,1,0,0,1.6,1.2,0.8,1.3401818,0.846601,1.8,1.8,1.0,1.3213482,1.215745,0.018833600000000006,0.25,0.17204301075268816,0.23655913978494622,0.5913978494623655,2324,A,0.0,0.0
2023-08-25,Chelsea,Luton,H,3,0,1,0,0.4,0.8,2.0,1.6802199999999998,2.13183,0.0,1.0,4.0,1.88594,4.36748,-0.20572000000000012,0.4453947368421053,0.7397444519166108,0.17350369872225962,0.08675184936112981,2324,H,0.0,0.0
2023-08-26,Bournemouth,Tottenham,A,0,2,0,1,0.2,0.4,1.6,0.8813558,1.797482,1.4,2.0,1.6,1.7654140000000003,1.699684,-0.8840582000000002,0.5,0.24982124483353968,0.25315219476465356,0.49702656040180676,2324,A,0.0,0.0
2023-08-26,Arsenal,Fulham,D,2,2,0,1,1.8,1.6,1.0,1.5044122000000002,1.155129,1.4,1.2,1.4,1.4178098,2.1328098,0.0866024000000003,1.0,0.7913043478260869,0.13565217391304346,0.07304347826086957,2324,H,0.0,0.0
2023-08-26,Brentford,Crystal Palace,D,1,1,1,0,2.6,2.2,0.6,2.478904,0.9719062,1.6,1.2,0.8,1.49268,1.056457,0.986224,0.0,0.44510940714419295,0.2814662427529456,0.27342435010286137,2324,H,0.0,0.0
2023-08-26,Everton,Wolves,A,0,1,0,0,0.8,0.4,1.8,1.6193069999999998,1.5180048000000002,0.2,0.4,2.6,1.2713518000000001,2.7444180000000005,0.3479551999999997,0.0,0.41395531164249316,0.2885143081144649,0.2975303802430419,2324,H,0.0,0.0
2023-08-26,Man United,Nott'm Forest,H,3,2,1,2,2.4,1.6,0.8,2.760942,1.7284706,1.6,1.4,1.2,1.1764448,0.7781798,1.5844972,1.0,0.7250755287009064,0.1570996978851964,0.1178247734138973,2324,H,0.0,0.0
2023-08-26,Brighton,West Ham,A,1,3,0,1,2.0,2.6,1.2,2.656662,1.9851978,1.4,1.6,1.4,1.3698828,2.0442156,1.2867791999999998,0.75,0.619757688723206,0.1996272134203169,0.18061509785647717,2324,H,0.0,0.0
2023-08-27,Burnley,Aston Villa,A,1,3,0,2,0.2,0.6,2.0,1.074802,1.8694206000000002,2.0,2.0,1.6,2.1114319999999998,1.6756546,-1.0366299999999997,0.0,0.2792207792207792,0.2792207792207792,0.44155844155844154,2324,A,0.0,0.0
2023-08-27,Sheffield United,Man City,A,1,2,0,0,0.0,0.5,1.5,0.48687100000000005,1.823985,2.0,1.2,0.4,1.589562,1.0556912,-1.1026909999999999,0.4453947368421053,0.07280080889787664,0.11830131445904954,0.8088978766430739,2324,A,0.0,0.0
2023-08-27,Newcastle,Liverpool,A,1,2,1,0,1.6,2.0,0.8,2.4525408,1.0815840399999999,1.8,2.4,1.4,2.2494456,1.3311792,0.20309519999999992,0.0,0.4310344827586207,0.25287356321839083,0.3160919540229885,2324,H,0.0,0.0
2023-09-01,Luton,West Ham,A,1,2,0,1,0.0,0.5,3.5,1.1758405,3.890835,2.0,2.2,1.2,1.9197604,1.4339336,-0.7439198999999999,0.4453947368421053,0.20017356089094587,0.25021695111368236,0.5496094879953717,2324,A,0.0,0.0
2023-09-02,Burnley,Tottenham,A,2,5,1,2,0.2,0.6,2.0,0.9388670000000001,2.0742906,2.0,2.2,1.2,1.9806340000000002,1.4364264,-1.041767,0.5,0.26001405481377377,0.23401264933239635,0.5059732958538299,2324,A,0.0,0.0
2023-09-02,Brentford,Bournemouth,D,2,2,1,1,2.2,2.0,0.8,1.7833641999999998,1.1433658000000002,0.2,0.4,1.6,0.9256678,1.969238,0.8576963999999998,0.5,0.5496094879953717,0.25021695111368236,0.20017356089094587,2324,H,0.0,0.0
2023-09-02,Sheffield United,Everton,D,2,2,2,1,0.0,0.6666666666666666,1.6666666666666667,0.578658,2.49867,0.8,0.4,1.4,1.7616970000000003,1.5897847999999999,-1.1830390000000004,0.4453947368421053,0.3276209677419355,0.2923387096774194,0.3800403225806452,2324,A,0.0,0.0
2023-09-02,Brighton,Newcastle,H,3,1,1,0,1.4,2.2,1.6,2.4486859999999995,2.403006,1.0,1.4,1.0,1.9538967999999997,1.13410964,0.4947891999999998,0.0,0.37903383532172885,0.24936436534324266,0.37160179933502835,2324,H,0.0,0.0
2023-09-02,Man City,Fulham,H,5,1,2,1,2.0,1.4,0.6,2.118056,0.9768416,1.0,1.2,1.8,1.3336032,2.7490560000000004,0.7844528000000002,1.0,0.8168266285480907,0.11946089442515825,0.06371247702675106,2324,H,0.0,0.0
2023-09-02,Chelsea,Nott'm Forest,A,0,1,0,0,1.0,1.4,1.8,2.131762,1.9838642,1.4,1.4,1.4,0.9749215999999998,1.1839496,1.1568404000000003,0.0,0.6775907883082374,0.21080602302922938,0.11160318866253321,2324,H,0.0,0.0
2023-09-03,Crystal Palace,Wolves,H,3,2,0,0,1.2,1.0,1.0,1.4243280000000003,1.1936548,0.8,0.6,2.2,1.49805,2.5037659999999997,-0.07372199999999984,0.75,0.49507489008152494,0.2865433454714281,0.2183817644470468,2324,H,0.0,0.0
2023-09-03,Liverpool,Aston Villa,H,3,0,2,0,1.8,2.2,1.6,2.0664998,1.549754,2.0,2.2,1.6,2.31884,1.5647655999999999,-0.2523401999999999,0.75,0.5769230769230769,0.2115384615384615,0.2115384615384615,2324,H,0.0,0.0
2023-09-03,Arsenal,Man United,H,3,1,1,1,2.0,2.0,0.8,1.958858,0.8825404000000001,2.4,2.0,1.2,3.0229820000000003,1.7573968,-1.0641240000000003,0.5,0.540711462450593,0.24901185770750991,0.21027667984189727,2324,H,0.0,0.0
2023-09-16,Wolves,Liverpool,A,1,3,1,0,0.6,0.8,2.6,1.4679200000000001,2.475684,2.2,2.6,1.4,2.4290742,1.3789586000000003,-0.9611542,0.25,0.15778019586507072,0.18933623503808486,0.6528835690968444,2324,A,0.0,0.0
2023-09-16,Man United,Brighton,A,1,3,0,1,1.8,1.4,1.6,2.2317418,1.8026148,1.8,2.6,1.6,2.2902299999999998,2.198012,-0.05848819999999977,0.25,0.4378230465186987,0.23532988750380054,0.32684706597750074,2324,H,0.0,0.0
2023-09-16,Aston Villa,Crystal Palace,H,3,1,0,0,1.8,2.0,2.0,2.1480446,1.9273400000000003,1.6,1.2,1.0,1.5486280000000001,1.0304388,0.5994165999999999,0.5,0.49799419006778256,0.2642135841748513,0.23779222575736617,2324,H,0.0,0.0
2023-09-16,Tottenham,Sheffield United,H,2,1,0,0,2.6,3.0,1.0,2.13687,1.5389464,0.25,1.0,1.75,0.8277435,2.55868,1.3091265,0.4453947368421053,0.7397444519166108,0.17350369872225962,0.08675184936112981,2324,H,0.0,0.0
2023-09-16,Newcastle,Brentford,H,1,0,0,0,0.8,1.6,1.6,1.7246708000000002,1.3818442,1.8,1.8,1.0,2.1670462,1.2420578,-0.4423754,0.75,0.6175562417291575,0.22496691662990734,0.15747684164093514,2324,H,0.0,0.0
2023-09-16,West Ham,Man City,A,1,3,1,0,2.0,2.0,1.2,1.6688144,1.7092559999999999,2.4,2.2,0.6,2.132414,0.8467236,-0.4635995999999998,0.0,0.13544369486248053,0.21069019200830302,0.6538661131292164,2324,A,0.0,0.0
2023-09-16,Fulham,Luton,H,1,0,0,0,0.8,1.0,2.4,1.2354192,2.80779,0.0,0.6666666666666666,3.0,1.4580403333333336,3.0023166666666667,-0.22262113333333367,0.4453947368421053,0.5717651950932151,0.2546261002148451,0.17360870469193984,2324,H,0.0,0.0
2023-09-17,Bournemouth,Chelsea,D,0,0,0,0,0.4,0.8,1.8,1.1845492,2.240042,1.0,1.2,1.2,2.251918,1.2295022000000002,-1.0673688,0.0,0.21928755908581452,0.25320403489108717,0.5275084060230983,2324,A,0.0,0.0
2023-09-17,Everton,Arsenal,A,0,1,0,0,0.8,0.6,1.6,1.8154870000000003,1.6468327999999999,2.6,2.6,0.8,2.2427639999999998,0.8478222000000001,-0.42727699999999946,0.5,0.15789473684210528,0.2105263157894737,0.6315789473684211,2324,A,0.0,0.0
2023-09-18,Nott'm Forest,Burnley,D,1,1,0,1,1.4,1.4,1.4,0.9770816,1.5427936,0.2,1.0,2.8,1.1460974,2.0749626,-0.16901579999999994,0.4453947368421053,0.43374642516682554,0.2726406101048618,0.2936129647283127,2324,H,0.0,0.0
2023-09-23,Man City,Nott'm Forest,H,2,0,2,0,3.0,2.8,0.6,2.725208,0.7380639999999999,1.4,1.4,1.4,1.0309528000000001,1.5027518,1.6942551999999997,0.5,0.8263659342796034,0.11083025471514679,0.06280381100524984,2324,H,0.0,0.0
2023-09-23,Brentford,Everton,A,1,3,1,1,1.2,1.6,1.2,2.0059958,1.3050118000000002,0.2,0.4,1.8,1.646255,1.720937,0.35974079999999997,0.5,0.5256916996047432,0.24901185770750986,0.225296442687747,2324,H,0.0,0.0
2023-09-23,Crystal Palace,Fulham,D,0,0,0,0,1.4,1.2,1.4,1.5704479999999998,1.4061869999999999,1.4,1.0,2.0,1.2104932,2.549668,0.3599547999999999,0.0,0.4959022086400889,0.2785803583831088,0.22551743297680232,2324,H,0.0,0.0
2023-09-23,Luton,Wolves,D,1,1,0,0,0.0,0.5,2.5,1.45779275,2.6909975,0.6,1.0,2.2,1.4981426000000002,2.4361539999999997,-0.04034985000000013,0.4453947368421053,0.29127725856697817,0.27842679127725856,0.43029595015576316,2324,A,0.0,0.0
2023-09-23,Burnley,Man United,A,0,1,0,1,0.2,1.0,2.8,0.9813936,2.0168410000000003,1.2,1.2,2.0,1.8262,1.8140967999999997,-0.8448064000000001,0.0,0.2258485639686684,0.2258485639686684,0.5483028720626633,2324,A,0.0,0.0
2023-09-24,Arsenal,Tottenham,D,2,2,1,1,2.6,1.8,0.8,1.7983529999999999,0.8269122,2.6,2.6,1.0,2.1620579999999996,1.4587754,-0.3637049999999997,0.75,0.5645371577574968,0.21773142112125163,0.21773142112125163,2324,H,0.0,0.0
2023-09-24,Brighton,Bournemouth,H,3,1,1,1,2.4,3.0,1.4,2.431812,1.8303122000000003,0.6,0.8,1.6,1.3631624,2.29353,1.0686495999999999,1.0,0.6942607775720708,0.1798466014281936,0.12589262099973553,2324,H,0.0,0.0
2023-09-24,Chelsea,Aston Villa,A,0,1,0,0,1.0,1.0,1.0,2.127424,1.1907342,1.8,2.2,2.0,2.0993906,1.9044980000000002,0.028033399999999986,0.75,0.49702656040180676,0.25315219476465356,0.24982124483353968,2324,H,0.0,0.0
2023-09-24,Liverpool,West Ham,H,3,1,1,1,2.6,2.4,0.8,2.1937862,1.2187972000000002,2.0,2.0,1.4,1.6538704,2.1333219999999997,0.5399158,0.75,0.6756756756756757,0.1891891891891892,0.13513513513513511,2324,H,0.0,0.0
2023-09-24,Sheffield United,Newcastle,A,0,8,0,3,0.2,1.0,1.8,0.8203258,2.4787619999999997,1.2,1.6,1.4,1.7211248000000001,1.1047318,-0.9007990000000001,0.4453947368421053,0.13633645604943193,0.20091688259916285,0.6627466613514053,2324,A,0.0,0.0
2023-09-30,Bournemouth,Arsenal,A,0,4,0,2,0.4,0.8,2.0,1.3790803999999999,2.425916,2.2,1.8,1.0,2.0984089999999997,1.0759832,-0.7193285999999999,0.0,0.17191011235955056,0.21011235955056176,0.6179775280898876,2324,A,0.0,0.0
2023-09-30,Everton,Luton,A,1,2,1,2,0.8,1.0,1.8,1.6312470000000001,1.7194530000000001,0.2,0.6,2.2,1.6144362,2.3053947999999997,0.016810800000000015,0.4453947368421053,0.6043404859191113,0.24968804286658017,0.14597147121430842,2324,H,0.0,0.0
2023-09-30,Aston Villa,Brighton,H,6,1,3,0,2.4,2.2,1.0,2.0291486,1.279514,2.4,2.8,1.4,1.9873819999999998,1.7710922,0.04176660000000032,1.0,0.3731343283582089,0.25373134328358204,0.3731343283582089,2324,H,0.0,0.0
2023-09-30,Man United,Crystal Palace,A,0,1,0,1,1.2,1.2,2.0,1.6000806,1.6567295999999998,1.0,1.0,1.4,1.1896879999999999,1.4301818000000002,0.4103926000000002,0.5,0.6102722850464338,0.2252195337671363,0.16450818118642999,2324,H,0.0,0.0
2023-09-30,Newcastle,Burnley,H,2,0,1,0,1.2,2.2,1.2,1.8783488,0.9234102,0.2,0.8,2.6,0.8701544,1.8363136,1.0081943999999998,1.0,0.7296439901304195,0.16496298907296442,0.10539302079661615,2324,H,0.0,0.0
2023-09-30,Tottenham,Liverpool,H,2,1,1,1,2.6,2.6,1.0,2.3137580000000004,1.5458434,3.0,2.8,0.8,2.7623222,1.1400372,-0.4485641999999994,0.0,0.3253262719878949,0.23586154719122376,0.4388121808208814,2324,A,0.0,0.0
2023-09-30,West Ham,Sheffield United,H,2,0,2,0,1.8,2.0,1.8,1.6649464000000003,2.659796,0.2,1.0,3.2,0.8516634000000002,3.04517,0.8132830000000001,0.4453947368421053,0.6538661131292164,0.21069019200830302,0.13544369486248053,2324,H,0.0,0.0
2023-09-30,Wolves,Man City,H,2,1,1,0,0.8,1.2,2.2,1.3062834,2.490182,3.0,2.6,0.6,2.5130280000000003,0.8216794000000001,-1.2067446000000002,0.0,0.11895780672759089,0.16550651370795255,0.7155356795644564,2324,A,0.0,0.0
2023-10-01,Nott'm Forest,Brentford,D,1,1,0,0,1.4,1.2,1.4,0.9835136,1.6021958,1.0,1.4,1.4,1.9392877999999996,1.5173738,-0.9557741999999996,0.0,0.34416118421052627,0.30530427631578944,0.3505345394736841,2324,A,0.0,0.0
2023-10-02,Fulham,Chelsea,A,0,2,0,2,1.0,0.8,2.0,1.0027408000000002,2.1061380000000005,0.8,0.8,1.0,1.98034,1.1577042,-0.9775991999999998,0.5,0.2642238998342847,0.2717731541152642,0.46400294605045117,2324,A,0.0,0.0
2023-10-03,Luton,Burnley,A,1,2,0,1,0.8,0.8,1.6,1.5392882,2.1626528,0.2,0.8,2.4,0.9683178,1.9731976,0.5709704000000001,0.4453947368421053,0.3258041871412644,0.31494404756988886,0.35925176528884667,2324,A,0.0,0.0
2023-10-07,Everton,Bournemouth,H,3,0,2,0,0.8,1.2,1.4,2.217708,1.372821,0.4,0.6,2.2,1.230629,2.5898600000000003,0.987079,0.5,0.491838642410297,0.26094772416768536,0.2472136334220177,2324,H,0.0,0.0
2023-10-07,Luton,Tottenham,A,0,1,0,0,0.8,1.0,1.4,1.7522560000000003,1.6638559999999998,2.6,2.6,1.2,2.243596,1.2812334,-0.4913399999999999,0.4453947368421053,0.15622341933654663,0.1973348454777431,0.6464417351857102,2324,A,0.0,0.0
2023-10-07,Burnley,Chelsea,A,1,4,1,1,0.8,1.0,2.0,1.026238,1.7119316000000002,1.4,1.0,0.4,2.0554300000000003,0.9931128000000001,-1.0291920000000003,0.0,0.20897040592517244,0.24746495438507263,0.543564639689755,2324,A,0.0,0.0
2023-10-07,Man United,Brentford,H,2,1,0,1,1.2,1.2,1.8,1.4216886,1.3869516000000002,0.6,1.0,1.6,1.5972358,1.5974574,-0.17554720000000001,0.75,0.5716905706876048,0.2273150602495952,0.20099436906279997,2324,H,0.0,0.0
2023-10-07,Crystal Palace,Nott'm Forest,D,0,0,0,0,1.6,1.2,1.2,1.213886,1.2998118,1.0,1.0,1.4,0.869215,1.8437122,0.34467100000000006,0.0,0.43088803088803085,0.30579150579150577,0.2633204633204633,2324,H,0.0,0.0
2023-10-07,Fulham,Sheffield United,H,3,1,0,0,1.0,0.8,1.8,1.1006376,1.809284,0.2,0.8,3.2,0.9238552,3.4103140000000005,0.1767824,0.4453947368421053,0.5895128762022959,0.25131864722308406,0.1591684765746199,2324,H,0.0,0.0
2023-10-08,Brighton,Liverpool,D,2,2,1,2,1.8,2.2,2.4,1.701896,1.6149421999999998,2.4,2.4,1.0,2.3360241999999998,1.3003432,-0.6341281999999997,0.25,0.31714719271623676,0.2503793626707132,0.4324734446130501,2324,A,0.0,0.0
2023-10-08,West Ham,Newcastle,D,2,2,1,0,1.8,1.8,1.6,1.9619844,2.5203634,1.8,2.6,1.0,2.44395,0.838724,-0.4819656000000001,0.25,0.2961082910321489,0.25267907501410036,0.45121263395375066,2324,A,0.0,0.0
2023-10-08,Wolves,Aston Villa,D,1,1,0,0,1.4,1.4,1.6,0.9034384,2.0552080000000004,2.4,2.6,1.2,1.7619685999999999,1.4808590000000001,-0.8585301999999999,0.75,0.27055702917771884,0.2785145888594165,0.4509283819628648,2324,A,0.0,0.0
2023-10-08,Arsenal,Man City,H,1,0,0,0,2.2,2.4,1.0,2.472063,0.9910398,2.4,2.6,1.0,2.464122,0.9050456,0.007940999999999754,0.0,0.3239263803680982,0.2846625766871166,0.3914110429447853,2324,A,0.0,0.0
2023-10-21,Bournemouth,Wolves,A,1,2,1,0,0.4,0.6,2.4,1.3302589999999999,2.770594,1.0,1.4,1.8,0.9754464,2.0388599999999997,0.3548125999999998,0.5,0.40106951871657753,0.2807486631016043,0.3181818181818181,2324,H,0.0,0.0
2023-10-21,Liverpool,Everton,H,2,0,0,0,2.0,2.4,1.2,2.666858,1.4226432,1.4,1.8,1.2,2.4710880000000004,1.2887114,0.19576999999999956,0.75,0.7099057574385776,0.16420428824231448,0.12588995431910777,2324,H,0.0,0.0
2023-10-21,Brentford,Burnley,H,3,0,1,0,0.4,1.0,1.8,1.6126516000000002,1.6440473999999998,0.8,0.8,1.8,0.8843584,1.6274936,0.7282932000000002,0.5,0.5198277142432793,0.25367592455072036,0.2264963612060003,2324,H,0.0,0.0
2023-10-21,Man City,Brighton,H,2,1,2,0,1.8,2.2,1.0,1.8661282,0.8299108000000001,2.0,2.4,2.2,1.8734099999999998,1.5264602,-0.007281799999999894,0.75,0.6747404844290658,0.17993079584775085,0.1453287197231834,2324,H,0.0,0.0
2023-10-21,Newcastle,Crystal Palace,H,4,0,3,0,2.0,2.8,1.0,2.515606,0.8537688000000001,1.6,1.0,1.0,1.1982544000000002,1.3544196,1.3173515999999998,0.25,0.6538661131292164,0.21069019200830302,0.13544369486248053,2324,H,0.0,0.0
2023-10-21,Chelsea,Arsenal,D,2,2,1,0,1.4,1.2,0.6,1.767724,1.0912929999999998,2.6,2.2,0.6,1.9031986000000003,0.9926906000000001,-0.13547460000000022,0.25,0.29731830547998445,0.27982899339292655,0.42285270112708895,2324,A,0.0,0.0
2023-10-21,Nott'm Forest,Luton,D,2,2,0,0,1.2,0.6,0.8,0.9213542,1.4345966,0.8,0.8,1.2,1.5173916,1.894694,-0.5960374,0.4453947368421053,0.5717651950932151,0.2546261002148451,0.17360870469193984,2324,H,0.0,0.0
2023-10-21,Sheffield United,Man United,A,1,2,1,1,0.2,0.8,3.4,0.8217706,3.0939300000000003,1.2,1.0,1.6,1.0747946000000002,1.3998988,-0.25302400000000014,0.4453947368421053,0.1453287197231834,0.17993079584775085,0.6747404844290658,2324,A,0.0,0.0
2023-10-22,Aston Villa,West Ham,H,4,1,1,0,2.0,2.2,1.2,1.5578226,1.707202,1.4,1.6,1.8,1.5577134000000001,2.6412334,0.00010919999999980945,0.0,0.5059732958538299,0.26001405481377377,0.23401264933239635,2324,H,0.0,0.0
2023-10-23,Tottenham,Fulham,H,2,0,1,0,2.6,2.4,1.2,2.26726,1.3541406,1.4,1.0,1.6,1.3838982,1.2134698,0.8833617999999999,1.0,0.631578947368421,0.21052631578947367,0.15789473684210525,2324,H,0.0,0.0
2023-10-27,Crystal Palace,Tottenham,A,1,2,0,0,1.0,0.4,1.4,0.9499744,1.8732695999999998,2.6,1.8,0.8,2.1147359999999997,1.1701002,-1.1647615999999998,0.25,0.20958083832335328,0.25149700598802394,0.5389221556886227,2324,A,0.0,0.0
2023-10-28,Chelsea,Brentford,A,0,2,0,0,1.6,1.6,0.8,1.6545159999999999,1.072775,0.8,1.2,1.4,1.6296516,1.3606472,0.024864399999999787,0.25,0.5791106514994829,0.2388831437435367,0.18200620475698032,2324,H,0.0,0.0
2023-10-28,Arsenal,Sheffield United,H,5,0,1,0,2.2,2.0,0.8,1.7328346,1.1431448,0.0,0.6,3.4,0.7889186,2.838562,0.9439159999999999,0.4453947368421053,0.8386342983253279,0.11148903024795534,0.04987667142671686,2324,H,0.0,0.0
2023-10-28,Bournemouth,Burnley,H,2,1,1,1,0.2,0.4,2.4,1.1119109999999999,2.6171320000000002,0.6,0.6,2.2,0.8614539999999999,2.1177046,0.25045699999999993,0.4453947368421053,0.44134505158578524,0.2711119602598395,0.28754298815437523,2324,H,0.0,0.0
2023-10-28,Wolves,Newcastle,D,2,2,1,2,1.6,1.4,1.4,1.2085324,1.7766680000000001,2.6,3.4,0.4,3.081326,0.8068427999999999,-1.8727935999999998,0.25,0.2247191011235955,0.23595505617977527,0.5393258426966292,2324,A,0.0,0.0
2023-10-29,West Ham,Everton,A,0,1,0,0,0.8,1.4,2.4,1.4445818000000001,2.7050314,1.2,1.4,1.2,1.9421005,1.4308474,-0.49751869999999987,0.75,0.44134505158578524,0.2711119602598395,0.28754298815437523,2324,H,0.0,0.0
2023-10-29,Aston Villa,Luton,H,3,1,1,0,2.6,3.0,0.8,1.9030079999999998,1.2928503999999998,1.0,1.2,1.4,1.5250916,2.198384,0.3779163999999997,0.4453947368421053,0.7553516819571866,0.1452599388379205,0.09938837920489296,2324,H,0.0,0.0
2023-10-29,Brighton,Fulham,D,1,1,1,0,1.4,2.0,2.4,1.8016406,1.5380099999999997,1.4,0.8,1.0,1.2402118,1.1402117999999999,0.5614288000000001,0.0,0.6057427559984266,0.2235479218565622,0.17070932214501117,2324,H,0.0,0.0
2023-10-29,Liverpool,Nott'm Forest,H,3,0,2,0,2.0,2.2,1.2,2.577718,1.3182971,0.8,0.8,1.2,1.3463522,1.2768226,1.2313657999999998,0.5,0.7453672333028902,0.16722151842795277,0.08741124826915714,2324,H,0.0,0.0
2023-10-29,Man United,Man City,A,0,3,0,1,1.8,1.2,1.2,1.1739468,1.3001008000000003,1.8,1.6,1.0,1.658326,0.7298034,-0.4843792,0.25,0.18833095916429252,0.24780389363722696,0.5638651471984806,2324,A,0.0,0.0
2023-11-04,Everton,Brighton,D,1,1,1,0,1.8,1.6,1.0,2.0322291,1.3940420000000002,1.0,1.6,2.4,1.6778165999999999,1.5045244,0.3544125,0.5,0.30579150579150577,0.2633204633204633,0.43088803088803085,2324,A,0.0,0.0
2023-11-04,Brentford,West Ham,H,3,2,1,2,1.4,1.6,1.2,1.99919,1.4039971999999998,0.8,1.2,2.0,1.389171,2.0217020000000003,0.6100190000000001,1.0,0.46400294605045106,0.2642238998342846,0.27177315411526415,2324,H,0.0,0.0
2023-11-04,Burnley,Crystal Palace,A,0,2,0,1,0.6,0.8,2.4,0.8548752000000001,2.169754,1.0,0.4,1.2,0.8389492000000001,1.6080541999999998,0.015925999999999996,0.0,0.34437086092715236,0.29139072847682124,0.3642384105960265,2324,A,0.0,0.0
2023-11-04,Newcastle,Arsenal,H,1,0,0,0,2.2,3.6,0.8,3.2450479999999997,0.8527858,2.2,2.8,0.8,2.1793056,1.09214188,1.0657423999999995,0.25,0.33876221498371334,0.29641693811074915,0.3648208469055374,2324,A,0.0,0.0
2023-11-04,Man City,Bournemouth,H,6,1,3,0,1.8,1.6,0.8,1.737424,0.6936026,0.6,0.8,2.6,1.066985,2.518288,0.670439,1.0,0.8636363636363636,0.08636363636363636,0.05,2324,H,0.0,0.0
2023-11-04,Sheffield United,Wolves,H,2,1,0,0,0.0,0.4,4.0,0.63641868,3.013736,1.8,1.6,1.2,1.2734444,1.67524,-0.63702572,0.4453947368421053,0.25089605734767023,0.27240143369175623,0.4767025089605735,2324,A,0.0,0.0
2023-11-04,Fulham,Man United,A,0,1,0,0,1.0,0.8,1.2,0.9993084,1.1127938,1.8,1.0,1.2,1.1728822,1.8214748,-0.1735738000000001,0.0,0.2990936555891239,0.26586102719033233,0.4350453172205438,2324,A,0.0,0.0
2023-11-05,Nott'm Forest,Aston Villa,H,2,0,1,0,0.6,0.6,1.6,1.333596,1.6561484,2.6,3.0,0.8,2.05528,1.1600818,-0.7216840000000002,0.0,0.22777640975129282,0.255109578921448,0.5171140113272593,2324,A,0.0,0.0
2023-11-05,Luton,Liverpool,D,1,1,0,0,0.8,1.2,1.8,1.167513,2.6610951999999997,2.0,2.2,1.0,2.553172,1.3389332999999999,-1.385659,0.4453947368421053,0.07885055185442974,0.14557024957740877,0.7755791985681615,2324,A,0.0,0.0
2023-11-06,Tottenham,Chelsea,A,1,4,1,1,2.6,1.8,0.8,1.8807386000000001,1.124336,1.4,1.6,1.2,1.7187639999999997,1.304019,0.1619746000000004,0.25,0.4751131221719458,0.2533936651583711,0.2714932126696833,2324,H,0.0,0.0
2023-11-11,Arsenal,Burnley,H,3,1,1,0,2.0,2.4,0.6,1.8178201999999999,0.87451988,0.6,0.8,2.4,0.9944653999999999,1.8400279999999998,0.8233547999999999,0.5,0.8077654086342655,0.13616616888406188,0.05606842248167254,2324,H,0.0,0.0
2023-11-11,Man United,Luton,H,1,0,0,0,1.8,1.0,1.2,1.1442466000000002,1.8708680000000002,0.4,1.0,1.8,1.1336929999999998,2.5381912,0.010553600000000385,0.4453947368421053,0.7177033492822967,0.18181818181818185,0.10047846889952154,2324,H,0.0,0.0
2023-11-11,Wolves,Tottenham,H,2,1,0,1,1.6,1.6,1.4,1.3504536000000003,1.447368,2.4,1.6,1.2,1.6302282000000001,1.467486,-0.2797745999999999,0.5,0.3090466379471811,0.2554785540363364,0.43547480801648253,2324,A,0.0,0.0
2023-11-11,Bournemouth,Newcastle,H,2,0,0,0,0.6,0.8,3.2,0.8776424,2.56912,2.2,2.2,0.8,2.448118,0.844002,-1.5704756,0.0,0.2027096301720981,0.2407176858293665,0.5565726839985353,2324,A,0.0,0.0
2023-11-11,Crystal Palace,Everton,A,2,3,1,1,1.4,0.8,1.2,1.0517832,1.7994786,1.4,1.2,1.0,1.6527565,1.1677358000000002,-0.6009732999999999,0.25,0.3872529245663574,0.2964905203711174,0.3162565550625252,2324,H,0.0,0.0
2023-11-12,Aston Villa,Fulham,H,3,1,2,0,2.0,2.8,1.2,2.094554,1.0391392,0.8,0.8,1.4,1.1272548,1.1777408,0.9672992,0.5,0.6026768243366641,0.22528633671632445,0.1720368389470114,2324,H,0.0,0.0
2023-11-12,Brighton,Sheffield United,D,1,1,1,0,0.6,1.2,2.4,1.3372484,1.3100777999999997,0.6,0.8,2.6,0.74087028,2.221702,0.59637812,0.4453947368421053,0.7612985359643539,0.16549968173138127,0.0732017823042648,2324,H,0.0,0.0
2023-11-12,Liverpool,Brentford,H,3,0,1,0,1.6,1.8,1.0,2.3324979999999997,1.2993972999999999,2.0,2.0,1.0,2.050274,1.2520132,0.2822239999999998,0.5,0.6687242798353908,0.18724279835390945,0.14403292181069957,2324,H,0.0,0.0
2023-11-12,West Ham,Nott'm Forest,H,3,2,1,1,0.8,1.4,2.0,1.4324249999999998,1.559066,1.2,1.0,1.2,1.3062635999999999,1.6544124,0.12616139999999998,0.5,0.5059732958538299,0.26001405481377377,0.23401264933239635,2324,H,0.0,0.0
2023-11-12,Chelsea,Man City,D,4,4,2,2,2.0,2.4,1.2,2.291062,1.2688826,1.8,2.4,1.0,1.9493540000000003,0.6764062,0.3417079999999999,0.0,0.1907841793091115,0.2578164585258263,0.5513993621650621,2324,A,0.0,0.0
2023-11-25,Luton,Crystal Palace,H,2,1,0,0,0.4,0.8,1.6,0.90923,2.90236,0.8,1.0,1.8,1.1921412,1.8467426,-0.28291120000000003,0.4453947368421053,0.26279863481228666,0.28668941979522183,0.4505119453924914,2324,A,0.0,0.0
2023-11-25,Man City,Liverpool,D,1,1,1,0,2.0,3.0,1.4,2.391852,1.2360851999999998,2.2,2.2,0.6,2.4199080000000004,1.1516593,-0.028056000000000303,0.25,0.5483028720626633,0.2258485639686684,0.2258485639686684,2324,H,0.0,0.0
2023-11-25,Burnley,West Ham,A,1,2,0,0,0.0,0.6,2.8,0.8759653999999999,2.0603000000000002,0.8,1.6,2.4,1.205723,1.6609226,-0.3297576000000002,0.0,0.27548473795354195,0.2676137454405836,0.4569015166058745,2324,A,0.0,0.0
2023-11-25,Newcastle,Chelsea,H,4,1,1,1,1.6,1.8,1.2,1.8923142,1.2404802,1.6,2.8,2.0,2.588616,1.729654,-0.6963018000000001,0.25,0.3706238801763534,0.2700259698427717,0.35935014998087494,2324,H,0.0,0.0
2023-11-25,Sheffield United,Bournemouth,A,1,3,0,2,0.8,1.0,2.4,0.7273388799999999,1.799398,1.2,1.2,2.4,1.3056018000000003,1.8155082,-0.5782629200000003,0.4453947368421053,0.2968388589051658,0.27139552814186585,0.4317656129529684,2324,A,0.0,0.0
2023-11-25,Brentford,Arsenal,A,0,1,0,0,1.8,1.8,1.4,1.9884580000000003,1.4039578000000001,2.0,2.2,0.8,1.5293682,0.8111724800000001,0.4590898000000003,0.25,0.20958083832335328,0.25149700598802394,0.5389221556886227,2324,A,0.0,0.0
2023-11-25,Nott'm Forest,Brighton,A,2,3,1,2,1.0,1.2,1.6,1.4304561999999998,1.7154924,0.8,1.2,1.4,1.2088124,1.0974538,0.22164379999999984,0.5,0.29609793420045905,0.2631981637337414,0.4407039020657995,2324,A,0.0,0.0
2023-11-26,Tottenham,Aston Villa,A,1,2,1,1,1.8,1.4,1.4,1.2790451999999999,1.6246559999999999,2.0,2.2,1.2,2.28514,0.8232502,-1.0060948000000003,0.5,0.4120836560805577,0.249419054996127,0.3384972889233152,2324,H,0.0,0.0
2023-11-26,Everton,Man United,A,0,3,0,1,2.0,1.6,1.0,1.2800825,1.2440837999999999,2.4,1.2,1.0,1.3816406,1.7144910000000002,-0.1015581000000001,0.25,0.35051546391752575,0.27835051546391754,0.3711340206185567,2324,A,0.0,0.0
2023-11-27,Fulham,Wolves,H,3,2,1,1,0.8,1.0,1.6,1.0791271999999998,1.3528968,1.6,1.6,1.4,1.5974246,1.337681,-0.5182974000000002,0.0,0.39768618944323936,0.28681610026512416,0.31549771029163654,2324,H,0.0,0.0
2023-12-02,Arsenal,Wolves,H,2,1,2,0,2.0,2.2,0.8,1.8174546,0.9721882799999999,1.4,1.8,1.8,1.5607106,1.472559,0.2567440000000001,1.0,0.7510668563300142,0.17069701280227595,0.07823613086770981,2324,H,0.0,0.0
2023-12-02,Brentford,Luton,H,3,1,0,0,1.8,1.6,1.2,2.11607,1.5106438,1.0,1.2,1.6,0.938837,2.793558,1.1772330000000002,0.4453947368421053,0.6471238938053098,0.20851769911504422,0.144358407079646,2324,H,0.0,0.0
2023-12-02,Burnley,Sheffield United,H,5,0,2,0,0.0,0.6,2.4,0.9730930000000001,1.939094,0.8,1.0,2.4,0.8402224799999999,1.9741240000000002,0.13287052000000021,0.4453947368421053,0.5263157894736842,0.2631578947368421,0.21052631578947367,2324,H,0.0,0.0
2023-12-02,Nott'm Forest,Everton,A,0,1,0,0,0.8,1.6,2.2,1.6315562,1.762586,1.4,1.0,1.6,1.1466465,1.4624054000000002,0.4849097,0.0,0.34437086092715236,0.29139072847682124,0.3642384105960265,2324,A,0.0,0.0
2023-12-02,Newcastle,Man United,H,1,0,0,0,2.0,2.2,1.0,1.9270381999999997,1.2478234,2.4,1.4,0.8,1.5375966,2.009001,0.3894415999999996,0.25,0.49702656040180676,0.25315219476465356,0.24982124483353968,2324,H,0.0,0.0
2023-12-03,Liverpool,Fulham,H,4,3,2,2,2.2,2.0,0.4,2.0711056,1.0645293,0.8,1.0,1.8,1.1240172,1.6182849999999998,0.9470884000000002,0.5,0.7512038523274479,0.14446227929373998,0.1043338683788122,2324,H,0.0,0.0
2023-12-03,Bournemouth,Aston Villa,D,2,2,1,1,1.8,1.8,2.0,1.7372054,1.3457896000000003,2.4,2.4,1.2,2.401414,0.9158702,-0.6642086,0.5,0.2782732786300392,0.2365322868355333,0.48519443453442734,2324,A,0.0,0.0
2023-12-03,West Ham,Crystal Palace,D,1,1,1,0,1.2,1.6,2.2,1.29338,1.5536486000000003,0.6,1.2,2.2,1.3627428,1.8017632,-0.06936279999999995,0.25,0.4767025089605735,0.27240143369175623,0.25089605734767023,2324,H,0.0,0.0
2023-12-03,Man City,Tottenham,D,3,3,2,1,2.2,3.2,1.4,2.5794818,1.3120292,1.2,1.4,1.8,1.2482351999999999,1.9345424000000002,1.3312466,0.25,0.7361963190184049,0.15828220858895706,0.10552147239263804,2324,H,0.0,0.0
2023-12-03,Chelsea,Brighton,H,3,2,2,1,1.0,2.2,2.6,2.3870962000000002,1.9687796,1.2,1.4,1.4,1.0060224,1.0407058,1.3810738000000002,0.0,0.5483028720626633,0.2258485639686684,0.2258485639686684,2324,H,0.0,0.0
2023-12-05,Wolves,Burnley,H,1,0,1,0,0.8,1.6,2.0,1.3155746000000001,1.929617,0.6,1.6,1.8,1.3554052000000003,1.4313502,-0.03983060000000016,0.0,0.5116751269035532,0.2629441624365482,0.22538071065989848,2324,H,0.0,0.0
2023-12-05,Luton,Arsenal,A,3,4,1,2,0.8,1.0,1.8,0.6851621999999999,2.790364,2.4,2.2,0.6,2.2666086,0.8442842799999999,-1.5814464000000001,0.4453947368421053,0.05606842248167254,0.13616616888406188,0.8077654086342655,2324,A,0.0,0.0
2023-12-06,Aston Villa,Man City,H,1,0,0,0,2.0,2.0,1.4,2.11215,1.2938198,1.8,3.4,1.8,2.968438,1.205898,-0.8562879999999997,0.0,0.20304279823688326,0.22963173610123702,0.5673254656618798,2324,A,0.0,0.0
2023-12-06,Man United,Chelsea,H,2,1,1,1,1.8,1.0,0.8,1.3297573999999999,2.307235,1.4,2.4,2.6,2.3760282,1.9282092,-1.0462708,0.25,0.3308443879577409,0.2802446580347923,0.38891095400746684,2324,A,0.0,0.0
2023-12-06,Brighton,Brentford,H,2,1,1,1,1.2,1.6,1.6,0.9842873999999998,1.180812,1.8,1.6,1.4,2.1366039999999997,1.4174532,-1.1523165999999998,0.5,0.49702656040180676,0.24982124483353968,0.25315219476465356,2324,H,0.0,0.0
2023-12-06,Crystal Palace,Bournemouth,A,0,2,0,1,0.8,1.4,1.6,1.3426892,1.2844112,2.0,2.0,2.0,2.0434013999999996,1.0639036,-0.7007121999999997,1.0,0.42217898832684825,0.2714007782101167,0.306420233463035,2324,H,0.0,0.0
2023-12-06,Fulham,Nott'm Forest,H,5,0,2,0,0.8,1.6,2.2,1.2768595999999999,1.836901,0.6,1.2,2.0,1.1110752000000002,1.5882338,0.16578439999999972,1.0,0.47134935304990755,0.27726432532347506,0.2513863216266174,2324,H,0.0,0.0
2023-12-06,Sheffield United,Liverpool,A,0,2,0,1,0.8,0.8,3.0,0.68170068,2.2026879999999998,2.2,2.4,1.0,2.1596316,1.3477848,-1.47793092,0.4453947368421053,0.07936507936507936,0.12698412698412698,0.7936507936507936,2324,A,0.0,0.0
2023-12-07,Everton,Newcastle,H,3,0,0,0,2.0,1.2,1.2,1.2526498,1.1398864,2.0,1.6,1.0,1.7607481999999997,1.1147681999999999,-0.5080983999999997,0.25,0.2903225806451613,0.2903225806451613,0.4193548387096774,2324,A,0.0,0.0
2023-12-07,Tottenham,West Ham,A,1,2,1,0,0.8,1.6,2.4,1.0078045999999998,2.3668328,1.4,1.6,1.6,1.3907756,1.282899,-0.3829710000000002,0.5,0.5454545454545454,0.22727272727272724,0.22727272727272724,2324,H,0.0,0.0
2023-12-09,Crystal Palace,Liverpool,A,1,2,0,0,0.8,1.2,1.6,1.4832044,1.4465846,2.2,2.2,1.0,1.9790075999999999,1.3862164,-0.4958031999999999,0.0,0.15789473684210528,0.2105263157894737,0.6315789473684211,2324,A,0.0,0.0
2023-12-09,Brighton,Burnley,D,1,1,0,1,1.6,1.8,1.6,1.0284934,1.3143214,0.6,1.4,1.6,1.3312035999999998,1.4350182,-0.30271019999999993,0.5,0.638655462184874,0.20168067226890757,0.1596638655462185,2324,H,0.0,0.0
2023-12-09,Man United,Bournemouth,A,0,3,0,1,2.4,1.4,0.4,1.9947298,1.8682849999999998,2.0,2.0,1.8,2.1832914,1.1362756,-0.18856159999999988,1.0,0.6144269091716742,0.21994496748639608,0.16562812334192958,2324,H,0.0,0.0
2023-12-09,Sheffield United,Brentford,H,1,0,1,0,0.8,0.8,2.4,0.8429040000000001,1.9559279999999997,1.2,1.4,1.8,1.884344,1.3820492,-1.04144,0.4453947368421053,0.2219626168224299,0.24532710280373832,0.5327102803738317,2324,A,0.0,0.0
2023-12-09,Wolves,Nott'm Forest,D,1,1,1,1,1.2,1.4,1.6,1.366668,1.6219514,0.6,1.2,2.4,1.0264042000000002,1.6662317999999998,0.3402637999999998,0.5,0.5151610291323099,0.2647355288596593,0.22010344200803078,2324,H,0.0,0.0
2023-12-09,Aston Villa,Arsenal,H,1,0,1,0,2.0,1.6,1.2,1.9352820000000002,1.4035924000000002,2.4,2.0,1.2,2.1772466,0.9439039999999999,-0.24196459999999997,0.0,0.28668941979522183,0.26279863481228666,0.4505119453924914,2324,A,0.0,0.0
2023-12-10,Luton,Man City,A,1,2,1,0,0.8,1.4,2.0,0.6997896000000001,2.692686,1.2,2.8,2.0,2.2596439999999998,1.5014124,-1.5598543999999996,0.4453947368421053,0.05544072948328267,0.11781155015197567,0.8267477203647416,2324,A,0.0,0.0
2023-12-10,Everton,Chelsea,H,2,0,0,0,2.0,1.6,1.2,1.6966732,1.2752988,1.4,2.6,2.6,2.5026662,2.2398331999999996,-0.8059930000000002,0.25,0.306420233463035,0.2714007782101167,0.42217898832684825,2324,A,0.0,0.0
2023-12-10,Fulham,West Ham,H,5,0,3,0,1.2,2.4,2.0,1.7852089999999996,1.6166408,2.0,2.0,1.6,1.61524,1.4586724000000002,0.1699689999999996,0.0,0.39988968560397137,0.2719249862107005,0.3281853281853282,2324,H,0.0,0.0
2023-12-10,Tottenham,Newcastle,H,4,1,2,0,0.2,1.4,2.6,1.13252,2.602646,1.8,1.2,1.2,1.5559022,1.5328756,-0.42338220000000004,0.5,0.4426075521322562,0.250422693969566,0.3069697538981777,2324,H,0.0,0.0
2023-12-15,Nott'm Forest,Tottenham,A,0,2,0,1,0.2,1.0,2.6,1.1515168,1.6043977999999999,0.8,2.0,2.0,1.8209344,2.113652,-0.6694176000000001,0.0,0.2258485639686684,0.2258485639686684,0.5483028720626633,2324,A,0.0,0.0
2023-12-16,Chelsea,Sheffield United,H,2,0,0,0,0.8,1.8,2.8,1.8680386000000002,2.2708855999999997,0.8,0.6,2.2,0.7909691999999999,1.8552495999999998,1.0770694000000003,0.4453947368421053,0.78031212484994,0.14645858343337334,0.07322929171668667,2324,H,0.0,0.0
2023-12-16,Man City,Crystal Palace,D,2,2,1,0,1.2,2.0,2.0,2.2264519999999997,1.5105944,0.2,1.0,2.0,1.5542024,1.4207846,0.6722495999999996,0.5,0.8075788165864264,0.11911787544649789,0.07330330796707563,2324,H,0.0,0.0
2023-12-16,Newcastle,Fulham,H,3,0,0,0,1.2,1.2,2.0,1.6539282,2.3060169999999998,1.8,3.4,1.8,1.9864069999999998,1.6738218,-0.33247879999999985,1.0,0.5198358413132695,0.24623803009575923,0.23392612859097128,2324,H,0.0,0.0
2023-12-16,Burnley,Everton,A,0,2,0,2,0.8,1.6,1.4,1.2415676,1.7402062,2.4,1.8,1.0,1.7960258000000002,1.3639034,-0.5544582000000002,0.5,0.26503340757238314,0.28062360801781744,0.4543429844097996,2324,A,0.0,0.0
2023-12-17,Arsenal,Brighton,H,2,0,0,0,2.4,2.0,1.2,2.4134860000000002,0.8448937999999998,1.6,1.8,1.6,1.5324896,1.4011239999999998,0.8809964000000003,0.25,0.6544502617801047,0.18848167539267016,0.15706806282722513,2324,H,0.0,0.0
2023-12-17,Brentford,Aston Villa,A,1,2,1,0,0.6,0.8,1.6,1.6473836,1.1994344,2.6,1.8,0.8,1.7947498,1.6284370000000004,-0.1473662,0.25,0.2961082910321489,0.25267907501410036,0.45121263395375066,2324,A,0.0,0.0
2023-12-17,West Ham,Wolves,H,3,0,2,0,2.0,1.6,2.0,1.46083,1.5304644,1.4,1.4,1.4,1.3414599999999999,1.6452234000000001,0.1193700000000002,0.5,0.44134505158578524,0.2711119602598395,0.28754298815437523,2324,H,0.0,0.0
2023-12-17,Liverpool,Man United,D,0,0,0,0,2.6,2.4,1.0,1.6453175999999998,1.4763004,1.8,1.2,1.0,2.0779027999999995,2.026643,-0.43258519999999967,0.75,0.7250755287009064,0.1570996978851964,0.1178247734138973,2324,H,0.0,0.0
2023-12-21,Crystal Palace,Brighton,D,1,1,1,0,0.4,1.0,1.8,1.5057684,1.5459966,1.4,1.6,1.8,1.4478984,1.7862079999999998,0.05787000000000009,0.0,0.28289473684210525,0.28289473684210525,0.43421052631578944,2324,A,0.0,0.0
2023-12-22,Aston Villa,Sheffield United,D,1,1,0,0,2.6,1.6,0.8,1.5159517999999998,1.6580504,0.6,0.4,2.4,0.7101292,2.2926916000000004,0.8058225999999998,0.4453947368421053,0.7755791985681615,0.14557024957740877,0.07885055185442974,2324,H,0.0,0.0
2023-12-23,West Ham,Man United,H,2,0,0,0,2.0,1.6,1.6,1.255682,1.3574496,1.4,1.0,1.0,1.6562358,2.339212,-0.40055379999999996,0.25,0.3673469387755102,0.26530612244897966,0.3673469387755102,2324,H,0.0,0.0
2023-12-23,Fulham,Burnley,A,0,2,0,0,1.8,3.2,1.8,1.9508664,1.9576097999999997,0.8,1.4,1.2,1.3383134,1.6584282000000001,0.6125529999999999,0.4453947368421053,0.5670771224886585,0.2525383452149492,0.1803845322963923,2324,H,0.0,0.0
2023-12-23,Luton,Newcastle,H,1,0,1,0,0.6,1.4,2.2,0.569377,2.531542,1.8,1.8,1.6,2.448566,1.8433774,-1.879189,0.4453947368421053,0.19961114711600778,0.22575070209548498,0.5746381507885073,2324,A,0.0,0.0
2023-12-23,Nott'm Forest,Bournemouth,A,2,3,0,0,0.2,0.6,2.4,1.2083987999999999,1.5130697999999998,2.6,2.4,0.6,2.449506,0.8789696000000001,-1.2411072,0.0,0.34634974533106966,0.28013582342954163,0.3735144312393889,2324,A,0.0,0.0
2023-12-23,Tottenham,Everton,H,2,1,2,0,1.4,2.2,1.6,2.0559474,2.0730220000000004,2.4,1.6,0.6,1.8825558,1.1478024000000002,0.17339159999999998,0.5,0.5393258426966292,0.2247191011235955,0.23595505617977527,2324,H,0.0,0.0
2023-12-23,Liverpool,Arsenal,D,1,1,1,1,2.2,1.8,1.0,1.7275316,1.3129354,2.4,1.8,1.0,2.44105,0.9119634,-0.7135184000000001,0.5,0.39823008849557523,0.26327433628318586,0.33849557522123896,2324,H,0.0,0.0
2023-12-24,Wolves,Chelsea,H,2,1,0,0,0.8,1.0,1.8,1.0709332,1.7664164,1.2,1.4,2.0,1.8282066000000001,1.7202655999999998,-0.7572734000000001,0.25,0.2523117569352708,0.2523117569352708,0.4953764861294584,2324,A,0.0,0.0
2023-12-26,Newcastle,Nott'm Forest,A,1,3,1,1,1.2,1.0,1.6,2.301088,2.0134532000000003,0.2,0.6,2.4,0.9214500000000001,1.6476198,1.379638,1.0,0.6221653026800774,0.21553070531642404,0.16230399200349846,2324,H,0.0,0.0
2023-12-26,Man United,Aston Villa,H,3,2,0,2,0.8,0.4,1.4,1.387667,2.14262,2.2,1.4,0.8,1.2801638,1.3421982,0.10750320000000002,0.25,0.36458333333333337,0.27083333333333337,0.36458333333333337,2324,H,0.0,0.0
2023-12-26,Bournemouth,Fulham,H,3,0,1,0,2.6,2.6,1.0,2.270792,0.9761026000000002,1.2,2.6,1.8,1.7289443999999996,1.7252877999999998,0.5418476000000005,0.5,0.4407039020657995,0.2631981637337414,0.29609793420045905,2324,H,0.0,0.0
2023-12-26,Burnley,Liverpool,A,0,2,0,1,1.4,1.6,0.8,1.1332854,1.6606942,2.2,1.8,1.0,1.7708562,1.1240276,-0.6375708,0.0,0.1453287197231834,0.17993079584775085,0.6747404844290658,2324,A,0.0,0.0
2023-12-26,Sheffield United,Luton,A,2,3,0,1,0.8,0.4,2.0,0.6761155999999999,1.9084636,1.2,1.6,2.0,0.8514120000000001,2.266308,-0.17529640000000013,0.4453947368421053,0.41002004008016035,0.28577154308617236,0.30420841683366734,2324,H,0.0,0.0
2023-12-27,Brentford,Wolves,A,1,4,1,3,0.6,1.0,1.4,1.5168380000000001,1.1807064,1.4,1.0,1.4,1.1044352,1.6191963999999999,0.4124028000000002,0.25,0.49469964664310956,0.27561837455830385,0.22968197879858654,2324,H,0.0,0.0
2023-12-27,Chelsea,Crystal Palace,H,2,1,1,1,1.2,1.4,1.6,1.9854884,1.6390635999999996,0.6,1.0,1.6,1.4694944,1.6140720000000002,0.5159939999999998,1.0,0.5709391949757351,0.2383671139023694,0.19069369112189552,2324,H,0.0,0.0
2023-12-27,Everton,Man City,A,1,3,1,0,2.4,1.8,0.4,1.7797978,1.0481884,1.2,1.6,1.6,2.071096,1.1460724,-0.29129819999999973,0.0,0.1639365659466162,0.2356588135482608,0.600404620505123,2324,A,0.0,0.0
2023-12-28,Brighton,Tottenham,H,4,2,2,0,1.0,1.2,1.6,1.4716204,1.671716,2.0,2.4,1.4,1.9259174000000001,1.9902819999999999,-0.4542970000000002,0.25,0.3765084473049075,0.2614641995172969,0.3620273531777956,2324,H,0.0,0.0
2023-12-28,Arsenal,West Ham,A,0,2,0,1,2.0,1.8,1.2,2.2459882,0.7759136,2.0,1.6,1.4,1.2846920000000002,1.2150928,0.9612962,0.75,0.7046463956269218,0.17039631021523746,0.12495729415784079,2324,H,0.0,0.0
2023-12-30,Luton,Chelsea,A,2,3,0,2,1.2,1.8,2.2,0.7952964,2.622792,1.2,1.2,1.4,2.1988904,1.6596673999999996,-1.4035939999999998,0.0,0.1453287197231834,0.22491349480968856,0.629757785467128,2324,A,0.0,0.0
2023-12-30,Aston Villa,Burnley,H,3,2,2,1,2.0,1.4,1.0,1.4684158,1.0725322,0.8,0.6,1.2,0.8068251999999999,1.87397,0.6615906000000001,0.6666666666666666,0.6942607775720708,0.1798466014281936,0.12589262099973553,2324,H,0.0,0.0
2023-12-30,Crystal Palace,Brentford,H,3,1,2,1,0.4,1.0,1.8,1.4635734,1.930762,0.6,1.2,2.0,1.7029020000000004,1.1942743999999998,-0.23932860000000034,0.0,0.43220338983050843,0.288135593220339,0.2796610169491525,2324,H,0.0,0.0
2023-12-30,Man City,Sheffield United,H,2,0,1,0,1.6,2.0,1.6,2.168494,1.2398748,0.8,0.8,1.6,1.2760653999999998,1.5306406000000001,0.8924286000000001,1.0,0.8807288790723358,0.08647156267255661,0.03279955825510768,2324,H,0.0,0.0
2023-12-30,Wolves,Everton,H,3,0,1,0,2.0,1.6,1.2,1.2676291999999998,1.4771543999999999,1.8,1.8,1.0,1.902098,1.3702134000000001,-0.6344688000000003,0.8,0.3608748481166464,0.28760631834750905,0.3515188335358444,2324,H,0.0,0.0
2023-12-30,Nott'm Forest,Man United,H,2,1,0,0,0.8,1.2,2.4,1.4083130000000001,2.081074,1.4,1.0,1.6,1.5433401999999998,1.9295120000000001,-0.13502719999999968,0.0,0.29609793420045905,0.2631981637337414,0.4407039020657995,2324,A,0.0,0.0
2023-12-31,Fulham,Arsenal,H,2,1,1,1,1.2,2.0,1.6,1.4918074,1.5954478,1.4,1.4,1.4,2.1429322,0.8795636,-0.6511248000000003,0.0,0.18005808325266215,0.21006776379477252,0.6098741529525653,2324,A,0.0,0.0
2023-12-31,Tottenham,Bournemouth,H,3,1,1,0,1.8,2.2,1.6,2.253212,2.178228,2.6,2.6,0.8,2.058664,0.8777302,0.19454800000000017,0.6666666666666666,0.5393258426966292,0.2247191011235955,0.23595505617977527,2324,H,0.0,0.0
2024-01-01,Liverpool,Newcastle,H,4,2,0,0,2.2,1.4,0.4,1.5620961999999998,1.0164954,0.6,1.0,2.2,2.278918,2.5503983999999997,-0.7168218000000002,1.0,0.6538661131292164,0.21069019200830302,0.13544369486248053,2324,H,0.0,0.0
2024-01-02,West Ham,Brighton,D,0,0,0,0,2.4,1.8,1.2,1.374794,1.5752364,1.6,1.6,1.4,2.0700127999999998,1.7530180000000002,-0.6952187999999997,0.2,0.3930443068127679,0.2567889471176751,0.35016674606955694,2324,H,0.0,0.0
2024-01-12,Burnley,Luton,D,1,1,1,0,0.8,1.0,1.6,0.8743627999999999,2.235372,1.2,2.0,2.2,1.2780472,2.285814,-0.40368440000000017,1.0,0.47368421052631576,0.2631578947368421,0.2631578947368421,2324,H,0.0,0.0
2024-01-13,Chelsea,Fulham,H,1,0,1,0,1.8,1.6,1.4,2.0435764,1.3799554,1.2,1.4,1.8,1.1786114,1.8835359999999999,0.864965,0.3333333333333333,0.5932203389830508,0.22598870056497172,0.18079096045197737,2324,H,0.0,0.0
2024-01-13,Newcastle,Man City,A,2,3,2,1,0.6,1.4,2.4,2.2019848,3.2939144,2.0,1.8,1.0,2.0354940000000004,1.2059016,0.1664907999999996,0.0,0.17186279656351228,0.2183014736949925,0.6098357297414951,2324,A,0.0,0.0
2024-01-14,Everton,Aston Villa,D,0,0,0,0,1.2,1.2,1.6,1.4152402,1.6400393999999998,2.0,1.8,1.4,1.6151498,1.0959822,-0.19990960000000002,0.0,0.33980582524271846,0.27184466019417475,0.3883495145631068,2324,A,0.0,0.0
2024-01-14,Man United,Tottenham,D,2,2,2,1,0.8,0.8,1.8,0.8658232,1.6081416000000002,2.4,2.6,1.4,2.36073,2.146506,-1.4949068000000003,0.6,0.4310344827586207,0.25287356321839083,0.3160919540229885,2324,H,0.0,0.0
2024-01-20,Arsenal,Crystal Palace,H,5,0,2,0,0.8,0.8,1.2,1.9571222000000001,1.0799708000000001,1.0,1.6,1.6,1.5328054000000002,1.82823,0.42431679999999994,0.6,0.7296439901304195,0.16496298907296442,0.10539302079661615,2324,H,0.0,0.0
2024-01-20,Brentford,Nott'm Forest,H,3,2,1,1,0.0,0.8,2.4,1.3084599999999997,1.4709531999999998,1.4,1.6,1.6,1.5134508,1.592601,-0.20499080000000025,0.3333333333333333,0.49799419006778256,0.2642135841748513,0.23779222575736617,2324,H,0.0,0.0
2024-01-21,Sheffield United,West Ham,D,2,2,1,1,0.8,0.8,1.6,1.1618732,1.6188666,2.0,1.4,1.0,1.2232340000000002,1.6837404,-0.061360800000000104,0.0,0.2796610169491525,0.288135593220339,0.43220338983050843,2324,A,0.0,0.0
2024-01-21,Bournemouth,Liverpool,A,0,4,0,0,2.4,2.4,1.0,1.865248,1.1287622000000002,2.2,1.8,0.8,2.5361662,1.0318558,-0.6709181999999998,0.3333333333333333,0.22707034728406053,0.21193232413178983,0.5609973285841496,2324,A,0.0,0.0
2024-01-22,Brighton,Wolves,D,0,0,0,0,1.2,1.2,1.2,2.1928548,1.7056240000000003,2.0,2.0,1.2,1.5728111999999999,1.4247741999999999,0.6200436000000003,0.8,0.5844322369042638,0.22270512491732916,0.19286263817840707,2324,H,0.0,0.0
2024-01-30,Nott'm Forest,Arsenal,A,1,2,0,0,1.2,1.8,2.0,1.5143508,1.7766410000000001,1.4,1.8,1.0,2.3181222000000004,1.0118876,-0.8037714000000002,0.3333333333333333,0.12727272727272726,0.19090909090909092,0.6818181818181818,2324,A,0.0,0.0
2024-01-30,Fulham,Everton,D,0,0,0,0,0.6,0.4,2.0,0.8805008000000001,2.096056,0.8,0.8,1.6,1.3996942,1.7316369999999999,-0.5191934,0.6666666666666666,0.3872529245663574,0.2964905203711174,0.3162565550625252,2324,H,0.0,0.0
2024-01-30,Luton,Brighton,H,4,0,3,0,1.4,1.6,1.6,1.3658298,2.0722300000000002,1.2,1.0,1.0,1.8743808000000002,1.7235319999999998,-0.5085510000000002,0.0,0.2272727272727273,0.2272727272727273,0.5454545454545455,2324,A,0.0,0.0
2024-01-30,Crystal Palace,Sheffield United,H,3,2,2,2,1.0,1.4,2.2,1.2321180000000003,2.2584039999999996,0.4,1.0,2.0,1.516202,1.9747590000000002,-0.2840839999999998,1.0,0.5885015844273427,0.26482571299230423,0.14667270258035311,2324,H,0.0,0.0
2024-01-30,Aston Villa,Newcastle,A,1,3,0,2,1.6,1.6,1.4,1.75815,0.9599762000000001,0.6,1.6,2.2,2.1265248,2.9245824,-0.3683747999999998,0.4,0.5129935875801552,0.2372595342558218,0.24974687816402294,2324,H,0.0,0.0
2024-01-31,Man City,Burnley,H,3,1,2,0,2.6,2.4,1.2,2.346002,1.0147376000000001,0.8,1.0,1.6,0.9680848,1.8359113999999999,1.3779172,1.0,0.8760951188986232,0.0788485607008761,0.04505632040050063,2324,H,0.0,0.0
2024-01-31,Tottenham,Brentford,H,3,2,0,1,2.0,2.2,1.6,1.742942,2.0084166,0.6,1.2,2.4,1.4528839999999998,1.4072571999999999,0.29005800000000015,0.2,0.5716905706876048,0.2273150602495952,0.20099436906279997,2324,H,0.0,0.0
2024-01-31,Liverpool,Chelsea,H,4,1,2,0,2.2,2.2,0.6,2.5686942,0.8404688,2.4,1.8,1.0,2.2755940000000003,1.2966507999999999,0.2931001999999996,0.0,0.6018171661844011,0.2182108431661685,0.17997199064943042,2324,H,0.0,0.0
2024-02-01,West Ham,Bournemouth,D,1,1,0,1,2.2,1.8,0.4,1.511454,1.7687844,1.8,2.0,1.8,1.672171,1.1825682,-0.160717,0.6666666666666666,0.39797395079594794,0.2547033285094067,0.3473227206946455,2324,H,0.0,0.0
2024-02-01,Wolves,Man United,A,3,4,0,2,2.0,1.8,1.0,1.5966451999999998,1.4551922,1.0,1.2,1.6,0.8278778000000001,1.4757496,0.7687673999999997,0.2,0.36206590546056916,0.26450925871147135,0.3734248358279596,2324,A,0.0,0.0
2024-02-03,Burnley,Fulham,D,2,2,0,2,0.8,1.2,1.8,1.1040258,1.7608134,0.8,0.4,1.4,1.2612904,1.8068240000000002,-0.15726459999999998,1.0,0.3255813953488372,0.27770177838577287,0.39671682626538984,2324,A,0.0,0.0
2024-02-03,Everton,Tottenham,D,2,2,1,2,0.4,0.4,1.6,1.5217182,2.044348,2.0,2.4,2.0,2.093854,1.9865526,-0.5721357999999999,0.0,0.3157894736842105,0.2631578947368421,0.42105263157894735,2324,A,0.0,0.0
2024-02-03,Newcastle,Luton,D,4,4,2,2,0.6,1.6,2.4,1.9351388,3.119344,2.0,2.2,1.2,1.9546464000000001,1.828256,-0.01950760000000007,0.0,0.6558682952734998,0.19883165161975572,0.14530005310674457,2324,H,0.0,0.0
2024-02-03,Sheffield United,Aston Villa,A,0,5,0,4,0.4,1.4,2.2,1.5818674000000001,1.552135,1.0,1.4,1.8,1.7538399999999998,1.4650938,-0.1719725999999997,0.0,0.1821247892074199,0.22765598650927488,0.5902192242833053,2324,A,0.0,0.0
2024-02-03,Brighton,Crystal Palace,H,4,1,3,0,1.2,1.0,1.4,1.944502,1.8962040000000002,1.4,1.6,2.2,1.134184,1.9288054,0.8103179999999999,0.2,0.5608856088560886,0.23837638376383766,0.2007380073800738,2324,H,0.0,0.0
2024-02-04,Bournemouth,Nott'm Forest,D,1,1,1,1,1.4,1.6,2.0,1.504305,1.2225362,1.2,2.0,2.0,1.2995363999999998,1.733451,0.2047686000000002,0.6666666666666666,0.5609973285841497,0.2270703472840606,0.21193232413178986,2324,H,0.0,0.0
2024-02-04,Chelsea,Wolves,A,2,4,1,2,1.8,1.6,1.8,1.7165443999999996,1.9411628,2.0,2.4,1.2,1.9406219999999998,1.8929322,-0.2240776000000002,0.2,0.5883926183471516,0.23829901043059643,0.17330837122225196,2324,H,0.0,0.0
2024-02-04,Man United,West Ham,H,3,0,1,0,1.4,2.0,2.2,1.3467308,1.5367456,1.8,1.4,0.6,1.5663580000000001,1.8845172,-0.21962720000000013,0.6,0.5848930481283423,0.22560160427807488,0.18950534759358292,2324,H,0.0,0.0
2024-02-04,Arsenal,Liverpool,H,3,1,1,1,1.4,1.8,1.2,2.0424562,1.0056004,2.6,3.0,0.8,2.9070121999999996,0.8095202,-0.8645559999999994,0.2,0.4308880308880309,0.2633204633204634,0.3057915057915058,2324,H,0.0,0.0
2024-02-05,Brentford,Man City,A,1,3,1,1,0.6,1.6,2.8,1.6432303999999998,1.9112500000000001,2.6,2.6,1.2,2.268808,1.1751581999999998,-0.6255776000000002,0.5,0.13380281690140844,0.19718309859154928,0.6690140845070423,2324,A,0.0,0.0
2024-02-10,Man City,Everton,H,2,0,0,0,3.0,2.8,1.0,2.2070860000000003,1.0183524,0.6,0.6,1.6,1.7767102000000001,1.9137681999999998,0.4303758000000002,0.8,0.8075788165864264,0.11911787544649789,0.07330330796707563,2324,H,0.0,0.0
2024-02-10,Liverpool,Burnley,H,3,1,1,1,2.4,3.0,1.2,2.8188424000000003,1.209704,0.4,1.2,2.2,1.2214537999999997,1.7422334,1.5973886000000006,1.0,0.8229954614220878,0.12036308623298032,0.05664145234493192,2324,H,0.0,0.0
2024-02-10,Tottenham,Brighton,H,2,1,0,1,1.6,2.4,2.2,1.9632742,2.2415446,1.6,1.6,1.4,2.062378,1.6136133999999998,-0.09910379999999974,0.6,0.5256916996047432,0.225296442687747,0.24901185770750986,2324,H,0.0,0.0
2024-02-10,Fulham,Bournemouth,H,3,1,2,0,1.0,0.8,1.4,1.2427104,1.9242519999999999,1.0,1.2,1.8,1.364071,1.1554845999999999,-0.12136060000000004,0.0,0.3952569169960474,0.26877470355731226,0.3359683794466403,2324,H,0.0,0.0
2024-02-10,Nott'm Forest,Newcastle,A,2,3,2,2,1.4,1.8,1.6,1.2324848,1.5932169999999999,0.8,2.4,3.0,2.1268688,3.2905819999999997,-0.8943840000000001,0.3333333333333333,0.28655297735532564,0.2521666200726866,0.4612804025719877,2324,A,0.0,0.0
2024-02-10,Wolves,Brentford,A,0,2,0,1,2.0,2.8,1.4,2.089362,2.0139722,0.6,1.6,3.0,1.6570162,2.03954,0.4323458,0.6,0.45434298440979953,0.2650334075723831,0.2806236080178174,2324,H,0.0,0.0
2024-02-10,Luton,Sheffield United,A,1,3,0,2,1.6,2.8,2.0,2.1258844,2.0199860000000003,0.2,1.2,3.0,1.7582036000000003,1.906443,0.3676807999999996,1.0,0.5449330783938815,0.25430210325047803,0.20076481835564056,2324,H,0.0,0.0
2024-02-11,West Ham,Arsenal,A,0,6,0,4,1.2,1.0,1.2,1.499562,1.93186,1.8,2.2,1.2,2.44264,0.9174306,-0.9430779999999999,0.2,0.15854770503220061,0.21969658895916944,0.6217557060086298,2324,A,0.0,0.0
2024-02-11,Aston Villa,Man United,A,1,2,0,1,1.4,2.2,1.6,2.108148,1.6414300000000002,2.0,2.6,1.8,1.3940736,1.4699496,0.7140743999999999,0.4,0.44113461720899344,0.25291718053315626,0.3059482022578503,2324,H,0.0,0.0
2024-02-12,Crystal Palace,Chelsea,A,1,3,1,0,1.2,1.6,2.8,0.8515934,2.0466813999999998,1.8,1.8,2.2,1.8375844000000001,2.0899028,-0.9859910000000002,0.0,0.2285435630689207,0.2526007802340703,0.5188556566970092,2324,A,0.0,0.0
2024-02-17,Nott'm Forest,West Ham,H,2,0,1,0,0.8,1.6,2.0,0.8046198,1.13728,0.6,0.6,2.4,1.218353,2.173966,-0.4137332,0.3333333333333333,0.39988968560397137,0.2719249862107005,0.3281853281853282,2324,H,0.0,0.0
2024-02-17,Brentford,Liverpool,A,1,4,0,1,1.2,1.8,2.2,1.5081381999999999,1.8721359999999998,2.4,3.2,1.4,3.1114084,1.2374722,-1.6032702000000003,0.2,0.17320838460970087,0.2200106501970796,0.6067809651932196,2324,A,0.0,0.0
2024-02-17,Burnley,Arsenal,A,0,5,0,2,0.4,1.4,2.4,1.2492219999999998,2.0347994,2.4,3.4,0.8,2.6847459999999996,0.6362216,-1.4355239999999998,0.0,0.09531917627782954,0.1657724804831818,0.7389083432389886,2324,A,0.0,0.0
2024-02-17,Fulham,Aston Villa,A,1,2,0,1,1.6,1.4,1.0,1.5269574,2.029654,1.4,2.0,1.4,2.2702240000000002,1.8904040000000002,-0.7432666000000003,0.3333333333333333,0.32346598706136054,0.2501470299941188,0.42638698294452065,2324,A,0.0,0.0
2024-02-17,Tottenham,Wolves,A,1,2,0,1,2.2,2.4,1.6,1.9712202,1.7707106000000004,1.4,2.0,1.6,1.921958,1.8650942000000001,0.049262200000000034,0.4,0.619757688723206,0.1996272134203169,0.18061509785647717,2324,H,0.0,0.0
2024-02-17,Man City,Chelsea,D,1,1,0,1,3.0,2.6,0.8,2.0683860000000003,0.8097087999999999,1.8,2.0,2.2,1.5454704,2.0421906,0.5229156000000004,0.8,0.7101928819304333,0.17173755144863206,0.11806956662093454,2324,H,0.0,0.0
2024-02-17,Newcastle,Bournemouth,D,2,2,0,0,1.4,2.8,2.8,1.6709318,2.8627170000000004,0.4,0.8,2.4,1.469473,1.4397316,0.20145879999999994,0.0,0.5198277142432793,0.2264963612060003,0.25367592455072036,2324,H,0.0,0.0
2024-02-18,Sheffield United,Brighton,A,0,5,0,2,0.8,1.4,2.6,1.4311936,2.115758,1.0,1.0,1.4,1.5915439999999998,1.6215594,-0.16035039999999978,0.0,0.18950534759358292,0.22560160427807488,0.5848930481283423,2324,A,0.0,0.0
2024-02-18,Luton,Man United,A,1,2,1,2,1.0,2.4,2.2,2.3351994,1.6929759999999998,2.0,2.4,1.6,1.6430475999999998,1.6320256,0.6921518000000002,0.0,0.23684210526315788,0.23684210526315788,0.5263157894736842,2324,A,0.0,0.0
2024-02-19,Everton,Crystal Palace,D,1,1,0,0,0.6,0.4,1.4,1.5680665999999999,1.7750682000000002,1.2,1.6,3.0,0.8038812,1.7545674000000002,0.7641853999999999,0.6,0.556783031374282,0.2629253203711887,0.18029164825452937,2324,H,0.0,0.0
2024-02-20,Man City,Brentford,H,1,0,0,0,2.6,2.4,1.0,2.1753539999999996,1.1228726,1.2,1.8,2.4,1.5897122,2.167926,0.5856417999999997,0.6,0.8075788165864264,0.11911787544649789,0.07330330796707563,2324,H,0.0,0.0
2024-02-21,Liverpool,Luton,H,4,1,0,1,2.4,3.2,1.2,2.3950104,1.3943134,1.0,2.2,2.0,2.1214814,2.095996,0.2735289999999999,0.0,0.7913043478260869,0.13565217391304346,0.07304347826086957,2324,H,0.0,0.0
2024-02-24,Crystal Palace,Burnley,H,3,0,0,0,0.8,1.2,3.0,0.6287041999999999,1.9862814,0.4,1.0,2.8,1.0924046,1.8907754,-0.4637004000000001,0.3333333333333333,0.48908296943231444,0.2724890829694323,0.23842794759825325,2324,H,0.0,0.0
2024-02-24,Brighton,Everton,D,1,1,0,0,1.4,2.0,1.4,1.8316020000000002,1.5421822,0.8,0.6,1.0,1.9533144,1.3930512,-0.12171239999999983,0.4,0.5215686274509804,0.2511764705882353,0.22725490196078432,2324,H,0.0,0.0
2024-02-24,Aston Villa,Nott'm Forest,H,4,2,3,1,1.4,1.8,1.2,1.9996439999999995,1.9501500000000003,0.8,1.6,1.8,1.1896342,1.1109022,0.8100097999999996,0.3333333333333333,0.6226312939902545,0.21169463995668653,0.16567406605305904,2324,H,0.0,0.0
2024-02-24,Man United,Fulham,A,1,2,0,0,2.6,2.6,1.4,2.2306125999999997,1.797624,1.0,1.2,1.2,1.5048913999999998,2.012428,0.7257212,1.0,0.6067809651932196,0.2200106501970796,0.17320838460970087,2324,H,0.0,0.0
2024-02-24,Arsenal,Newcastle,H,4,1,2,0,3.0,4.2,0.4,2.794076,0.39759219999999995,1.6,2.8,2.4,1.9655870000000004,1.9446109999999996,0.8284889999999996,0.4,0.6997667444185273,0.18127290903032325,0.11896034655114963,2324,H,0.0,0.0
2024-02-24,Bournemouth,Man City,A,0,1,0,1,0.6,1.0,2.2,1.569211,1.4865276,2.6,2.0,0.6,2.171982,0.9763564,-0.602771,0.0,0.13636363636363635,0.1818181818181818,0.6818181818181818,2324,A,0.0,0.0
2024-02-25,Wolves,Sheffield United,H,1,0,1,0,1.4,1.8,1.8,1.748186,2.080702,0.8,1.4,3.2,1.4957942000000002,2.338398,0.25239179999999983,0.0,0.6627466613514053,0.20091688259916285,0.13633645604943193,2324,H,0.0,0.0
2024-02-26,West Ham,Brentford,H,4,2,2,1,0.4,0.6,2.8,1.1257362,2.2768100000000002,0.6,1.2,2.2,1.302034,2.4309559999999997,-0.17629779999999995,0.0,0.38118811881188125,0.2722772277227723,0.34653465346534656,2324,H,0.0,0.0
2024-03-02,Brentford,Chelsea,D,2,2,0,1,0.6,1.2,2.4,1.250126,2.1723139999999996,1.4,1.6,2.0,1.5963503999999997,2.0694306,-0.34622439999999965,0.6,0.3059482022578503,0.25291718053315626,0.44113461720899344,2324,A,0.0,0.0
2024-03-02,Everton,West Ham,A,1,3,0,0,0.8,0.8,1.2,1.8033173999999996,1.4551112,0.8,1.0,2.8,1.0546621999999999,2.021452,0.7486551999999997,0.4,0.46400294605045106,0.2642238998342846,0.27177315411526415,2324,H,0.0,0.0
2024-03-02,Fulham,Brighton,H,3,0,2,0,1.6,1.6,1.2,1.593022,1.9953800000000002,1.4,2.2,1.6,1.8883420000000002,1.3712811999999999,-0.29532000000000025,0.6666666666666666,0.3734248358279596,0.26450925871147135,0.36206590546056916,2324,H,0.0,0.0
2024-03-02,Newcastle,Wolves,H,3,0,2,0,1.6,2.6,2.6,1.7617856000000003,1.952379,1.8,2.0,1.8,1.7631899999999998,1.9375504,-0.0014043999999995282,0.4,0.49799419006778256,0.23779222575736617,0.2642135841748513,2324,H,0.0,0.0
2024-03-02,Nott'm Forest,Liverpool,A,0,1,0,0,0.8,1.6,2.0,1.3962702,1.4201862,2.4,3.2,1.4,2.8289264,1.4186987999999998,-1.4326561999999998,0.3333333333333333,0.15854770503220061,0.21969658895916944,0.6217557060086298,2324,A,0.0,0.0
2024-03-02,Tottenham,Crystal Palace,H,3,1,0,0,1.6,2.0,1.8,1.8607022,1.8094346000000001,1.4,1.8,2.0,1.0543115999999997,1.29715172,0.8063906000000003,0.8,0.6340391980175715,0.2196440639783735,0.14631673800405498,2324,H,0.0,0.0
2024-03-02,Luton,Aston Villa,A,2,3,0,2,0.8,2.2,2.6,2.1197504,2.532554,1.8,2.6,1.6,2.4286659999999998,2.19396,-0.30891559999999973,0.0,0.22056345980469233,0.22739042403674234,0.5520461161585652,2324,A,0.0,0.0
2024-03-03,Burnley,Bournemouth,A,0,2,0,1,0.2,0.8,3.2,0.8035629200000001,2.180966,0.6,1.0,1.6,1.5874718,1.5391116,-0.78390888,0.0,0.2522231204527081,0.26273241713823764,0.48504446240905413,2324,A,0.0,0.0
2024-03-03,Man City,Man United,H,3,1,0,1,2.6,1.6,0.4,2.1617420000000003,0.8633061999999999,2.4,2.4,1.4,2.4380379999999997,1.7628759999999999,-0.27629599999999943,0.8,0.7512991833704529,0.1633259094283593,0.08537490720118782,2324,H,0.0,0.0
2024-03-04,Sheffield United,Arsenal,A,0,6,0,5,0.6,1.0,3.0,1.1039386,2.0968139999999997,3.0,4.0,0.6,2.6084140000000002,0.3834502,-1.5044754000000002,0.0,0.05606842248167254,0.13616616888406188,0.8077654086342655,2324,A,0.0,0.0
2024-03-09,Man United,Everton,H,2,0,2,0,1.8,1.8,1.4,1.8233948000000002,1.8360039999999997,0.6,1.0,1.8,1.8608334,1.4160092,-0.037438599999999767,0.6,0.5086901229334463,0.2585841458245019,0.2327257312420517,2324,H,0.0,0.0
2024-03-09,Bournemouth,Sheffield United,D,2,2,0,1,1.0,1.2,1.4,1.6477297999999998,1.5974736000000003,0.6,0.6,3.6,0.9905200000000001,2.3593819999999996,0.6572097999999997,1.0,0.7044320516583504,0.17845611975344877,0.11711182858820077,2324,H,0.0,0.0
2024-03-09,Crystal Palace,Luton,D,1,1,1,0,0.8,1.4,2.2,0.8778689999999999,1.67595832,0.2,1.8,3.2,1.8797504000000003,2.746994,-1.0018814000000003,0.0,0.5327102803738317,0.24532710280373832,0.2219626168224299,2324,H,0.0,0.0
2024-03-09,Wolves,Fulham,H,2,1,0,0,1.8,1.4,1.6,1.4095257999999997,1.9591444000000002,2.0,2.2,1.2,1.393232,1.659142,0.016293799999999692,0.0,0.37815975733063706,0.27805864509605666,0.3437815975733064,2324,H,0.0,0.0
2024-03-09,Arsenal,Brentford,H,2,1,1,1,3.0,4.8,0.4,2.824716,0.2974014,0.8,1.4,2.2,1.5716177999999998,2.181204,1.2530982000000002,0.6,0.7780921584478578,0.13561034761519808,0.08629749393694423,2324,H,0.0,0.0
2024-03-10,Aston Villa,Tottenham,A,0,4,0,0,2.4,3.0,1.4,2.556868,2.016104,2.0,2.2,1.6,2.1307542,1.6803654,0.4261138,0.6,0.3983453347632909,0.2370154741841581,0.3646391910525509,2324,H,0.0,0.0
2024-03-10,Brighton,Nott'm Forest,H,1,0,1,0,1.4,2.2,1.4,1.916006,0.9198652,0.8,1.4,1.8,1.4642398,1.4064181999999998,0.4517662,0.3333333333333333,0.5263157894736842,0.23684210526315788,0.23684210526315788,2324,H,0.0,0.0
2024-03-10,West Ham,Burnley,D,2,2,0,2,1.2,1.4,2.8,1.2279982,2.4186280000000004,0.2,0.6,3.0,0.82625692,2.098686,0.4017412800000001,0.3333333333333333,0.5652658981033842,0.23599851245816286,0.19873558943845293,2324,H,0.0,0.0
2024-03-10,Liverpool,Man City,D,1,1,0,1,2.4,2.6,1.2,2.3609044,1.5173976,2.6,1.6,0.4,2.2685179999999994,0.7209107999999999,0.09238640000000053,0.2,0.3160919540229885,0.25287356321839083,0.4310344827586207,2324,A,0.0,0.0
2024-03-11,Chelsea,Newcastle,H,3,2,1,1,1.0,1.8,2.4,1.6176904,2.4245012,1.6,2.6,2.4,1.7642956,1.7649628,-0.1466052,0.4,0.49799419006778256,0.23779222575736617,0.2642135841748513,2324,H,0.0,0.0
2024-03-13,Bournemouth,Luton,H,4,3,0,3,1.0,1.4,1.6,2.1951438,1.889668,0.2,1.2,2.6,1.5618864000000001,2.922494,0.6332573999999997,0.4453947368421053,0.6342525399129173,0.20029027576197386,0.16545718432510886,2324,H,0.0,0.0
2024-03-16,Luton,Nott'm Forest,D,1,1,0,1,0.2,1.6,2.8,1.7682943999999998,3.094734,0.6,1.2,1.8,1.5103370000000003,1.2754218000000002,0.25795739999999956,0.0,0.33980582524271846,0.27184466019417475,0.3883495145631068,2324,A,0.0,0.0
2024-03-16,Fulham,Tottenham,H,3,0,1,0,1.8,2.0,1.2,1.72393,1.717464,2.0,2.4,1.2,1.9091282,1.6076254000000003,-0.1851982000000001,0.0,0.2691120392228073,0.24786635191574355,0.483021608861449,2324,A,0.0,0.0
2024-03-16,Burnley,Brentford,H,2,1,1,0,0.2,0.6,3.0,0.8016629200000001,2.215902,0.2,1.2,2.6,1.3484496,2.28838,-0.5467866799999999,0.3333333333333333,0.29287673824614513,0.2644026109166588,0.4427206508371961,2324,A,0.0,0.0
2024-03-17,West Ham,Aston Villa,D,1,1,1,0,1.4,1.8,2.6,1.3666862,2.401448,1.8,2.0,2.2,2.205372,2.161298,-0.8386858000000001,0.6,0.3603859807401887,0.25275070115911896,0.38686331810069224,2324,A,0.0,0.0
2024-03-30,Newcastle,West Ham,H,4,3,1,2,1.4,2.2,2.2,1.4032766,1.5866668,1.6,2.0,1.6,1.5941312,1.7839168,-0.19085459999999999,0.2,0.5215686274509804,0.22725490196078432,0.2511764705882353,2324,H,0.0,0.0
2024-03-30,Bournemouth,Everton,H,2,1,0,0,1.6,2.0,1.6,2.2427258,2.099386,0.4,0.6,1.8,1.5733514,1.811855,0.6693744000000001,0.3333333333333333,0.4350453172205438,0.26586102719033233,0.2990936555891239,2324,H,0.0,0.0
2024-03-30,Chelsea,Burnley,D,2,2,1,0,1.6,2.2,2.0,1.8787260000000003,1.8056482000000003,0.8,0.8,2.6,1.11896892,1.8366799999999999,0.7597570800000004,0.6666666666666666,0.7403078121955972,0.1591661796220534,0.10052600818234952,2324,H,0.0,0.0
2024-03-30,Nott'm Forest,Crystal Palace,D,1,1,0,1,0.8,1.0,1.4,1.7072580000000002,1.3439032,1.0,1.4,1.6,1.4798475999999998,1.5078383199999998,0.22741040000000035,0.3333333333333333,0.43220338983050843,0.288135593220339,0.2796610169491525,2324,H,0.0,0.0
2024-03-30,Sheffield United,Fulham,D,3,3,0,0,0.8,1.0,3.0,1.0684559999999999,2.5466659999999997,1.8,2.0,1.0,1.869278,1.6253680000000004,-0.8008220000000001,0.0,0.21158844213423023,0.238036997401009,0.5503745604647607,2324,A,0.0,0.0
2024-03-30,Tottenham,Luton,H,2,1,0,1,1.8,2.0,1.4,2.153782,1.4503314,0.4,1.6,2.6,1.6245828000000002,2.767324,0.5291991999999999,1.0,0.7942238267148014,0.1191335740072202,0.08664259927797834,2324,H,0.0,0.0
2024-03-30,Aston Villa,Wolves,H,2,0,1,0,2.0,2.0,2.0,1.8582768,1.9377740000000003,1.8,1.0,1.4,1.1707117999999999,2.0755204,0.6875650000000002,0.0,0.5918858330143802,0.2187107004210181,0.1894034665646017,2324,H,0.0,0.0
2024-03-30,Brentford,Man United,D,1,1,0,0,0.2,1.2,2.2,1.2596596000000002,2.2100280000000003,1.8,1.6,1.4,2.2102728000000003,1.964144,-0.9506132,0.2,0.31714719271623676,0.2503793626707132,0.4324734446130501,2324,A,0.0,0.0
2024-03-31,Liverpool,Brighton,H,2,1,1,1,2.6,2.6,0.8,2.703478,1.2214556,1.4,1.6,1.2,1.6377276000000003,1.0090446,1.0657503999999998,0.2,0.6999830307144069,0.17308671304938064,0.12693025623621246,2324,H,0.0,0.0
2024-03-31,Man City,Arsenal,D,0,0,0,0,2.2,1.4,0.6,2.2251540000000003,1.1334803999999998,3.0,4.6,0.4,2.572934,0.3356388,-0.34777999999999976,0.8,0.49868766404199477,0.25065616797900264,0.25065616797900264,2324,H,0.0,0.0
2024-04-02,Bournemouth,Crystal Palace,H,1,0,0,0,2.0,2.0,1.4,2.1050658,1.809292,1.2,1.4,1.2,1.5161388,1.41087272,0.5889270000000002,0.3333333333333333,0.4866595517609391,0.2497331910352187,0.263607257203842,2324,H,0.0,0.0
2024-04-02,Nott'm Forest,Fulham,H,3,1,3,0,0.4,0.8,1.6,1.3303044000000002,1.4200944,2.0,2.4,1.2,1.806194,1.668422,-0.4758895999999999,0.0,0.35451770209729216,0.28152876343020267,0.36395353447250534,2324,A,0.0,0.0
2024-04-02,West Ham,Tottenham,D,1,1,1,1,1.6,2.6,2.0,1.6890448,2.0118768,1.8,2.0,1.4,2.224972,1.2322418000000002,-0.5359272000000002,0.4,0.287519747235387,0.22590837282780407,0.48657187993680884,2324,A,0.0,0.0
2024-04-02,Burnley,Wolves,D,1,1,1,1,1.0,1.2,2.0,1.47278432,2.2888159999999997,1.8,1.0,1.4,1.2916138000000001,1.9622464000000002,0.18117051999999978,0.3333333333333333,0.3888834331729352,0.26465678090935874,0.346459785917706,2324,H,0.0,0.0
2024-04-02,Newcastle,Everton,D,1,1,1,0,1.4,2.4,2.4,2.0628456,1.5919686,0.4,0.8,1.8,1.7216929999999997,1.772449,0.34115260000000047,0.6,0.4751131221719458,0.2533936651583711,0.2714932126696833,2324,H,0.0,0.0
2024-04-03,Arsenal,Luton,H,2,0,2,0,2.6,3.4,0.4,1.8754284,0.5414437999999999,0.4,1.6,2.2,1.5137608000000002,2.519766,0.36166759999999987,1.0,0.8562415502478594,0.09418657052726455,0.049571879224876075,2324,H,0.0,0.0
2024-04-03,Brentford,Brighton,D,0,0,0,0,0.4,1.4,2.2,1.7918738,1.9004090000000002,1.4,1.6,1.2,1.4270016,1.2294866,0.3648722,0.2,0.40132109528015675,0.251353738622835,0.34732516609700836,2324,H,0.0,0.0
2024-04-03,Man City,Aston Villa,H,4,1,2,1,2.2,1.2,0.4,1.9137459999999997,0.8699548,2.0,2.0,1.8,1.8002247999999998,1.986646,0.11352119999999988,0.6,0.7250755287009064,0.1570996978851964,0.1178247734138973,2324,H,0.0,0.0
2024-04-04,Liverpool,Sheffield United,H,3,1,1,0,2.6,2.4,0.8,2.716308,1.0870536,0.4,1.0,3.4,1.029538,2.414744,1.68677,1.0,0.87509115532868,0.07948744660902177,0.045421398062298154,2324,H,0.0,0.0
2024-04-04,Chelsea,Man United,H,4,3,2,2,1.8,2.2,1.6,2.300078,1.7285002000000003,1.4,1.4,1.4,1.9190038,2.067768,0.38107420000000003,0.0,0.4788732394366197,0.23943661971830985,0.28169014084507044,2324,H,0.0,0.0
2024-04-06,Crystal Palace,Man City,A,2,4,1,1,1.0,1.2,1.2,1.4040796,1.1836347200000001,2.2,1.8,0.6,2.181622,1.006481,-0.7775424,0.2,0.10047846889952154,0.18181818181818185,0.7177033492822967,2324,A,0.0,0.0
2024-04-06,Fulham,Newcastle,A,0,1,0,0,1.4,2.2,1.6,1.7871020000000002,1.665588,1.4,2.2,2.2,2.1160136,1.5154406,-0.32891159999999986,0.0,0.40382571732199785,0.2529224229543039,0.3432518597236982,2324,H,0.0,0.0
2024-04-06,Everton,Burnley,H,1,0,1,0,0.4,0.8,1.8,1.572185,2.15553,1.2,1.4,1.6,1.682742,2.0076340000000004,-0.11055700000000002,0.6666666666666666,0.5791106514994829,0.2388831437435367,0.18200620475698032,2324,H,0.0,0.0
2024-04-06,Brighton,Arsenal,A,0,3,0,1,1.0,0.6,1.2,1.0007116,1.1969036,2.6,2.8,0.4,1.6630464000000003,0.5328316,-0.6623348000000002,0.4,0.19079766949728813,0.2203206345234274,0.5888816959792843,2324,A,0.0,0.0
2024-04-06,Luton,Bournemouth,H,2,1,0,0,0.4,1.2,2.0,1.0855532,2.331362,2.6,2.2,1.2,2.181826,1.4848978,-1.0962728,0.0,0.25315219476465356,0.24982124483353968,0.49702656040180676,2324,A,0.0,0.0
2024-04-06,Wolves,West Ham,A,1,2,1,0,1.4,0.8,1.4,1.1384738,1.8678724,1.2,2.0,1.8,1.5693327999999998,2.0233567999999997,-0.43085899999999966,0.4,0.38162544169611307,0.26501766784452296,0.3533568904593639,2324,H,0.0,0.0
2024-04-06,Aston Villa,Brentford,D,3,3,1,0,1.4,1.4,2.2,1.3397887999999998,2.310916,0.6,1.0,1.4,1.6091676,1.7314709999999998,-0.26937880000000014,0.4,0.5608856088560886,0.23837638376383766,0.2007380073800738,2324,H,0.0,0.0
2024-04-07,Man United,Liverpool,D,2,2,0,1,0.8,1.6,2.0,1.5144298,2.449396,2.6,2.2,0.8,2.601948,0.8922072,-1.0875182,0.2,0.1990324809951624,0.21008984105044923,0.5908776779543885,2324,A,0.0,0.0
2024-04-07,Sheffield United,Chelsea,D,2,2,1,1,0.4,1.2,3.0,1.0564848,2.2471900000000002,1.8,2.4,2.0,2.7422779999999998,1.8979690000000002,-1.6857931999999998,0.0,0.13636363636363635,0.1818181818181818,0.6818181818181818,2324,A,0.0,0.0
2024-04-07,Tottenham,Nott'm Forest,H,3,1,1,1,2.0,2.0,1.2,2.1842820000000005,1.1710938,1.0,1.0,1.0,1.2684044,0.9309803999999999,0.9158776000000004,1.0,0.6803044719314939,0.17316841103710753,0.1465271170313987,2324,H,0.0,0.0
2024-04-13,Burnley,Brighton,D,1,1,0,0,1.2,1.4,1.4,1.431218,1.8523707999999999,0.8,0.4,1.6,0.7556544,1.9726086000000003,0.6755636000000002,0.3333333333333333,0.27149321266968324,0.25339366515837103,0.4751131221719457,2324,A,0.0,0.0
2024-04-13,Brentford,Sheffield United,H,2,0,0,0,0.6,1.2,1.6,1.3986556,1.5336770000000002,0.6,1.6,3.2,1.2741464,2.1083118,0.1245092000000001,0.0,0.6624541377904607,0.1907867916836527,0.14675907052588671,2324,H,0.0,0.0
2024-04-13,Newcastle,Tottenham,H,4,0,2,0,2.0,2.2,1.4,2.3085630000000004,1.1636814000000002,2.0,2.0,1.2,1.9757380000000002,1.5157604,0.33282500000000015,0.4,0.3510110644792064,0.23693246852346433,0.4120564669973293,2324,A,0.0,0.0
2024-04-13,Man City,Luton,H,5,1,1,0,2.2,2.4,1.0,2.275112,1.1202472,0.8,1.4,2.0,1.1294472,1.8043776,1.1456648,1.0,0.8636363636363636,0.08636363636363636,0.05,2324,H,0.0,0.0
2024-04-13,Bournemouth,Man United,D,2,2,2,1,2.0,2.0,1.6,2.0178156,1.4249318,1.0,1.8,2.0,1.2852596,3.10861,0.732556,0.3333333333333333,0.393939393939394,0.24242424242424246,0.3636363636363636,2324,H,0.0,0.0
2024-04-13,Nott'm Forest,Wolves,D,2,2,1,1,1.0,1.2,1.4,1.4743552000000002,0.9904184,0.8,0.8,1.8,1.2519198,1.9652699999999999,0.22243540000000017,0.0,0.4509283819628648,0.2785145888594165,0.27055702917771884,2324,H,0.0,0.0
2024-04-14,Liverpool,Crystal Palace,A,0,1,0,1,2.2,1.8,1.0,2.748258,0.8638066,0.4,1.0,2.0,1.2197996,1.6211924,1.5284583999999999,0.6,0.7837283075200598,0.13659264788206757,0.07967904459787274,2324,H,0.0,0.0
2024-04-14,West Ham,Fulham,A,0,2,0,1,1.2,1.8,1.8,1.3617027999999998,1.7558888,0.8,1.6,1.8,1.6788068000000003,1.671216,-0.3171040000000005,0.6666666666666666,0.39823008849557523,0.26327433628318586,0.33849557522123896,2324,H,0.0,0.0
2024-04-14,Arsenal,Aston Villa,A,0,2,0,0,2.6,2.6,0.2,1.9774104000000001,0.5750597999999999,1.0,1.4,2.4,1.1552828000000002,2.1084199999999997,0.8221276,0.8,0.7389083432389886,0.1657724804831818,0.09531917627782954,2324,H,0.0,0.0
2024-04-15,Chelsea,Everton,H,6,0,4,0,1.8,2.6,2.2,2.4808298,1.691073,0.8,0.8,1.6,1.6468228,1.894168,0.8340069999999999,0.2,0.5609973285841497,0.2270703472840606,0.21193232413178986,2324,H,0.0,0.0
2024-04-20,Luton,Brentford,A,1,5,0,2,0.8,1.0,2.2,0.7325642,2.1640616,1.2,1.4,1.2,1.4701498000000002,1.3818386,-0.7375856000000002,0.0,0.3059482022578503,0.25291718053315626,0.44113461720899344,2324,A,0.0,0.0
2024-04-20,Sheffield United,Burnley,A,1,4,0,2,0.6,1.6,2.4,1.4007711999999999,1.8318657999999999,1.2,1.2,1.2,1.6253959999999998,1.6554318,-0.22462479999999996,0.0,0.346459785917706,0.26465678090935874,0.3888834331729352,2324,A,0.0,0.0
2024-04-20,Wolves,Arsenal,A,0,2,0,1,1.0,1.2,1.6,1.441742,1.650768,2.0,1.4,0.6,1.8608284000000002,0.7205948,-0.4190864000000001,0.0,0.11160318866253321,0.21080602302922938,0.6775907883082374,2324,A,0.0,0.0
2024-04-21,Aston Villa,Bournemouth,H,3,1,1,1,1.6,1.8,1.6,1.0945586,2.0356639999999997,2.0,2.0,1.6,1.7095396,1.3459758,-0.614981,0.3333333333333333,0.5059732958538299,0.23401264933239635,0.26001405481377377,2324,H,0.0,0.0
2024-04-21,Everton,Nott'm Forest,H,2,0,1,0,0.8,0.6,2.2,1.2662548,2.132458,1.2,1.6,1.6,1.6894364,1.1748908,-0.42318159999999994,0.3333333333333333,0.46400294605045106,0.27177315411526415,0.2642238998342846,2324,H,0.0,0.0
2024-04-21,Fulham,Liverpool,A,1,3,1,1,1.4,1.8,1.4,1.8133228,1.702652,1.6,1.6,1.2,3.092734,1.0952714000000001,-1.2794112000000002,0.0,0.18146792525524946,0.2117125794644577,0.6068194952802928,2324,A,0.0,0.0
2024-04-21,Crystal Palace,West Ham,H,5,2,4,1,1.0,1.0,1.4,1.5899802,1.6976863999999998,1.0,1.4,1.8,1.2774888,2.3024528,0.3124914000000001,0.4,0.45434298440979953,0.2650334075723831,0.2806236080178174,2324,H,0.0,0.0
2024-04-23,Arsenal,Chelsea,H,5,0,1,0,2.0,1.4,0.4,1.8744484000000003,0.6068502,2.2,3.4,1.8,2.7245558,1.440015,-0.8501073999999997,0.6,0.6544502617801047,0.18848167539267016,0.15706806282722513,2324,H,0.0,0.0
2024-04-24,Wolves,Bournemouth,A,0,1,0,1,0.4,0.8,1.8,1.2154672,1.394816,1.4,1.4,1.6,1.5511556,1.3125118,-0.3356884,0.3333333333333333,0.3533568904593639,0.26501766784452296,0.38162544169611307,2324,A,0.0,0.0
2024-04-24,Crystal Palace,Newcastle,H,2,0,0,0,1.4,1.8,1.6,1.6834742000000003,1.7496964000000002,2.0,2.4,1.4,2.271233,1.2096468000000002,-0.5877587999999998,0.0,0.3436754176610978,0.26252983293556087,0.39379474940334125,2324,A,0.0,0.0
2024-04-24,Everton,Liverpool,H,2,0,1,0,1.4,1.0,1.8,0.9966214000000001,1.7899699999999998,2.0,2.0,1.2,2.84664,0.9884634,-1.8500185999999998,0.0,0.13513513513513511,0.1891891891891892,0.6756756756756757,2324,A,0.0,0.0
2024-04-24,Man United,Sheffield United,H,4,2,1,1,1.2,2.0,1.8,1.5590548,3.0573020000000004,0.4,1.4,2.8,1.4128992,1.5312278,0.14615559999999994,1.0,0.7281553398058251,0.14563106796116507,0.1262135922330097,2324,H,0.0,0.0
2024-04-25,Brighton,Man City,A,0,4,0,3,1.0,0.6,1.2,0.7031474,2.0678406000000003,2.2,2.8,1.0,2.675256,1.2514493999999998,-1.9721086,0.0,0.1440329218106996,0.18724279835390947,0.668724279835391,2324,A,0.0,0.0
2024-04-27,Wolves,Luton,H,2,1,1,0,0.4,0.8,1.6,0.979894,1.6188960000000001,0.6,1.0,3.0,0.6613676,2.5297055999999998,0.3185264,0.0,0.4866595517609391,0.2497331910352187,0.263607257203842,2324,H,0.0,0.0
2024-04-27,West Ham,Liverpool,D,2,2,1,0,0.8,1.6,2.6,1.2809028000000002,2.863898,1.4,1.6,1.4,2.5786520000000004,1.2788414000000001,-1.2977492000000002,0.2,0.17341040462427748,0.19075144508670525,0.6358381502890174,2324,A,0.0,0.0
2024-04-27,Fulham,Crystal Palace,D,1,1,0,0,0.8,1.4,2.0,1.4866248,1.4784140000000001,1.8,2.0,1.4,1.7906018,1.7030239999999999,-0.30397699999999994,0.3333333333333333,0.4545454545454546,0.27272727272727276,0.27272727272727276,2324,H,0.0,0.0
2024-04-27,Man United,Burnley,D,1,1,0,0,1.2,2.4,2.2,1.6813568,2.9340560000000004,1.2,1.6,1.2,1.57052,1.8008178000000001,0.11083680000000018,0.6666666666666666,0.6295180722891567,0.19879518072289157,0.17168674698795183,2324,H,0.0,0.0
2024-04-27,Everton,Brentford,H,1,0,0,0,2.0,1.2,1.4,1.1880874000000001,1.885744,1.8,2.2,1.0,1.9760838,0.9418464,-0.7879963999999999,0.4,0.41257367387033406,0.27111984282907664,0.3163064833005894,2324,H,0.0,0.0
2024-04-27,Aston Villa,Chelsea,D,2,2,2,0,2.0,2.2,1.6,1.4376778000000001,2.180428,1.6,2.8,2.4,2.6886117999999994,2.018044,-1.2509339999999993,0.4,0.43812451960030746,0.24788624135280551,0.31398923904688697,2324,H,0.0,0.0
2024-04-27,Newcastle,Sheffield United,H,5,1,1,1,2.0,2.0,1.2,2.267804,1.1403387999999999,0.2,1.2,3.0,1.2962852,2.0133418,0.9715187999999999,1.0,0.7780921584478578,0.13561034761519808,0.08629749393694423,2324,H,0.0,0.0
2024-04-28,Bournemouth,Brighton,H,3,0,1,0,1.4,1.2,1.4,1.7532415999999997,1.2226466,0.4,0.4,2.0,0.7106480000000001,2.3114478000000003,1.0425935999999996,0.0,0.42230312320367885,0.2500479018969151,0.3276489748994061,2324,H,0.0,0.0
2024-04-28,Tottenham,Arsenal,A,2,3,0,3,1.4,1.2,2.0,1.6724952000000002,1.8988863999999999,2.4,2.4,0.4,2.463884,0.6835182,-0.7913888,0.2,0.2272727272727273,0.2272727272727273,0.5454545454545455,2324,A,0.0,0.0
2024-04-28,Nott'm Forest,Man City,A,0,2,0,1,1.0,1.4,1.8,1.5367324,1.098781,2.6,3.4,0.8,2.781692,0.9148696000000001,-1.2449596,0.0,0.1178247734138973,0.1570996978851964,0.7250755287009064,2324,A,0.0,0.0
2024-05-02,Chelsea,Tottenham,H,2,0,1,0,1.6,2.8,2.4,2.1081277999999997,1.7196514,1.4,1.6,2.0,1.7642832000000002,1.7073564,0.3438445999999995,0.6,0.43812451960030746,0.24788624135280551,0.31398923904688697,2324,H,0.0,0.0
2024-05-03,Luton,Everton,D,1,1,1,1,0.6,1.0,3.0,0.7617572,2.3346816,2.4,1.2,1.2,1.0912174000000001,1.5469971999999999,-0.3294602000000001,1.0,0.3647199046483909,0.2634088200238379,0.3718712753277712,2324,A,0.0,0.0
2024-05-04,Man City,Wolves,H,5,1,3,0,3.0,3.8,0.8,2.7240866,1.2472132,0.8,1.0,1.6,1.075874,1.574604,1.6482126000000001,0.8,0.8760951188986232,0.0788485607008761,0.04505632040050063,2324,H,0.0,0.0
2024-05-04,Burnley,Newcastle,A,1,4,0,3,1.2,1.4,1.0,1.528858,1.5199258,2.0,2.2,0.8,2.092914,1.306238,-0.5640559999999999,0.0,0.2782732786300392,0.2365322868355333,0.48519443453442734,2324,A,0.0,0.0
2024-05-04,Arsenal,Bournemouth,H,3,0,1,0,2.4,2.6,0.8,2.538054,1.1460177999999999,1.4,1.6,1.4,1.9875675999999998,1.4591328000000001,0.5504864,1.0,0.7851908251641764,0.12772437422670602,0.08708480060911775,2324,H,0.0,0.0
2024-05-04,Brentford,Fulham,D,0,0,0,0,1.6,2.0,1.0,1.5343809999999998,0.9867314,0.8,1.0,1.6,1.5449527999999997,1.33154,-0.010571799999999909,0.6666666666666666,0.4527177959791511,0.2501861504095309,0.29709605361131797,2324,H,0.0,0.0
2024-05-04,Sheffield United,Nott'm Forest,A,1,3,1,1,0.2,1.2,3.4,1.5169115999999998,2.0967518,0.8,1.2,2.0,1.8144260000000003,1.1049992000000002,-0.2975144000000005,0.0,0.19961114711600778,0.22575070209548498,0.5746381507885073,2324,A,0.0,0.0
2024-05-05,Brighton,Aston Villa,H,1,0,0,0,0.4,0.2,2.2,0.894168,2.1654138,1.6,2.2,2.0,1.3035871999999997,2.1607659999999997,-0.40941919999999976,0.0,0.35016674606955694,0.2567889471176751,0.3930443068127679,2324,A,0.0,0.0
2024-05-05,Chelsea,West Ham,H,5,0,3,0,1.6,2.4,1.8,1.8568957999999998,1.6604074,1.0,1.4,2.2,1.2407909999999998,2.56065,0.6161048,0.4,0.5769230769230769,0.2115384615384615,0.2115384615384615,2324,H,0.0,0.0
2024-05-05,Liverpool,Tottenham,H,4,2,2,0,1.0,1.4,1.6,2.533704,1.2934568,0.8,1.2,2.2,1.5253652,2.07174,1.0083388000000002,0.4,0.6406685236768802,0.1671309192200557,0.1922005571030641,2324,H,0.0,0.0
2024-05-06,Crystal Palace,Man United,H,4,0,2,0,2.0,2.2,1.4,1.966498,1.719922,1.2,2.4,2.2,2.0958378,2.680264,-0.1293397999999999,0.4,0.40246847330292457,0.2554333243895895,0.3420982023074859,2324,H,0.0,0.0
2024-05-11,Fulham,Man City,A,0,4,0,1,1.0,0.8,1.0,1.6275027999999998,1.1041778,3.0,4.0,0.8,2.8537626,1.0893045999999997,-1.2262598000000002,0.0,0.07304347826086957,0.13565217391304346,0.7913043478260869,2324,A,0.0,0.0
2024-05-11,Bournemouth,Brentford,A,1,2,0,0,1.4,1.4,1.6,1.9580860000000002,1.9809208000000003,1.6,2.0,1.0,1.6115970000000002,1.0330814,0.34648900000000005,0.0,0.48908296943231444,0.23842794759825325,0.2724890829694323,2324,H,0.0,0.0
2024-05-11,Everton,Sheffield United,H,1,0,1,0,2.0,1.2,1.4,1.2051666,1.6676773999999999,0.0,1.0,3.6,1.6663536,2.38003,-0.461187,0.0,0.6764374295377678,0.19729425028184894,0.1262683201803833,2324,H,0.0,0.0
2024-05-11,Newcastle,Brighton,D,1,1,1,1,2.4,2.8,0.8,2.414182,1.223834,0.8,0.4,2.2,1.176492,2.0936351,1.2376899999999997,0.4,0.6020278833967048,0.19898605830164767,0.19898605830164767,2324,H,0.0,0.0
2024-05-11,Tottenham,Burnley,H,2,1,1,1,0.6,1.4,2.8,1.4809291999999998,2.43015,1.0,1.4,1.6,1.56096,2.1691697999999997,-0.08003080000000007,0.6666666666666666,0.698906060079875,0.16530647681889218,0.13578746310123285,2324,H,0.0,0.0
2024-05-11,West Ham,Luton,H,3,1,0,1,0.8,1.2,3.0,1.1255368000000001,3.12548,0.8,1.2,2.8,0.8934190000000001,2.3518315999999997,0.23211780000000004,1.0,0.5256916996047432,0.225296442687747,0.24901185770750986,2324,H,0.0,0.0
2024-05-11,Wolves,Crystal Palace,A,1,3,0,2,0.8,1.0,2.2,0.7985694,2.2514220000000003,2.6,2.6,0.6,2.080674,1.3354434000000002,-1.2821046000000003,0.2,0.32971295577967413,0.27130666075584614,0.39898038346447967,2324,A,0.0,0.0
2024-05-11,Nott'm Forest,Chelsea,A,2,3,1,1,0.8,1.2,2.0,1.8128239999999998,1.3943632000000001,2.0,3.0,1.4,2.596214,1.4906572000000002,-0.78339,0.3333333333333333,0.2781844802342606,0.24890190336749632,0.47291361639824303,2324,A,0.0,0.0
2024-05-12,Man United,Arsenal,A,0,1,0,1,1.2,1.8,2.2,1.8507491999999999,2.3972880000000005,2.4,2.6,0.8,2.487762,1.154055,-0.6370128000000002,0.4,0.13477477477477479,0.17153153153153156,0.6936936936936937,2324,A,0.0,0.0
2024-05-13,Aston Villa,Liverpool,D,3,3,1,2,1.6,2.0,1.4,1.0791822999999998,1.91249,1.4,1.8,1.6,2.2992339999999998,1.3649650000000002,-1.2200517,0.0,0.22519656132407379,0.21843546363997918,0.556367975035947,2324,A,0.0,0.0
2024-05-14,Tottenham,Man City,A,0,2,0,0,0.6,1.2,2.8,1.7574492,2.2199722,3.0,4.0,0.4,3.0314366,0.8080855,-1.2739874000000002,0.6,0.14571428571428574,0.1578571428571429,0.6964285714285715,2324,A,0.0,0.0
2024-05-15,Brighton,Chelsea,A,1,2,0,1,1.0,0.6,1.8,1.4739012,1.7509251000000003,2.0,2.4,1.8,2.404164,1.7362132000000003,-0.9302628000000002,0.4,0.2843083652268999,0.23455440131219243,0.4811372334609076,2324,A,0.0,0.0
2024-05-15,Man United,Newcastle,H,3,2,1,0,1.0,1.4,2.0,1.7981812000000001,1.856582,2.0,2.8,1.0,2.668484,1.4400332,-0.8703027999999997,0.2,0.3468426013195099,0.23845428840716304,0.41470311027332707,2324,A,0.0,0.0
2024-05-19,Chelsea,Bournemouth,H,2,1,1,0,2.6,2.8,1.0,2.392278,1.3093432,1.2,1.2,1.6,1.695522,2.0618168,0.6967560000000002,0.6666666666666666,0.6528835690968444,0.18933623503808486,0.15778019586507072,2324,H,0.0,0.0
2024-05-19,Brighton,Man United,A,0,2,0,0,0.8,0.6,2.0,1.5608582,1.6892851000000004,1.4,1.6,2.0,1.7930452,1.8348579999999999,-0.23218699999999992,0.8,0.4388121808208814,0.23586154719122376,0.3253262719878949,2324,H,0.0,0.0
2024-05-19,Arsenal,Everton,H,2,1,1,1,3.0,2.8,0.4,2.4559640000000003,1.078579,2.6,1.4,0.2,1.3264065999999999,1.086596,1.1295574000000004,0.6,0.802675585284281,0.11839464882943143,0.07892976588628761,2324,H,0.0,0.0
2024-05-19,Burnley,Nott'm Forest,A,1,2,0,2,1.0,1.6,1.8,1.6816281999999998,2.637677,0.8,1.4,2.0,1.901718,1.5525432000000001,-0.22008980000000022,0.0,0.3163064833005893,0.2711198428290766,0.41257367387033395,2324,A,0.0,0.0
2024-05-19,Brentford,Newcastle,A,2,4,0,3,2.0,1.8,0.6,1.712913,1.0148894,1.4,2.4,1.6,2.494138,1.5919260000000002,-0.7812250000000001,0.0,0.32660829843928435,0.2428625808907499,0.43052912066996574,2324,A,0.0,0.0
2024-05-19,Crystal Palace,Aston Villa,H,5,0,2,0,2.6,3.0,0.8,2.15782,0.9576694,1.6,2.0,1.4,1.3898263,2.008298,0.7679937000000001,0.2,0.5151610291323099,0.22010344200803078,0.2647355288596593,2324,H,0.0,0.0
2024-05-19,Man City,West Ham,H,3,1,2,1,3.0,3.4,0.2,2.6436086,1.0147005,0.8,1.4,3.0,1.6392887999999999,2.8968892,1.0043198,0.8,0.8760951188986232,0.0788485607008761,0.04505632040050063,2324,H,0.0,0.0
2024-05-19,Liverpool,Wolves,H,2,0,2,0,1.6,2.4,2.0,2.070176,1.482517,0.6,0.8,2.4,0.7384134,2.401838,1.3317626,0.8,0.8168266285480907,0.11946089442515825,0.06371247702675106,2324,H,0.0,0.0
2024-05-19,Sheffield United,Tottenham,A,0,3,0,1,0.0,1.0,3.4,1.5925586,2.5267099999999996,0.6,1.2,2.4,1.9785,2.1309742,-0.3859413999999999,0.0,0.1345926800472255,0.15702479338842976,0.7083825265643447,2324,A,0.0,0.0
2024-05-19,Luton,Fulham,A,2,4,1,2,0.2,1.0,3.2,0.7605541999999998,2.970628,1.0,0.8,1.6,1.4783149000000002,1.4985898,-0.7177607000000004,0.0,0.32660829843928435,0.2428625808907499,0.43052912066996574,2324,A,0.0,0.0
2024-08-16,Man United,Fulham,H,1,0,0,0,1.4,1.2,1.6,1.2912312,1.988164,1.0,1.2,2.0,0.9786849,1.6214618,0.31254629999999994,0.75,0.5932203389830508,0.22598870056497172,0.18079096045197737,2425,H,0.0,0.0
2024-08-17,Arsenal,Wolves,H,2,0,1,0,3.0,2.8,0.6,2.7659460000000005,1.1786566,0.6,0.8,2.4,0.851761,3.201354,1.9141850000000005,1.0,0.8012162051113485,0.12605801627085214,0.07272577861779932,2425,H,0.0,0.0
2024-08-17,Everton,Brighton,A,0,3,0,1,2.0,1.2,0.6,1.3647408,1.491104,0.8,0.6,1.6,1.840794,1.5090791,-0.47605319999999995,0.2,0.35752979414951247,0.28494041170097506,0.35752979414951247,2425,H,0.0,0.0
2024-08-17,Newcastle,Southampton,H,1,0,1,0,2.0,3.2,1.6,3.113968,1.6449179999999999,0.2,1.8,3.2,1.3122166000000002,2.703262,1.8017513999999997,0.75,0.6997667444185273,0.18127290903032325,0.11896034655114963,2425,H,0.0,0.0
2024-08-17,Nott'm Forest,Bournemouth,D,1,1,1,0,1.2,1.4,1.8,1.865154,1.4776112000000001,1.2,1.2,1.4,1.6855,1.8559847999999999,0.17965399999999998,0.0,0.3883495145631068,0.27184466019417475,0.33980582524271846,2425,H,0.0,0.0
2024-08-17,West Ham,Aston Villa,A,1,2,1,1,0.8,1.6,3.2,1.3967066000000001,2.6370712000000003,1.0,1.6,2.4,1.3237856999999997,2.07667,0.0729209000000004,0.4,0.3888834331729352,0.26465678090935874,0.346459785917706,2425,H,0.0,0.0
2024-08-18,Brentford,Crystal Palace,H,2,1,1,0,1.4,1.8,1.4,1.835085,1.5780778000000002,2.6,3.0,0.4,1.8604979999999998,0.8083665999999999,-0.025412999999999686,0.0,0.39471577261809454,0.27862289831865494,0.3266613290632506,2425,H,0.0,0.0
2024-08-18,Chelsea,Man City,A,0,2,0,1,3.0,2.8,0.8,2.3990180000000003,1.5872918,3.0,3.2,0.4,2.7256026,0.9483281,-0.3265845999999999,0.0,0.23099703849950645,0.24284304047384012,0.5261599210266535,2425,A,0.0,0.0
2024-08-19,Leicester,Tottenham,D,1,1,0,1,1.0,1.4,2.2,1.77841064,1.9662664000000003,1.2,1.4,1.8,2.096934,1.9674986,-0.31852336000000014,0.25,0.19079766949728813,0.2203206345234274,0.5888816959792843,2425,A,0.0,0.0
2024-08-24,Tottenham,Everton,H,4,0,2,0,1.4,1.6,1.6,2.124356,1.7278626000000004,1.4,0.8,1.2,1.0675838,1.4749599999999998,1.0567722000000002,0.6,0.6558682952734998,0.19883165161975572,0.14530005310674457,2425,H,0.0,0.0
2024-08-24,Aston Villa,Arsenal,A,0,2,0,0,1.0,1.4,2.4,1.3324717,2.2271880000000004,3.0,2.2,0.6,2.39989,0.9731375999999999,-1.0674183000000002,0.4,0.2167429884458061,0.24697293157114222,0.5362840799830516,2425,A,0.0,0.0
2024-08-24,Brighton,Man United,H,2,1,1,0,1.4,1.2,1.0,1.927596,1.0938801,1.8,1.2,1.4,1.0873732,1.6927242,0.8402228,0.8,0.3807716387541087,0.2572781342933166,0.3619502269525748,2425,H,0.0,0.0
2024-08-24,Crystal Palace,West Ham,A,0,2,0,0,2.0,2.8,0.8,1.8026899999999997,0.9742366,0.8,1.4,2.6,1.6885746000000001,2.4274312,0.11411539999999953,0.6,0.4407039020657995,0.2631981637337414,0.29609793420045905,2425,H,0.0,0.0
2024-08-24,Fulham,Leicester,H,2,1,1,1,1.0,1.0,1.6,0.8946570999999999,1.8251078,1.0,1.2,2.0,1.31866664,1.5905204000000002,-0.42400954000000013,1.0,0.5239520958083832,0.25149700598802394,0.2245508982035928,2425,H,0.0,0.0
2024-08-24,Man City,Ipswich,H,4,1,3,1,3.0,3.2,0.4,2.775266,0.7259501,0.0,0.0,2.0,0.342601,3.92906,2.4326649999999996,0.4453947368421053,0.8760951188986232,0.0788485607008761,0.04505632040050063,2425,H,0.0,0.0
2024-08-24,Southampton,Nott'm Forest,A,0,1,0,0,0.2,1.6,2.8,1.5237476,2.0070457999999998,1.4,1.6,1.6,1.8761319999999997,1.7647946,-0.3523843999999996,0.0,0.37265577737447064,0.2879612825166364,0.33938294010889286,2425,H,0.0,0.0
2024-08-25,Liverpool,Brentford,H,2,0,1,0,2.2,2.6,1.4,3.4086620000000005,1.1512959999999999,1.4,1.2,1.4,1.355033,1.708032,2.053629000000001,0.8,0.7483214528675796,0.1652814339377089,0.08639711319471147,2425,H,0.0,0.0
2024-08-25,Bournemouth,Newcastle,D,1,1,1,0,0.8,1.2,1.6,1.5867080000000002,2.007904,2.0,2.4,1.4,2.6137118,1.671068,-1.0270037999999997,0.25,0.32453416149068326,0.24767080745341613,0.4277950310559006,2425,A,0.0,0.0
2024-08-25,Wolves,Chelsea,A,2,6,2,2,0.6,0.8,2.6,0.8700372,3.046392,2.4,2.4,1.2,2.1664,1.5692398,-1.2963627999999998,0.6,0.21945293518300807,0.23755780233560622,0.5429892624813857,2425,A,0.0,0.0
2024-08-31,Arsenal,Brighton,D,1,1,1,0,3.0,2.0,0.2,2.37975,0.7155496,1.4,1.4,1.2,1.82877,1.338111,0.55098,0.6,0.7151598592626587,0.17293865687624294,0.11190148386109836,2425,H,0.0,0.0
2024-08-31,Brentford,Southampton,H,3,1,1,0,1.4,1.2,1.6,1.2552096000000001,2.008988,0.2,1.0,2.2,0.9045460000000001,2.1973438,0.3506636000000001,0.75,0.539701816903434,0.2421738922002589,0.21812429089630705,2425,H,0.0,0.0
2024-08-31,Everton,Bournemouth,A,2,3,0,0,0.8,0.6,2.0,0.9545596000000002,1.8059748,0.4,0.8,1.8,1.59747,2.115114,-0.6429103999999998,0.5,0.34634974533106966,0.28013582342954163,0.3735144312393889,2425,A,0.0,0.0
2024-08-31,Ipswich,Fulham,D,1,1,1,1,0.0,0.5,3.0,0.4113,3.50362,1.4,1.2,1.6,1.0082571,1.7857348000000002,-0.5969571,0.4453947368421053,0.3163064833005893,0.2711198428290766,0.41257367387033395,2425,A,0.0,0.0
2024-08-31,Leicester,Aston Villa,A,1,2,0,1,1.0,0.8,1.4,0.90493564,1.6324044,0.8,1.0,2.4,1.4733483,2.197184,-0.56841266,0.25,0.20955315870570107,0.2357473035439137,0.5546995377503853,2425,A,0.0,0.0
2024-08-31,Nott'm Forest,Wolves,D,1,1,1,1,2.0,1.8,1.2,2.014458,1.6213724000000003,0.0,0.8,3.6,1.0556352,3.271392,0.9588227999999999,0.0,0.4805194805194806,0.25974025974025977,0.25974025974025977,2425,H,0.0,0.0
2024-08-31,West Ham,Man City,A,1,3,1,2,1.2,1.4,2.2,1.8366116000000001,2.2440552000000005,3.0,3.0,0.4,2.4858179999999996,0.7425725000000001,-0.6492063999999995,0.0,0.1361434977578475,0.17327354260089683,0.6905829596412556,2425,A,0.0,0.0
2024-09-01,Newcastle,Tottenham,H,2,1,1,0,1.6,1.8,1.4,2.1409998000000003,1.92083,2.0,2.0,0.8,2.4122320000000004,1.2051924,-0.27123220000000003,0.6,0.38095238095238093,0.23809523809523808,0.38095238095238093,2425,H,0.0,0.0
2024-09-01,Man United,Liverpool,A,0,3,0,2,1.8,1.4,1.0,1.2762018,1.7079102,2.6,2.6,1.0,3.4938200000000004,1.0839388,-2.2176182000000004,0.2,0.25766871165644173,0.2269938650306749,0.5153374233128835,2425,A,0.0,0.0
2024-09-01,Chelsea,Crystal Palace,D,1,1,1,0,2.4,2.6,1.6,1.728594,1.87408,1.8,2.6,1.0,1.867136,1.0022426000000002,-0.13854199999999994,1.0,0.5918858330143802,0.2187107004210181,0.1894034665646017,2425,H,0.0,0.0
2024-09-14,Fulham,West Ham,D,1,1,1,0,1.4,1.4,1.8,0.9548650999999999,1.7652686,1.2,1.6,1.8,1.8472719999999998,2.0389732,-0.8924068999999999,0.5,0.39593908629441626,0.2899492385786802,0.3141116751269035,2425,H,0.0,0.0
2024-09-14,Southampton,Man United,A,0,3,0,2,0.2,1.2,2.4,1.2040422,2.7157358,1.8,1.4,1.4,1.466042,1.7824962,-0.2619998000000001,0.0,0.20955315870570107,0.2357473035439137,0.5546995377503853,2425,A,0.0,0.0
2024-09-14,Crystal Palace,Leicester,D,2,2,0,1,1.4,2.0,1.2,1.5459576,1.5294452,1.0,1.0,1.2,0.95438464,1.7110044000000002,0.5915729599999999,0.25,0.5883926183471516,0.23829901043059643,0.17330837122225196,2425,H,0.0,0.0
2024-09-14,Brighton,Ipswich,D,0,0,0,0,1.4,1.4,1.2,1.809154,1.331381,0.3333333333333333,0.6666666666666666,2.3333333333333335,0.5098826666666666,2.7320233333333337,1.2992713333333334,0.4453947368421053,0.6849315068493151,0.18904109589041096,0.12602739726027395,2425,H,0.0,0.0
2024-09-14,Aston Villa,Everton,H,3,2,1,2,1.4,1.4,2.4,1.8932372000000002,1.8250002000000003,0.6,0.8,2.4,1.2198996000000002,2.2072726,0.6733376,0.8,0.6297577854671281,0.2249134948096886,0.14532871972318342,2425,H,0.0,0.0
2024-09-14,Man City,Brentford,H,2,1,2,1,3.0,2.8,0.6,2.493976,0.9142878,1.8,1.8,1.8,1.8658958,2.047256,0.6280801999999999,0.6,0.802675585284281,0.11839464882943143,0.07892976588628761,2425,H,0.0,0.0
2024-09-14,Bournemouth,Chelsea,A,0,1,0,0,1.0,1.4,1.6,2.0951060000000004,1.843628,2.0,2.2,1.4,1.8419440000000002,1.4768836,0.2531620000000001,0.0,0.2781844802342606,0.24890190336749632,0.47291361639824303,2425,A,0.0,0.0
2024-09-14,Liverpool,Nott'm Forest,A,0,1,0,0,2.6,2.4,0.6,3.2621700000000002,1.1497028,1.6,1.4,1.2,1.90896,1.3109268,1.3532100000000002,0.75,0.7755791985681615,0.14557024957740877,0.07885055185442974,2425,H,0.0,0.0
2024-09-15,Tottenham,Arsenal,A,0,1,0,0,1.4,1.8,1.0,2.138364,1.3325142,2.6,1.6,0.4,2.080602,0.9853056,0.05776200000000031,0.2,0.3163064833005893,0.2711198428290766,0.41257367387033395,2425,A,0.0,0.0
2024-09-15,Wolves,Newcastle,A,1,2,1,0,0.2,0.8,2.8,1.1637841999999998,2.6484460000000003,2.0,2.0,1.4,1.9680617999999999,1.8643259999999997,-0.8042776,0.0,0.2785145888594165,0.27055702917771884,0.4509283819628648,2425,A,0.0,0.0
2024-09-21,Aston Villa,Wolves,H,3,1,0,1,1.8,1.4,2.2,1.9816791999999999,1.6154958000000001,0.2,0.8,2.6,1.2265022,2.442228,0.7551769999999998,0.2,0.5977796754910334,0.22345573583831485,0.17876458867065187,2425,H,0.0,0.0
2024-09-21,Fulham,Newcastle,H,3,1,2,0,1.6,1.6,1.2,1.5143422000000002,1.2713763999999999,2.6,2.0,1.0,1.8094338,1.8588520000000002,-0.2950915999999999,0.0,0.31924882629107976,0.28169014084507044,0.39906103286384975,2425,A,0.0,0.0
2024-09-21,West Ham,Chelsea,A,0,3,0,2,0.8,1.2,1.8,1.2417977999999998,2.488084,2.0,2.0,1.2,1.7196892000000001,1.5194995999999998,-0.4778914000000003,0.2,0.26530612244897955,0.24489795918367344,0.48979591836734687,2425,A,0.0,0.0
2024-09-21,Leicester,Everton,D,1,1,0,1,1.0,1.4,1.6,1.2679772,1.8782584,0.0,1.0,3.0,1.0255092000000001,2.7459200000000004,0.2424679999999999,0.25,0.38891095400746684,0.2802446580347923,0.3308443879577409,2425,H,0.0,0.0
2024-09-21,Liverpool,Bournemouth,H,3,0,3,0,2.4,1.8,0.2,3.1163220000000003,0.7242991999999999,1.0,1.2,1.4,2.188094,1.6447292,0.9282280000000003,0.75,0.7394019060138022,0.15379559645087088,0.10680249753532699,2425,H,0.0,0.0
2024-09-21,Crystal Palace,Man United,D,0,0,0,0,1.0,1.8,1.4,1.6204855999999999,1.6285992,1.8,1.4,1.0,1.772016,1.5983682,-0.15153040000000018,0.6,0.3311067603362892,0.2542899919382701,0.4146032477254405,2425,A,0.0,0.0
2024-09-21,Southampton,Ipswich,D,1,1,1,0,0.2,1.0,2.4,1.3024963999999999,2.8382858,0.5,0.5,1.75,0.56274275,2.4882575,0.7397536499999999,0.4453947368421053,0.42626070409134154,0.27402473834443386,0.29971455756422455,2425,H,0.0,0.0
2024-09-21,Tottenham,Brentford,H,3,1,2,1,1.4,1.8,0.8,1.928313,1.0160322,1.2,1.6,2.0,1.6906398,2.14334,0.23767319999999992,0.2,0.6149068322981366,0.21180124223602484,0.17329192546583852,2425,H,0.0,0.0
2024-09-22,Brighton,Nott'm Forest,D,2,2,2,1,1.6,1.2,0.8,1.8956999999999997,1.1668455999999998,2.2,1.2,0.6,1.5377284,1.0628788,0.3579715999999997,0.5,0.5449330783938815,0.25430210325047803,0.20076481835564056,2425,H,0.0,0.0
2024-09-22,Man City,Arsenal,D,2,2,1,2,3.0,2.8,0.8,2.263872,0.7559058000000001,2.6,1.6,0.4,1.958574,1.0334908,0.30529800000000007,0.6,0.5263157894736842,0.2631578947368421,0.21052631578947367,2425,H,0.0,0.0
2024-09-28,Newcastle,Man City,D,1,1,0,1,2.0,1.4,1.2,1.2988818000000002,2.16082,2.6,2.6,1.0,2.3520399999999997,0.964696,-1.0531581999999995,0.0,0.18202598494502173,0.22070125195412565,0.5972727631008525,2425,A,0.0,0.0
2024-09-28,Arsenal,Leicester,H,4,2,2,0,2.2,1.6,0.6,1.573056,1.451686,0.6,1.2,1.6,1.1295372000000001,2.048942,0.4435187999999999,1.0,0.8168266285480907,0.11946089442515825,0.06371247702675106,2425,H,0.0,0.0
2024-09-28,Wolves,Liverpool,A,1,2,0,1,0.2,1.0,2.8,1.1842748,1.7850560000000002,2.4,2.0,0.2,2.4719100000000003,0.8720063999999998,-1.2876352000000002,0.2,0.11895780672759089,0.16550651370795255,0.7155356795644564,2425,A,0.0,0.0
2024-09-28,Brentford,West Ham,D,1,1,1,0,1.2,1.4,1.8,1.5290388,2.192214,0.8,1.0,1.8,1.3454194,2.50453,0.1836194,0.8,0.4317656129529684,0.27139552814186585,0.2968388589051658,2425,H,0.0,0.0
2024-09-28,Everton,Crystal Palace,H,2,1,0,1,0.2,1.0,2.8,1.2572824,2.371166,0.6,0.8,1.4,1.5079636,1.978942,-0.25068120000000005,0.6,0.3515188335358444,0.28760631834750905,0.3608748481166464,2425,A,0.0,0.0
2024-09-28,Nott'm Forest,Fulham,A,0,1,0,0,1.8,1.2,0.8,1.4956504000000002,1.1601067999999999,1.6,1.4,1.0,1.9334282000000003,1.0774263999999998,-0.4377778000000001,0.25,0.39768618944323936,0.28681610026512416,0.31549771029163654,2425,H,0.0,0.0
2024-09-28,Chelsea,Brighton,H,4,2,4,2,2.0,2.2,1.0,1.8796011999999997,1.2707529999999998,1.8,1.6,0.8,1.815032,1.2398836,0.06456919999999977,0.4,0.5483028720626633,0.2258485639686684,0.2258485639686684,2425,H,0.0,0.0
2024-09-29,Ipswich,Aston Villa,D,2,2,1,2,0.6,0.6,1.6,0.7791942,2.570232,2.4,2.0,1.4,2.336612,1.2731412,-1.5574178,0.4453947368421053,0.23647209203238181,0.2522368981678739,0.5112910097997444,2425,A,0.0,0.0
2024-09-29,Man United,Tottenham,A,0,3,0,1,1.4,1.0,1.0,2.04132,1.5378842,1.4,1.8,1.0,2.0679250000000002,1.0552828,-0.026605000000000434,0.4,0.40302882266731804,0.2525647288715193,0.3444064484611627,2425,H,0.0,0.0
2024-09-30,Bournemouth,Southampton,H,3,1,3,0,1.0,1.0,1.6,2.081652,1.8126491999999998,0.2,0.4,1.8,1.6141944000000001,2.3665958,0.4674575999999999,0.5,0.5772208925805997,0.23229621286780233,0.19048289455159792,2425,H,0.0,0.0
2024-10-05,West Ham,Ipswich,H,4,1,2,1,1.0,1.0,1.6,0.9602028,2.0445144,0.8,1.0,1.6,1.07989,2.013408,-0.1196872,0.4453947368421053,0.5292717447246527,0.2507076685537828,0.22002058672156458,2425,H,0.0,0.0
2024-10-05,Everton,Newcastle,D,0,0,0,0,0.8,1.4,2.4,1.3981354,2.2377160000000003,1.6,1.4,1.4,1.480872,2.022886,-0.08273660000000005,0.4,0.2990936555891239,0.26586102719033233,0.4350453172205438,2425,A,0.0,0.0
2024-10-05,Crystal Palace,Liverpool,A,0,1,0,1,0.6,0.8,1.4,1.5031656000000002,1.924732,2.4,2.0,0.4,2.1095459999999995,0.9532711999999999,-0.6063803999999993,0.2,0.15789473684210528,0.2105263157894737,0.6315789473684211,2425,A,0.0,0.0
2024-10-05,Arsenal,Southampton,H,3,1,0,0,2.2,2.0,1.0,2.458006,1.4041008,0.2,0.6,2.2,1.3624420000000002,2.568328,1.095564,0.25,0.8377135348226018,0.10611038107752954,0.05617608409986859,2425,H,0.0,0.0
2024-10-05,Brentford,Wolves,H,5,3,4,2,0.8,1.2,1.8,1.3269552,2.1384233999999998,0.2,1.2,2.8,1.2188927999999999,1.882844,0.10806240000000011,0.2,0.4603234298608499,0.26212861978187285,0.27754795035727714,2425,H,0.0,0.0
2024-10-05,Leicester,Bournemouth,H,1,0,1,0,0.4,1.4,2.2,0.9918910000000001,2.978002,1.4,1.4,1.6,1.988252,1.7030528,-0.9963609999999998,0.0,0.3059482022578503,0.25291718053315626,0.44113461720899344,2425,A,0.0,0.0
2024-10-05,Man City,Fulham,H,3,2,1,1,2.2,2.4,1.2,2.368996,1.021138,2.2,1.6,0.8,2.1368699999999996,0.7917606,0.2321260000000005,1.0,0.763271162123386,0.13629842180774748,0.10043041606886656,2425,H,0.0,0.0
2024-10-06,Aston Villa,Man United,D,0,0,0,0,2.0,2.0,1.6,2.03154,1.0814172,0.8,0.8,1.6,1.7529282000000002,2.535582,0.27861179999999997,0.2,0.4310344827586207,0.25287356321839083,0.3160919540229885,2425,H,0.0,0.0
2024-10-06,Chelsea,Nott'm Forest,D,1,1,0,0,2.6,3.0,1.0,2.3990332000000003,1.276101,1.6,1.0,0.8,1.3697106,1.0654608,1.0293226000000004,0.25,0.6424335602899187,0.21128925982868438,0.14627717988139688,2425,H,0.0,0.0
2024-10-06,Brighton,Tottenham,H,3,2,0,2,1.2,1.4,1.6,1.69829,1.8904966,1.8,2.2,0.8,2.867815,0.970199,-1.1695249999999997,0.4,0.3286034353995519,0.23823749066467512,0.4331590739357729,2425,A,0.0,0.0
2024-10-19,Tottenham,West Ham,H,4,1,1,1,1.2,1.8,1.4,2.564087,1.2348592,1.0,1.4,1.8,1.5321647999999999,2.0062204,1.0319222,0.4,0.6306306306306306,0.1891891891891892,0.18018018018018017,2425,H,0.0,0.0
2024-10-19,Fulham,Aston Villa,A,1,3,1,1,1.6,1.6,1.2,2.296126,0.8937276000000001,2.2,2.0,1.2,1.8747738000000003,0.8883265999999999,0.42135219999999984,0.25,0.3883495145631068,0.27184466019417475,0.33980582524271846,2425,H,0.0,0.0
2024-10-19,Ipswich,Everton,A,0,2,0,2,0.8,1.0,1.6,1.2208162,2.276576,1.0,1.4,1.6,1.4068044,2.073526,-0.18598819999999994,0.4453947368421053,0.39768618944323936,0.28681610026512416,0.31549771029163654,2425,H,0.0,0.0
2024-10-19,Man United,Brentford,H,2,1,0,1,1.0,0.6,1.2,1.5855236000000001,2.2138378,1.4,2.2,2.0,2.0625334000000004,1.7339202,-0.47700980000000026,0.6,0.5609973285841497,0.2270703472840606,0.21193232413178986,2425,H,0.0,0.0
2024-10-19,Newcastle,Brighton,A,0,1,0,1,1.6,1.2,1.2,1.4603940000000002,1.6543028,1.2,1.6,1.8,1.664418,1.8519426000000003,-0.20402399999999976,0.4,0.48339684267827976,0.2547632008709852,0.2618399564507349,2425,H,0.0,0.0
2024-10-19,Southampton,Leicester,A,2,3,2,0,0.2,0.8,2.6,1.5740776,2.645708,1.0,1.4,1.8,1.0029026,2.975492,0.571175,0.5,0.41257367387033406,0.27111984282907664,0.3163064833005894,2425,H,0.0,0.0
2024-10-19,Bournemouth,Arsenal,H,2,0,0,0,1.2,1.2,1.6,1.871152,1.5068914000000002,2.2,2.2,1.2,2.825538,1.3953988,-0.954386,0.0,0.1882404563405002,0.2413339183852567,0.5704256252742431,2425,A,0.0,0.0
2024-10-20,Wolves,Man City,A,1,2,1,1,0.2,1.4,2.6,0.8745235999999998,2.304,2.2,2.2,1.4,2.026728,1.4768301999999998,-1.1522044,0.2,0.11978384869408586,0.15971179825878112,0.7205043530471329,2425,A,0.0,0.0
2024-10-20,Liverpool,Chelsea,H,2,1,1,0,2.4,1.8,0.4,1.9804559999999998,0.9837195999999999,2.2,2.0,0.8,2.4486672,1.125789,-0.46821120000000027,0.2,0.5816922989614663,0.22983939617501845,0.18846830486351512,2425,H,0.0,0.0
2024-10-21,Nott'm Forest,Crystal Palace,H,1,0,0,0,1.2,1.0,1.0,1.1300686,1.4779744000000001,0.6,0.8,1.2,1.3498417999999999,2.032554,-0.2197731999999999,0.25,0.41257367387033406,0.27111984282907664,0.3163064833005894,2425,H,0.0,0.0
2024-10-25,Leicester,Nott'm Forest,A,1,3,1,1,1.6,1.8,1.8,1.4156064,3.0282739999999997,1.6,1.0,0.8,1.2250766,1.4574482,0.19052979999999997,0.5,0.31654676258992803,0.2877697841726619,0.3956834532374101,2425,A,0.0,0.0
2024-10-26,Aston Villa,Bournemouth,D,1,1,0,0,2.2,2.2,1.2,1.7291938000000002,1.2595264,1.2,1.0,1.2,1.7166139999999999,1.143785,0.012579800000000363,0.5,0.509891622226045,0.2418716669533804,0.24823671082057458,2425,H,0.0,0.0
2024-10-26,Brentford,Ipswich,H,4,3,2,2,0.8,1.8,2.2,1.46854,1.7576041999999998,0.6,0.8,1.8,1.3142066,2.360418,0.15433340000000006,0.4453947368421053,0.5785594734103152,0.22046723582610164,0.20097329076358317,2425,H,0.0,0.0
2024-10-26,Brighton,Wolves,D,2,2,1,0,1.6,1.6,1.6,1.6365020000000001,1.7556606,0.0,1.4,2.8,0.8392405999999999,2.2950000000000004,0.7972614000000002,0.8,0.5813953488372093,0.20930232558139536,0.20930232558139536,2425,H,0.0,0.0
2024-10-26,Man City,Southampton,H,1,0,1,0,2.2,2.0,1.4,1.6612719999999999,1.4396334,0.2,1.0,2.6,1.7302036,2.440798,-0.0689316000000002,0.5,0.8501275191278691,0.09436415462319349,0.05550832624893734,2425,H,0.0,0.0
2024-10-26,Everton,Fulham,D,1,1,0,0,1.6,1.4,1.0,1.2171543999999999,1.71695,1.4,1.6,1.6,2.584508,1.039508,-1.3673536000000002,0.0,0.34580762617578636,0.2926064529179731,0.36158592090624053,2425,A,0.0,0.0
2024-10-27,Chelsea,Newcastle,H,2,1,1,1,2.0,2.0,1.0,2.1209892000000004,1.4788814,1.0,0.8,1.2,1.5303200000000001,1.6632748,0.5906692000000002,0.4,0.5520461161585652,0.22056345980469233,0.22739042403674234,2425,H,0.0,0.0
2024-10-27,Crystal Palace,Tottenham,H,1,0,1,0,0.4,0.6,1.2,1.4249004,1.8142140000000002,1.8,2.4,1.2,2.5255829999999997,1.0892317999999999,-1.1006825999999996,0.0,0.24353727916957785,0.23744884719033837,0.5190138736400838,2425,A,0.0,0.0
2024-10-27,West Ham,Man United,H,2,1,0,0,1.0,1.4,2.0,1.5144852,1.6557304,1.6,1.0,0.8,1.6384595999999998,1.9716124000000002,-0.12397439999999982,0.4,0.3311067603362892,0.2542899919382701,0.4146032477254405,2425,A,0.0,0.0
2024-10-27,Arsenal,Liverpool,D,2,2,2,1,2.0,2.0,1.4,2.4900936,1.4687408,2.4,1.6,0.6,2.004696,0.9513536,0.48539759999999976,0.4,0.3800403225806452,0.2923387096774194,0.3276209677419355,2425,H,0.0,0.0
2024-11-02,Liverpool,Brighton,H,2,1,0,1,2.6,2.0,0.8,2.0413,1.0511072000000001,1.6,2.0,2.0,1.587804,1.8335439999999998,0.4534960000000001,0.4,0.6818181818181818,0.19090909090909092,0.12727272727272726,2425,H,0.0,0.0
2024-11-02,Bournemouth,Man City,H,2,1,1,0,1.4,1.2,1.2,1.4748822000000001,1.3520398,2.2,1.8,1.2,1.983286,1.3034432000000002,-0.5084038,0.0,0.1720368389470114,0.22528633671632445,0.6026768243366641,2425,A,0.0,0.0
2024-11-02,Ipswich,Leicester,D,1,1,0,0,0.4,1.4,2.6,1.501338,2.828352,1.4,1.6,2.0,1.2517154,2.959818,0.24962260000000014,0.4453947368421053,0.42217898832684825,0.2714007782101167,0.306420233463035,2425,H,0.0,0.0
2024-11-02,Wolves,Crystal Palace,D,2,2,0,0,0.2,1.6,2.8,0.7674505999999999,2.3010080000000004,0.8,0.4,0.8,1.0431906,1.6876799999999998,-0.2757400000000001,0.2,0.3841205083947906,0.2824415502902872,0.3334379413149224,2425,H,0.0,0.0
2024-11-02,Nott'm Forest,West Ham,H,3,0,1,0,1.6,1.4,1.0,1.6161462,1.3898432,1.4,1.6,2.0,1.9765654000000001,1.6037244000000002,-0.36041920000000016,0.5,0.44510940714419295,0.27342435010286137,0.2814662427529456,2425,H,0.0,0.0
2024-11-02,Southampton,Everton,H,1,0,0,0,0.2,1.0,2.2,1.5330154000000003,2.4679840000000004,1.8,1.2,0.6,1.2236917999999999,1.38426,0.30932360000000036,0.5,0.3605514316012725,0.2788971367974549,0.3605514316012725,2425,H,0.0,0.0
2024-11-02,Newcastle,Arsenal,H,1,0,1,0,0.4,0.6,1.4,1.582084,1.6929248000000001,1.6,2.2,1.8,2.4835736,1.5809138,-0.9014896000000001,0.4,0.2549019607843137,0.2549019607843137,0.4901960784313726,2425,A,0.0,0.0
2024-11-03,Tottenham,Aston Villa,H,4,1,0,1,1.8,2.4,1.2,2.5709039999999996,1.0607739999999999,1.8,1.8,1.0,1.4922418,1.154825,1.0786621999999997,0.4,0.49799419006778256,0.23779222575736617,0.2642135841748513,2425,H,0.0,0.0
2024-11-03,Man United,Chelsea,D,1,1,0,0,1.0,0.6,1.2,1.5582696,2.2990503999999996,2.0,2.2,1.2,2.258032,1.5198694,-0.6997624,0.4,0.36458333333333337,0.27083333333333337,0.36458333333333337,2425,H,0.0,0.0
2024-11-04,Fulham,Brentford,H,2,1,0,1,1.4,1.6,1.6,2.306368,1.0799332000000001,1.4,2.4,2.4,2.077678,1.7784422,0.22868999999999984,0.25,0.47349177330895803,0.25594149908592323,0.27056672760511885,2425,H,0.0,0.0
2024-11-09,West Ham,Everton,D,0,0,0,0,1.4,1.6,2.0,1.8513754000000002,1.5942924,1.6,1.0,0.6,1.2160997999999998,1.2247430000000001,0.6352756000000004,0.6,0.44155844155844154,0.2792207792207792,0.2792207792207792,2425,H,0.0,0.0
2024-11-09,Brentford,Bournemouth,H,3,2,1,1,1.4,2.4,2.2,2.0468112,1.2855142000000002,2.0,1.6,0.8,1.6707842,1.3351178000000001,0.3760270000000001,0.5,0.3787575150300601,0.2705410821643286,0.3507014028056112,2425,H,0.0,0.0
2024-11-09,Crystal Palace,Fulham,A,0,2,0,1,0.8,0.8,1.2,1.2390326,1.547604,1.4,1.4,1.6,1.95012,1.0082434,-0.7110874,0.0,0.3533254156769596,0.2725653206650831,0.37410926365795727,2425,A,0.0,0.0
2024-11-09,Brighton,Man City,H,2,1,0,1,1.4,1.8,2.0,1.477268,1.921772,2.0,1.6,1.2,1.9026500000000002,1.5364812,-0.42538200000000015,0.0,0.23008961651730578,0.22461129231451277,0.5452990911681813,2425,A,0.0,0.0
2024-11-09,Liverpool,Aston Villa,H,2,0,1,0,2.6,1.8,1.0,1.915912,0.9602852000000001,1.2,1.4,1.6,1.5150378,1.4703036,0.40087420000000007,0.6,0.6716197598897855,0.1816571541035229,0.1467230860066916,2425,H,0.0,0.0
2024-11-09,Wolves,Southampton,H,2,0,1,0,0.4,1.8,2.6,0.9934631999999999,2.356004,0.6,1.0,2.0,1.0614584,2.496146,-0.06799520000000014,1.0,0.4953764861294584,0.2523117569352708,0.2523117569352708,2425,H,0.0,0.0
2024-11-10,Man United,Leicester,H,3,0,2,0,1.0,0.8,1.4,1.5202576,2.2073364,1.4,1.6,2.0,1.4518453999999998,2.862298,0.06841220000000026,0.5,0.6834257312177403,0.1714777289237239,0.14509653985853563,2425,H,0.0,0.0
2024-11-10,Nott'm Forest,Newcastle,A,1,3,1,0,2.0,1.6,0.6,1.8123221999999999,1.1026346,1.0,0.6,0.8,1.5344909999999998,1.2329038,0.27783120000000006,0.25,0.3548387096774194,0.2903225806451613,0.3548387096774194,2425,H,0.0,0.0
2024-11-10,Tottenham,Ipswich,A,1,2,0,2,1.8,2.6,1.2,2.2114439999999997,1.379559,0.4,1.4,2.6,1.439572,2.716442,0.7718719999999997,0.4453947368421053,0.7512038523274479,0.14446227929373998,0.1043338683788122,2425,H,0.0,0.0
2024-11-10,Chelsea,Arsenal,D,1,1,0,0,1.6,1.8,1.4,2.02072,1.800316,1.4,1.8,1.6,2.4090126,1.2016808,-0.3882926000000002,0.0,0.35051546391752575,0.27835051546391754,0.3711340206185567,2425,A,0.0,0.0
2024-11-23,Arsenal,Nott'm Forest,H,3,0,1,0,1.0,1.2,1.4,1.5905026,1.382233,2.0,1.8,1.0,1.925156,1.1892586,-0.3346534000000001,0.75,0.692588092345079,0.20121506682867554,0.10619684082624542,2425,H,0.0,0.0
2024-11-23,Leicester,Chelsea,A,1,2,0,1,1.4,1.2,1.8,1.4677225999999999,1.8990680000000002,1.2,1.2,1.2,1.5371759999999999,1.950992,-0.0694534,0.0,0.14530005310674457,0.19883165161975572,0.6558682952734998,2425,A,0.0,0.0
2024-11-23,Fulham,Wolves,A,1,4,1,1,1.4,1.6,1.6,2.1135979999999996,1.2774472,1.0,2.0,2.2,1.0262343999999999,2.091087,1.0873635999999998,0.25,0.5835764902042518,0.236348478532722,0.18007503126302626,2425,H,0.0,0.0
2024-11-23,Aston Villa,Crystal Palace,D,2,2,1,2,1.0,1.0,1.6,1.6187238000000002,1.6374796,0.8,0.6,1.2,1.4063906000000002,1.7763479999999998,0.2123332,0.4,0.5883926183471516,0.23829901043059643,0.17330837122225196,2425,H,0.0,0.0
2024-11-23,Man City,Tottenham,A,0,4,0,2,1.8,1.6,1.4,2.170286,1.8420251999999997,1.2,2.2,1.6,1.48018,1.6961988000000001,0.6901059999999999,0.4,0.6417473541995046,0.19995496509795088,0.15829768070254446,2425,H,0.0,0.0
2024-11-23,Bournemouth,Brighton,A,1,2,0,1,1.4,1.4,1.2,1.8808222,1.5088522000000002,2.0,1.8,1.4,1.810076,1.7107619999999997,0.07074620000000009,0.25,0.39622641509433965,0.2641509433962264,0.33962264150943394,2425,H,0.0,0.0
2024-11-23,Everton,Brentford,D,0,0,0,0,1.2,0.6,0.4,1.1673784,1.224767,1.8,2.8,2.4,2.2857148,1.6082588000000002,-1.1183364,0.6,0.38891095400746684,0.2802446580347923,0.3308443879577409,2425,H,0.0,0.0
2024-11-24,Southampton,Liverpool,A,2,3,1,1,0.6,0.8,1.8,1.0807758,2.3902722,2.6,1.8,0.8,2.0288559999999998,1.1431742,-0.9480801999999997,0.0,0.08639711319471147,0.1652814339377089,0.7483214528675796,2425,A,0.0,0.0
2024-11-24,Ipswich,Man United,D,1,1,1,1,0.8,1.4,2.4,1.5071400000000001,2.8376300000000003,1.6,1.4,0.8,1.6474934,1.2093554,-0.14035339999999996,0.4453947368421053,0.18007503126302626,0.236348478532722,0.5835764902042518,2425,A,0.0,0.0
2024-11-25,Newcastle,West Ham,A,0,2,0,1,1.4,1.0,0.8,1.639611,1.2155758,1.4,1.4,1.8,1.900392,1.6934446,-0.26078100000000015,0.4,0.631578947368421,0.21052631578947367,0.15789473684210525,2425,H,0.0,0.0
2024-11-29,Brighton,Southampton,D,1,1,1,0,2.0,1.6,1.2,1.66176,1.8745180000000001,0.6,1.0,1.8,1.1341198,2.3776122,0.5276402,0.5,0.6849315068493151,0.18904109589041096,0.12602739726027395,2425,H,0.0,0.0
2024-11-30,Brentford,Leicester,H,4,1,3,1,1.4,1.8,1.8,1.7273168,1.7880280000000002,0.8,1.2,2.2,1.4789074,2.072458,0.2484094000000001,0.0,0.5746381507885073,0.22575070209548498,0.19961114711600778,2425,H,0.0,0.0
2024-11-30,West Ham,Arsenal,A,2,5,2,5,1.4,1.0,1.6,1.2101528,1.7560806,1.0,1.2,1.2,1.2722046,1.2082342000000001,-0.0620518000000001,0.2,0.13544369486248053,0.21069019200830302,0.6538661131292164,2425,A,0.0,0.0
2024-11-30,Crystal Palace,Newcastle,D,1,1,0,0,1.0,1.0,1.4,1.6073684,1.9705939999999997,1.2,1.0,1.2,1.581077,1.2656978,0.026291399999999854,0.2,0.32611264277274515,0.26270185112248917,0.4111855061047657,2425,A,0.0,0.0
2024-11-30,Wolves,Bournemouth,A,2,4,1,3,1.6,2.2,1.4,1.1547896,1.4074925999999999,1.4,1.6,1.4,1.8732101999999997,1.5725576,-0.7184205999999997,0.25,0.33962264150943394,0.2641509433962264,0.39622641509433965,2425,A,0.0,0.0
2024-11-30,Nott'm Forest,Ipswich,H,1,0,0,0,1.8,1.6,1.4,1.6724751999999998,1.0657866,1.0,1.4,1.8,1.667642,2.21265,0.00483319999999976,0.4453947368421053,0.5539358600583091,0.24781341107871718,0.19825072886297374,2425,H,0.0,0.0
2024-12-01,Chelsea,Aston Villa,H,3,0,2,0,1.6,1.4,1.2,1.6449880000000001,1.8112814,1.0,1.4,2.0,2.1210720000000003,1.8706462000000001,-0.4760840000000002,0.4,0.5579074690051407,0.23132748714847295,0.21076504384638645,2425,H,0.0,0.0
2024-12-01,Man United,Everton,H,4,0,2,0,1.6,1.6,1.0,1.8116100000000004,1.5002216000000002,1.2,0.6,0.4,1.3479556,1.1352989999999998,0.46365440000000047,0.8,0.6175562417291575,0.22496691662990734,0.15747684164093514,2425,H,0.0,0.0
2024-12-01,Tottenham,Fulham,D,1,1,0,0,1.8,2.6,1.0,1.92252,1.7335628,1.4,1.4,1.8,1.7053376,1.2718852,0.2171824,0.75,0.5579074690051407,0.21076504384638645,0.23132748714847295,2425,H,0.0,0.0
2024-12-01,Liverpool,Man City,H,2,0,1,0,2.6,2.2,1.2,2.251862,1.3292479999999998,1.2,1.0,1.8,2.328716,1.9512312,-0.07685399999999998,0.2,0.45051194539249145,0.2627986348122867,0.2866894197952219,2425,H,0.0,0.0
2024-12-03,Ipswich,Crystal Palace,A,0,1,0,0,1.0,1.4,1.6,1.5253962,2.244216,1.2,1.2,1.4,1.8995582,1.5976458,-0.3741619999999999,0.4453947368421053,0.3165610142630745,0.2793185419968304,0.4041204437400951,2425,A,0.0,0.0
2024-12-03,Leicester,West Ham,H,3,1,1,0,0.2,0.8,2.6,1.0927664000000001,2.030676,1.4,1.2,1.8,1.2854701999999998,2.2678466,-0.19270379999999965,0.5,0.3255813953488372,0.27770177838577287,0.39671682626538984,2425,A,0.0,0.0
2024-12-04,Southampton,Chelsea,A,1,5,1,3,0.8,0.8,1.4,0.8355615999999999,2.1839321999999997,2.2,1.8,0.8,1.7670579999999998,1.5413359999999998,-0.9314963999999999,0.5,0.1109874826147427,0.17969401947148816,0.7093184979137691,2425,A,0.0,0.0
2024-12-04,Arsenal,Man United,H,2,0,0,0,1.6,2.2,1.2,1.9239229999999998,1.0184742,1.6,2.0,0.8,1.810822,1.4750028,0.1131009999999999,0.8,0.6554307116104868,0.2097378277153558,0.1348314606741573,2425,H,0.0,0.0
2024-12-04,Everton,Wolves,H,4,0,2,0,0.6,0.2,1.2,1.1796974,1.252821,1.6,2.4,1.8,1.1757529999999998,1.7501566,0.003944400000000181,0.0,0.4509283819628648,0.2785145888594165,0.27055702917771884,2425,H,0.0,0.0
2024-12-04,Man City,Nott'm Forest,H,3,0,2,0,0.6,0.6,2.0,2.204581,2.5390958,1.8,1.6,1.4,1.6485032,0.9913406,0.5560778000000002,0.75,0.6956875508543532,0.19918633034987795,0.10512611879576893,2425,H,0.0,0.0
2024-12-04,Newcastle,Liverpool,D,3,3,1,0,1.4,1.2,1.2,1.1979608000000002,1.3893077999999999,2.6,2.2,1.0,2.546936,1.2104430000000002,-1.3489752,0.0,0.2247191011235955,0.23595505617977527,0.5393258426966292,2425,A,0.0,0.0
2024-12-04,Aston Villa,Brentford,H,3,1,3,0,0.4,0.8,2.4,2.0089706,1.7343762000000003,2.0,2.4,1.6,1.9925182,1.6164290000000001,0.016452400000000145,0.4,0.5275084060230983,0.25320403489108717,0.21928755908581452,2425,H,0.0,0.0
2024-12-05,Fulham,Brighton,H,3,1,1,0,1.6,1.4,1.4,1.4937375999999998,1.1868672,1.6,1.6,1.4,1.7001519999999999,1.6741978,-0.2064144000000001,0.75,0.40506329113924044,0.2644163150492264,0.330520393811533,2425,H,0.0,0.0
2024-12-05,Bournemouth,Tottenham,H,1,0,1,0,1.4,2.0,1.8,2.0521742,1.5976127999999998,1.4,2.0,1.0,1.8365879999999997,1.8763502000000003,0.2155862000000004,0.25,0.3603859807401887,0.25275070115911896,0.38686331810069224,2425,A,0.0,0.0
2024-12-07,Aston Villa,Southampton,H,1,0,1,0,0.8,1.2,2.4,2.2575165999999998,1.895178,0.8,1.0,2.2,1.1435917999999998,2.7179802000000004,1.1139248,0.75,0.6936936936936937,0.17153153153153156,0.13477477477477479,2425,H,0.0,0.0
2024-12-07,Brentford,Newcastle,H,4,2,2,2,1.4,1.8,1.6,1.3997242,1.928379,1.6,1.6,1.4,1.1536248,1.5112518000000001,0.24609940000000008,0.0,0.3311067603362892,0.2542899919382701,0.4146032477254405,2425,A,0.0,0.0
2024-12-07,Crystal Palace,Man City,D,2,2,1,1,1.2,1.2,1.4,2.0346800000000003,1.4881474000000001,0.6,1.0,2.0,2.212347,2.6255290000000002,-0.17766699999999958,0.0,0.1720368389470114,0.22528633671632445,0.6026768243366641,2425,A,0.0,0.0
2024-12-07,Man United,Nott'm Forest,A,2,3,1,1,1.6,1.8,0.8,1.3368426000000002,1.4697468,1.2,1.0,1.8,1.2999581999999998,1.4651956,0.03688440000000037,0.75,0.5755850727387729,0.24351676154332702,0.18089816571790004,2425,H,0.0,0.0
2024-12-08,Fulham,Arsenal,D,1,1,1,0,2.0,1.8,1.4,1.3280044,1.2297761999999999,2.0,2.2,0.8,2.299631,0.7989987999999999,-0.9716266000000002,0.25,0.1894034665646017,0.2187107004210181,0.5918858330143802,2425,A,0.0,0.0
2024-12-08,Ipswich,Bournemouth,A,1,2,1,0,1.0,0.8,1.0,1.2883418,1.755734,1.8,2.0,1.6,2.641876,1.3275996,-1.3535342,0.4453947368421053,0.27149321266968324,0.25339366515837103,0.4751131221719457,2425,A,0.0,0.0
2024-12-08,Leicester,Brighton,D,2,2,0,1,0.8,1.2,2.2,1.4824054,2.097132,1.4,1.4,1.6,1.6173360000000003,1.5853785999999999,-0.13493060000000034,0.0,0.20897040592517244,0.24746495438507263,0.543564639689755,2425,A,0.0,0.0
2024-12-08,Tottenham,Chelsea,A,3,4,2,1,1.4,2.0,1.0,1.7575348000000002,2.3360600000000002,2.2,2.4,0.8,2.6100900000000005,1.574914,-0.8525552000000003,0.2,0.2799712849964106,0.24407753050969133,0.47595118449389806,2425,A,0.0,0.0
2024-12-09,West Ham,Wolves,H,2,1,0,0,0.8,1.0,2.2,1.2622782,2.2987726,1.4,2.0,2.2,1.1231498,1.7472706000000002,0.13912839999999993,0.8,0.5015432098765432,0.24434156378600827,0.25411522633744854,2425,H,0.0,0.0
2024-12-14,Newcastle,Leicester,H,4,0,1,0,1.0,1.8,2.2,1.3729718000000002,1.6781908,0.8,1.4,2.4,1.2995654,2.054266,0.0734064000000001,0.5,0.730136005726557,0.15819613457408735,0.11166785969935578,2425,H,0.0,0.0
2024-12-14,Liverpool,Fulham,D,2,2,0,1,2.6,2.4,1.2,2.7217759999999998,1.296897,1.6,1.6,1.4,1.072168,1.56859,1.6496079999999997,0.75,0.7101928819304333,0.17173755144863206,0.11806956662093454,2425,H,0.0,0.0
2024-12-14,Nott'm Forest,Aston Villa,H,2,1,0,0,1.2,1.0,2.2,0.9601796,1.7326722,1.4,1.2,1.6,2.2626946,1.5528423999999998,-1.302515,0.25,0.3608748481166464,0.28760631834750905,0.3515188335358444,2425,H,0.0,0.0
2024-12-14,Wolves,Ipswich,A,1,2,0,1,1.2,1.8,2.2,1.0882478,1.4571885999999998,0.8,0.8,1.2,1.3344678,1.986272,-0.2462200000000001,0.4453947368421053,0.5,0.25,0.25,2425,H,0.0,0.0
2024-12-14,Arsenal,Everton,D,0,0,0,0,2.2,2.4,0.8,2.6040300000000003,0.6572533999999999,1.0,0.8,1.0,1.3025364,1.1233038,1.3014936000000004,0.8,0.7755791985681615,0.14557024957740877,0.07885055185442974,2425,H,0.0,0.0
2024-12-15,Brighton,Crystal Palace,A,1,3,0,2,1.6,1.6,1.6,1.638568,1.5081806,1.2,1.2,1.4,1.747934,1.4750314,-0.10936600000000007,0.4,0.509891622226045,0.24823671082057458,0.2418716669533804,2425,H,0.0,0.0
2024-12-15,Man City,Man United,A,1,2,1,0,0.8,1.2,2.0,2.058727,2.378621,1.4,2.0,1.2,1.1986826000000002,1.3578481999999998,0.8600444,0.8,0.6013630896699185,0.2098089001737271,0.18882801015635442,2425,H,0.0,0.0
2024-12-15,Chelsea,Brentford,H,2,1,1,0,2.6,3.0,1.2,2.8825999999999996,1.79379,2.0,2.4,1.6,1.601078,2.0336350000000003,1.2815219999999996,0.0,0.7147962830593281,0.1584465094114844,0.1267572075291875,2425,H,0.0,0.0
2024-12-15,Southampton,Tottenham,A,0,5,0,5,0.2,0.8,2.4,1.1126892,2.8634942,0.8,1.8,1.6,1.9890088,2.353214,-0.8763196,0.25,0.21953720447195677,0.21124357674746064,0.5692192187805826,2425,A,0.0,0.0
2024-12-16,Bournemouth,West Ham,D,1,1,0,0,1.8,2.0,1.6,2.85027,1.1704196,1.4,1.4,1.8,1.4754308,2.1238846000000002,1.3748392,0.0,0.5608856088560886,0.23837638376383766,0.2007380073800738,2425,H,0.0,0.0
2024-12-21,Ipswich,Newcastle,A,0,4,0,3,0.8,0.8,1.2,1.2443817999999998,1.8835919999999997,1.0,2.0,2.0,1.7900858,1.4798386000000001,-0.5457040000000002,0.4453947368421053,0.1995079572537864,0.25271007918812943,0.5477819635580841,2425,A,0.0,0.0
2024-12-21,Brentford,Nott'm Forest,A,0,2,0,1,1.4,2.0,1.6,1.6198519999999998,2.053459,1.8,1.2,1.8,1.1816955999999998,1.4367488,0.4381564,0.5,0.4111855061047657,0.26270185112248917,0.32611264277274515,2425,H,0.0,0.0
2024-12-21,Crystal Palace,Arsenal,A,1,5,1,3,1.8,1.8,1.2,1.957096,1.2890154,2.2,2.2,0.6,2.47366,0.43555259999999996,-0.5165640000000002,0.2,0.15336592261028328,0.22822309912244534,0.6184109782672713,2425,A,0.0,0.0
2024-12-21,West Ham,Brighton,D,1,1,0,0,1.4,1.6,2.0,1.6143448,2.3603720000000004,1.0,1.4,2.0,1.3289819999999999,1.5887486,0.28536280000000014,0.2,0.33289942187679467,0.25912171216355906,0.4079788659596463,2425,A,0.0,0.0
2024-12-21,Aston Villa,Man City,H,2,1,1,0,1.4,1.4,1.6,2.0079052,1.4736704,0.8,1.2,2.0,1.6656796,2.213713,0.34222560000000013,0.2,0.29188580015026305,0.25638617580766343,0.4517280240420737,2425,A,0.0,0.0
2024-12-22,Everton,Chelsea,D,0,0,0,0,1.2,0.8,0.8,0.9718076,1.2769648,3.0,3.2,1.2,3.152758,1.733412,-2.1809504,0.4,0.18950534759358292,0.22560160427807488,0.5848930481283423,2425,A,0.0,0.0
2024-12-22,Fulham,Southampton,D,0,0,0,0,1.2,1.6,1.8,0.8787459999999999,1.5959120000000002,0.2,0.8,3.0,1.2088702,3.459582,-0.3301242000000001,1.0,0.6658656253129068,0.1990587764093321,0.13507559827776108,2425,H,0.0,0.0
2024-12-22,Leicester,Wolves,A,0,3,0,3,0.8,1.4,2.6,1.2534582,2.597808,0.6,1.6,2.6,1.1531876,1.6453555999999998,0.10027059999999999,0.75,0.3711340206185567,0.27835051546391754,0.35051546391752575,2425,H,0.0,0.0
2024-12-22,Man United,Bournemouth,A,0,3,0,1,1.4,1.8,1.4,1.3606266,1.4020098,2.0,1.8,1.2,2.761486,1.2211256000000001,-1.4008594,0.5,0.5256916996047432,0.24901185770750986,0.225296442687747,2425,H,0.0,0.0
2024-12-22,Tottenham,Liverpool,A,3,6,1,3,1.4,2.6,1.2,2.4174768,2.171142,2.2,2.4,1.4,2.7790980000000003,1.351001,-0.3616212000000001,0.2,0.21158844213423023,0.238036997401009,0.5503745604647607,2425,A,0.0,0.0
2024-12-26,Newcastle,Aston Villa,H,3,0,1,0,1.6,2.8,1.6,2.1372958,1.5041278000000002,1.8,1.4,1.4,1.8109712000000002,1.3700503999999998,0.32632459999999974,0.8,0.49702656040180676,0.24982124483353968,0.25315219476465356,2425,H,0.0,0.0
2024-12-26,Man City,Everton,D,1,1,1,1,0.8,1.4,1.6,1.4531356,1.964791,1.2,0.8,0.8,1.012773,1.3554068000000001,0.44036260000000005,0.8,0.7046463956269218,0.17039631021523746,0.12495729415784079,2425,H,0.0,0.0
2024-12-26,Bournemouth,Crystal Palace,D,0,0,0,0,2.6,2.2,0.8,2.744834,1.4320736,1.6,1.6,1.8,1.955262,1.2909734,0.7895719999999999,0.5,0.5,0.25,0.25,2425,H,0.0,0.0
2024-12-26,Chelsea,Fulham,A,1,2,1,0,2.6,2.8,1.0,2.892624,1.7539766,1.4,1.4,1.0,0.9858244,1.3841122000000001,1.9067996,0.5,0.6417473541995046,0.19995496509795088,0.15829768070254446,2425,H,0.0,0.0
2024-12-26,Southampton,West Ham,A,0,1,0,0,0.4,0.4,2.4,0.9569064,3.072422,1.0,1.4,2.2,1.6716539999999998,2.329568,-0.7147475999999997,0.25,0.2936129647283127,0.2726406101048618,0.43374642516682554,2425,A,0.0,0.0
2024-12-26,Wolves,Man United,H,2,0,0,0,0.6,1.4,2.4,1.1124436,1.65966,1.2,1.6,1.8,1.5638686,1.3702438000000001,-0.45142499999999997,0.2,0.24414426863815383,0.257341256132108,0.49851447522973813,2425,A,0.0,0.0
2024-12-26,Liverpool,Leicester,H,3,1,1,1,2.2,3.2,2.0,3.2831339999999996,1.258817,0.8,1.2,2.8,1.2175968000000001,2.261554,2.0655371999999996,0.75,0.8795411089866157,0.07915869980879542,0.041300191204588915,2425,H,0.0,0.0
2024-12-26,Nott'm Forest,Tottenham,H,1,0,1,0,2.4,1.6,1.2,1.2940478,1.2585176,0.8,2.4,2.4,1.9970688000000003,2.779772,-0.7030210000000003,0.0,0.4146032477254405,0.2542899919382701,0.3311067603362892,2425,H,0.0,0.0
2024-12-27,Brighton,Brentford,D,0,0,0,0,0.6,1.2,2.0,1.351622,1.4523086,1.2,2.0,2.0,1.5050247999999997,1.9274184,-0.15340279999999962,0.4,0.5830269494941478,0.21813017509942711,0.19884287540642515,2425,H,0.0,0.0
2024-12-27,Arsenal,Ipswich,H,1,0,1,0,2.2,2.6,0.8,2.752496,0.6759653999999999,0.6,0.6,1.8,1.0598078000000002,2.27654,1.6926881999999996,0.4453947368421053,0.8314855875831485,0.10532150776053213,0.06319290465631928,2425,H,0.0,0.0
2024-12-29,Leicester,Man City,A,0,2,0,1,0.8,1.2,2.6,1.0802798,2.197654,1.0,1.6,1.4,1.8080626000000002,1.3553408,-0.7277828000000002,0.0,0.12693025623621246,0.17308671304938064,0.6999830307144069,2425,A,0.0,0.0
2024-12-29,Crystal Palace,Southampton,H,2,1,1,1,1.6,1.4,1.6,1.5960852,1.5271535999999999,0.2,0.2,2.4,1.2095786,3.0786719999999996,0.38650660000000014,0.75,0.5924105170128148,0.23848320813079982,0.16910627485638532,2425,H,0.0,0.0
2024-12-29,Everton,Nott'm Forest,A,0,2,0,1,1.2,1.0,1.0,0.8244107999999999,1.5907088000000003,2.4,1.6,1.2,1.2009098,1.3774794,-0.37649900000000014,0.5,0.3648208469055374,0.29641693811074915,0.33876221498371334,2425,H,0.0,0.0
2024-12-29,Fulham,Bournemouth,D,2,2,1,0,1.8,1.6,1.0,1.0271344,1.4931922,2.2,1.4,0.4,2.3694100000000002,1.35888,-1.3422756000000002,0.25,0.41025641025641024,0.2621082621082621,0.3276353276353276,2425,H,0.0,0.0
2024-12-29,Tottenham,Wolves,D,2,2,2,1,0.6,2.2,2.4,2.0064128,2.7252599999999996,1.2,1.4,1.6,1.1045346000000003,1.1156332,0.9018781999999999,0.2,0.5879059350503919,0.18812989921612544,0.22396416573348263,2425,H,0.0,0.0
2024-12-29,West Ham,Liverpool,A,0,5,0,3,1.6,1.2,1.2,1.8047980000000003,1.9693640000000001,2.2,3.2,1.8,3.025334,0.995041,-1.2205359999999996,0.0,0.13513513513513511,0.1891891891891892,0.6756756756756757,2425,A,0.0,0.0
2024-12-30,Man United,Newcastle,A,0,2,0,2,0.6,0.8,2.2,1.2833218,1.3821918,2.0,3.2,1.4,2.6988320000000003,1.0900421999999999,-1.4155102000000004,0.2,0.34914425427872864,0.2743276283618582,0.3765281173594133,2425,A,0.0,0.0
2024-12-30,Aston Villa,Brighton,D,2,2,1,1,1.8,1.4,1.4,1.680987,1.5459064,0.6,1.0,1.8,1.244726,1.4575614,0.436261,0.8,0.49315068493150677,0.24657534246575338,0.2602739726027397,2425,H,0.0,0.0
2024-12-30,Ipswich,Chelsea,H,2,0,1,0,0.6,0.6,1.8,0.98292014,2.35629,2.0,2.4,1.4,2.8139979999999998,1.9347459999999999,-1.8310778599999997,0.4453947368421053,0.1439701173959445,0.19701173959445034,0.6590181430096052,2425,A,0.0,0.0
2025-01-01,Brentford,Arsenal,A,1,3,1,1,0.8,1.2,1.8,1.2535013999999998,2.0129834000000004,2.2,1.8,0.4,2.38555,0.4445539399999999,-1.1320486,0.0,0.14530005310674457,0.19883165161975572,0.6558682952734998,2425,A,0.0,0.0
2025-01-04,Tottenham,Newcastle,A,1,2,1,2,0.8,2.6,2.6,2.338492,2.1979674,2.4,3.0,0.8,2.8431979999999997,0.8446562,-0.5047059999999997,0.2,0.32917532917532916,0.24948024948024947,0.4213444213444213,2425,A,0.0,0.0
2025-01-04,Aston Villa,Leicester,H,2,1,0,0,1.4,1.2,1.6,1.413635,1.5069827999999998,0.2,0.6,2.8,0.8925737999999999,1.9382259999999998,0.5210612000000001,0.6,0.7151598592626587,0.17293865687624294,0.11190148386109836,2425,H,0.0,0.0
2025-01-04,Bournemouth,Everton,H,1,0,0,0,1.8,1.6,0.8,2.055362,1.4264064,1.2,1.0,0.6,0.7940992,1.6438928000000002,1.2612628000000001,0.6,0.5477819635580841,0.25271007918812943,0.1995079572537864,2425,H,0.0,0.0
2025-01-04,Crystal Palace,Chelsea,D,1,1,0,1,1.6,1.6,1.8,1.8760752000000003,1.6765179999999997,1.4,1.4,1.6,1.9686219999999999,1.8529039999999999,-0.0925467999999996,0.0,0.24982124483353968,0.25315219476465356,0.49702656040180676,2425,A,0.0,0.0
2025-01-04,Man City,West Ham,H,4,1,2,0,1.0,1.4,1.4,1.4837286,1.5633258,1.6,1.0,1.6,1.3330218,2.072978,0.15070680000000003,1.0,0.7239382239382238,0.15057915057915058,0.12548262548262548,2425,H,0.0,0.0
2025-01-04,Southampton,Brentford,A,0,5,0,1,0.2,0.2,1.8,1.0712566,2.5228859999999997,0.8,1.2,1.8,1.0814902,1.7693334,-0.010233600000000065,0.2,0.31924882629107976,0.28169014084507044,0.39906103286384975,2425,A,0.0,0.0
2025-01-04,Brighton,Arsenal,D,1,1,0,1,0.8,1.2,1.6,1.2124564,1.7002266,2.2,2.0,0.6,2.191878,0.44785814,-0.9794216,0.2,0.21928755908581452,0.25320403489108717,0.5275084060230983,2425,A,0.0,0.0
2025-01-05,Fulham,Ipswich,D,2,2,0,1,1.4,1.4,1.2,1.0861188,1.6146981999999999,1.2,1.0,1.6,1.18876454,2.34669,-0.10264574000000004,0.0,0.6102722850464338,0.2252195337671363,0.16450818118642999,2425,H,0.0,0.0
2025-01-05,Liverpool,Man United,D,2,2,0,0,2.2,3.8,1.8,2.9449620000000003,0.9496938,0.6,0.8,2.2,1.4322512,1.2373038,1.5127108000000002,0.4,0.7311812232661865,0.1509158044821409,0.11790297225167258,2425,H,0.0,0.0
2025-01-06,Wolves,Nott'm Forest,A,0,3,0,2,1.4,1.8,1.2,1.0631292,1.2726912000000001,3.0,2.0,0.6,1.4459848000000002,0.8601796,-0.3828556000000001,0.2,0.28851430811446493,0.29753038024304196,0.4139553116424932,2425,A,0.0,0.0
2025-01-14,Brentford,Man City,D,2,2,0,0,0.8,1.4,1.4,1.8420382,1.4279662,1.4,1.8,1.2,1.5627806,1.6269458,0.2792576,0.4,0.1975093616650701,0.22337368283549597,0.579116955499434,2425,A,0.0,0.0
2025-01-14,Chelsea,Bournemouth,D,2,2,1,0,1.0,0.8,1.2,1.7570519999999998,1.4572480000000003,1.8,1.4,0.6,1.8808120000000002,1.2252494000000003,-0.12376000000000031,0.8,0.6417473541995046,0.19995496509795088,0.15829768070254446,2425,H,0.0,0.0
2025-01-14,West Ham,Fulham,H,3,2,2,0,1.0,0.8,2.2,1.3999777999999998,2.1738160000000004,1.4,1.6,1.4,1.5868592,1.4167182,-0.1868814000000001,0.4,0.3181818181818181,0.2807486631016043,0.40106951871657753,2425,A,0.0,0.0
2025-01-14,Nott'm Forest,Liverpool,D,1,1,1,0,3.0,2.0,0.2,1.8301953999999998,0.9471656000000002,2.2,3.6,1.6,3.0718300000000003,0.9805178,-1.2416346000000005,0.4,0.18111910994764396,0.2319208115183246,0.5869600785340313,2425,A,0.0,0.0
2025-01-15,Everton,Aston Villa,A,0,1,0,0,0.6,0.2,0.8,0.6064942,1.9980520000000002,1.4,1.4,1.8,1.380079,1.5929124,-0.7735848000000001,0.0,0.2916584109371904,0.29621557360808404,0.41212601545472566,2425,A,0.0,0.0
2025-01-15,Leicester,Crystal Palace,A,0,2,0,0,0.0,0.4,2.8,0.7707938000000001,2.182978,1.6,1.4,1.6,1.8884432,1.6626799999999995,-1.1176494,0.2,0.24241142252776307,0.2626123744050766,0.4949762030671601,2425,A,0.0,0.0
2025-01-15,Newcastle,Wolves,H,3,0,1,0,3.0,3.0,0.2,2.937834,0.6961221999999999,1.4,1.6,1.4,1.1489212,1.5475292,1.7889128,0.6,0.7055805003207184,0.1744708146247595,0.11994868505452214,2425,H,0.0,0.0
2025-01-15,Arsenal,Tottenham,H,2,1,2,1,2.2,2.0,0.6,2.067502,0.77068654,0.8,2.2,2.2,1.888182,2.1692413999999998,0.17932000000000015,0.8,0.6818181818181818,0.1818181818181818,0.13636363636363635,2425,H,0.0,0.0
2025-01-16,Ipswich,Brighton,A,0,2,0,0,1.4,1.2,1.6,1.16408454,2.179374,0.8,1.0,1.4,1.3411144,1.7776346,-0.17702985999999998,0.0,0.24414426863815383,0.257341256132108,0.49851447522973813,2425,A,0.0,0.0
2025-01-16,Man United,Southampton,H,3,1,0,1,0.8,0.8,2.0,1.4732492,1.6794604,0.2,0.2,2.6,1.044013,3.129958,0.42923619999999985,0.4,0.7403078121955972,0.1591661796220534,0.10052600818234952,2425,H,0.0,0.0
2025-01-18,Newcastle,Bournemouth,A,1,4,1,2,3.0,2.8,0.2,2.5735659999999996,0.9536364,1.8,1.6,0.8,1.700818,1.3692114,0.8727479999999996,0.0,0.5848930481283423,0.22560160427807488,0.18950534759358292,2425,H,0.0,0.0
2025-01-18,Brentford,Liverpool,A,0,2,0,0,1.0,1.6,1.4,1.9884922,1.4403042000000001,2.2,3.4,1.4,3.197016,0.8291178,-1.2085238,0.2,0.1454024165472046,0.18902314151136598,0.6655744419414295,2425,A,0.0,0.0
2025-01-18,Leicester,Fulham,A,0,2,0,0,0.0,0.4,2.4,1.1532499999999999,1.844996,1.2,1.6,1.6,1.8967812,1.1847866,-0.7435312000000001,0.0,0.21853978671041838,0.2557506152584085,0.5257095980311731,2425,A,0.0,0.0
2025-01-18,West Ham,Crystal Palace,A,0,2,0,0,1.4,1.2,2.4,1.2237882,2.331294,1.6,1.2,1.4,1.7401471999999998,1.817842,-0.5163589999999998,0.2,0.3661058743984409,0.2719643638388418,0.3619297617627173,2425,H,0.0,0.0
2025-01-18,Arsenal,Aston Villa,D,2,2,1,0,2.6,2.4,0.8,2.256774,0.89966754,2.0,1.4,1.4,1.5592384000000001,1.3819443999999999,0.6975355999999999,0.6,0.6328555678059536,0.23153252480705624,0.13561190738699008,2425,H,0.0,0.0
2025-01-19,Everton,Tottenham,H,3,2,3,0,0.4,0.2,1.0,0.8263130000000001,1.9933660000000004,0.2,1.4,2.6,1.2649522000000002,2.3655314,-0.4386392000000001,0.0,0.33980582524271846,0.27184466019417475,0.3883495145631068,2425,A,0.0,0.0
2025-01-19,Man United,Brighton,A,1,3,1,1,0.8,1.0,2.0,1.6856192,1.8252498000000004,1.4,1.2,0.8,1.2891544000000001,1.230024,0.39646479999999995,0.2,0.45051194539249145,0.2627986348122867,0.2866894197952219,2425,H,0.0,0.0
2025-01-19,Nott'm Forest,Southampton,H,3,2,3,0,2.6,1.8,0.2,1.4788154,1.4138629999999999,0.2,0.4,2.2,1.062711,2.973008,0.41610440000000004,1.0,0.6835147045597626,0.19857900890367836,0.11790628653655903,2425,H,0.0,0.0
2025-01-19,Ipswich,Man City,A,0,6,0,3,0.8,0.8,1.8,0.87101194,2.144564,1.6,2.0,1.2,1.9657900000000001,1.6957977999999998,-1.09477806,0.0,0.12589262099973555,0.17984660142819361,0.6942607775720709,2425,A,0.0,0.0
2025-01-20,Chelsea,Wolves,H,3,1,1,1,0.6,0.8,1.4,1.7463760000000002,1.355216,1.4,1.4,1.6,1.1962911999999999,1.6274852,0.5500848000000003,0.4,0.6916813176644768,0.16359766817803278,0.14472101415749056,2425,H,0.0,0.0
2025-01-25,Liverpool,Ipswich,H,4,1,3,0,2.2,2.6,0.8,2.9890860000000004,0.8286697999999999,0.8,0.8,2.2,0.8172853400000001,2.138248,2.17180066,1.0,0.8605851979345955,0.07745266781411361,0.061962134251290886,2425,H,0.0,0.0
2025-01-25,Brighton,Everton,A,0,1,0,1,1.8,1.6,0.8,1.4547404,1.247796,0.8,0.8,1.4,1.1243290000000001,1.9616219999999998,0.3304113999999998,0.4,0.5717651950932151,0.2546261002148451,0.17360870469193984,2425,H,0.0,0.0
2025-01-25,Bournemouth,Nott'm Forest,H,5,0,1,0,1.8,1.8,1.0,1.875504,1.0797056,2.6,2.0,0.6,1.7586739999999998,1.5119062,0.11683000000000021,0.4,0.4636078864934587,0.2568638290031325,0.2795282845034089,2425,H,0.0,0.0
2025-01-25,Man City,Chelsea,H,3,1,1,1,2.2,3.0,0.8,2.3869920000000002,1.4429492,1.0,1.4,1.6,2.072958,1.3545060000000002,0.31403400000000037,0.6,0.468666785016865,0.24019172732114327,0.2911414876619919,2425,H,0.0,0.0
2025-01-25,Wolves,Arsenal,A,0,1,0,0,0.8,1.0,2.2,1.1826812,2.0995132,2.2,1.8,1.0,1.974822,0.81983154,-0.7921408000000001,0.0,0.13544369486248053,0.21069019200830302,0.6538661131292164,2425,A,0.0,0.0
2025-01-25,Southampton,Newcastle,A,1,3,1,2,0.0,0.8,2.8,1.2585488,3.195336,2.4,2.2,1.0,2.0943542,1.2811304,-0.8358054000000001,0.0,0.1467230860066916,0.1816571541035229,0.6716197598897855,2425,A,0.0,0.0
2025-01-26,Tottenham,Leicester,A,1,2,1,0,0.2,1.2,2.0,1.2959002000000002,1.8372814000000002,0.0,0.4,2.2,1.1309008,2.09158,0.16499940000000013,0.6,0.6547619047619047,0.1726190476190476,0.1726190476190476,2425,H,0.0,0.0
2025-01-26,Aston Villa,West Ham,D,1,1,1,0,1.6,1.4,1.6,1.3884664,1.4916063999999998,1.2,1.0,2.6,1.0221266,2.387658,0.3663398,0.4,0.6174990513369328,0.21819250543776147,0.1643084432253056,2425,H,0.0,0.0
2025-01-26,Crystal Palace,Brentford,A,1,2,0,0,2.2,1.4,0.4,1.7442292,1.2511864,1.0,1.6,1.4,2.0747334,2.0798228,-0.3305042,0.2,0.4612804025719877,0.2521666200726866,0.28655297735532564,2425,H,0.0,0.0
2025-01-26,Fulham,Man United,A,0,1,0,0,1.6,2.0,1.6,2.1199172,1.2641672000000002,0.8,1.2,2.0,1.4921992,1.8939318,0.6277180000000002,0.2,0.41349548842683415,0.2797175362887407,0.3067869752844253,2425,H,0.0,0.0
2025-02-01,Nott'm Forest,Brighton,H,7,0,3,0,2.0,1.8,1.6,1.6978712000000002,1.8654702,1.6,1.6,1.0,1.3164204000000002,1.2297259999999999,0.3814508000000001,0.2,0.3952569169960474,0.26877470355731226,0.3359683794466403,2425,H,0.0,0.0
2025-02-01,Bournemouth,Liverpool,A,0,2,0,1,2.2,2.8,1.0,2.2002060000000006,1.1789256,2.2,2.8,0.8,3.042834,0.9454172,-0.8426279999999995,0.2,0.21124357674746064,0.21953720447195677,0.5692192187805826,2425,A,0.0,0.0
2025-02-01,Everton,Leicester,H,4,0,3,0,1.2,0.8,1.2,1.1678478,1.586448,0.6,0.6,1.8,1.3676448,1.966676,-0.199797,0.2,0.5389221556886228,0.251497005988024,0.20958083832335334,2425,H,0.0,0.0
2025-02-01,Ipswich,Southampton,A,1,2,1,1,0.8,1.0,2.8,0.9625601999999999,2.138942,0.0,1.0,3.2,0.9840070000000001,3.4317520000000004,-0.02144680000000021,0.0,0.4866595517609392,0.26360725720384204,0.24973319103521877,2425,H,0.0,0.0
2025-02-01,Newcastle,Fulham,A,1,2,1,0,2.4,2.2,1.2,2.1452582,1.4011502,1.0,1.6,1.6,1.8761734,0.9933128,0.2690847999999997,0.8,0.5608856088560886,0.23837638376383766,0.2007380073800738,2425,H,0.0,0.0
2025-02-01,Wolves,Aston Villa,H,2,0,1,0,0.2,0.6,2.4,1.1203281999999999,2.2052096000000003,1.8,1.6,1.2,1.5249322,1.2616444000000002,-0.4046040000000002,0.2,0.28668941979522183,0.26279863481228666,0.4505119453924914,2425,A,0.0,0.0
2025-02-02,Brentford,Tottenham,A,0,2,0,1,1.4,2.0,1.6,2.2665607999999997,2.0591008000000004,0.2,1.4,2.2,1.3393502,1.8581834000000002,0.9272105999999998,0.2,0.45564074479737127,0.2453450164293538,0.2990142387732749,2425,H,0.0,0.0
2025-02-02,Man United,Crystal Palace,A,0,2,0,0,1.4,1.4,1.6,1.4608215999999998,1.8407481999999997,2.0,1.6,0.8,1.8905700000000003,1.3948823999999997,-0.4297484000000005,0.2,0.4767025089605735,0.27240143369175623,0.25089605734767023,2425,H,0.0,0.0
2025-02-02,Arsenal,Man City,H,5,1,1,0,2.2,1.8,1.0,1.7193695999999998,0.9071098000000001,2.6,3.4,0.8,2.329488,1.6119774,-0.6101184000000002,0.2,0.48908296943231444,0.2724890829694323,0.23842794759825325,2425,H,0.0,0.0
2025-02-03,Chelsea,West Ham,H,2,1,0,1,1.0,1.4,1.8,2.061392,1.445074,0.8,1.0,2.8,0.9776766,2.1295622,1.0837154,0.6,0.6866642573183954,0.19660281893747744,0.11673292374412723,2425,H,0.0,0.0
2025-02-12,Everton,Liverpool,D,2,2,1,1,1.8,1.6,0.8,1.6673316,1.2703692,2.2,2.2,0.8,2.927478,1.1723073999999998,-1.2601463999999998,0.2,0.126984126984127,0.21164021164021166,0.6613756613756615,2425,A,0.0,0.0
2025-02-14,Brighton,Chelsea,H,3,0,2,0,1.4,1.2,2.0,1.2800711999999999,1.6672719999999999,1.6,1.8,1.6,2.01828,1.382248,-0.7382088,0.4,0.3506261180679785,0.2629695885509839,0.38640429338103754,2425,A,0.0,0.0
2025-02-15,Man City,Newcastle,H,4,0,3,0,2.0,3.2,1.8,2.1621221999999998,1.5499654,1.8,2.0,1.6,1.9422101999999999,1.5227662,0.21991199999999989,0.6,0.48657187993680895,0.2259083728278041,0.2875197472353871,2425,H,0.0,0.0
2025-02-15,Leicester,Arsenal,A,0,2,0,0,0.6,0.6,2.2,1.0886559999999998,2.273194,2.2,2.2,1.0,1.6260776,1.0012272000000002,-0.5374216,0.0,0.10999917293854934,0.1869985939955339,0.7030022330659168,2425,A,0.0,0.0
2025-02-15,Aston Villa,Ipswich,D,1,1,0,0,1.6,1.2,1.2,1.2975,1.4743279999999999,0.2,0.8,3.2,1.0520642,2.05283,0.2454358000000001,0.0,0.6690140845070423,0.19718309859154928,0.13380281690140844,2425,H,0.0,0.0
2025-02-15,Southampton,Bournemouth,A,1,3,0,2,0.6,1.2,3.0,0.975433,3.2106079999999997,2.0,2.4,1.0,2.189368,1.5309924,-1.213935,0.3333333333333333,0.15789473684210528,0.2105263157894737,0.6315789473684211,2425,A,0.0,0.0
2025-02-15,West Ham,Brentford,A,0,1,0,1,0.8,1.2,2.2,1.1113807999999998,1.7479582,1.4,1.8,1.4,2.54499,1.8484758,-1.4336092,0.2,0.40506329113924044,0.2644163150492264,0.330520393811533,2425,H,0.0,0.0
2025-02-15,Crystal Palace,Everton,A,1,2,0,1,2.0,1.6,0.6,1.769002,1.4525884,2.0,2.0,1.0,1.7372332,0.9324857999999999,0.03176880000000004,0.0,0.5292652552926526,0.28019925280199254,0.19053549190535493,2425,H,0.0,0.0
2025-02-15,Fulham,Nott'm Forest,H,2,1,1,1,1.4,1.6,1.4,2.0056222,0.8973608000000001,2.0,2.8,1.6,2.1059052,1.8936912000000004,-0.10028300000000012,0.8,0.43220338983050843,0.2796610169491525,0.288135593220339,2425,H,0.0,0.0
2025-02-16,Liverpool,Wolves,H,2,1,2,0,2.2,2.2,0.8,2.5408986,1.019474,0.6,0.6,2.0,1.3924808,1.8969054,1.1484177999999998,0.8,0.8067226890756303,0.11596638655462185,0.07731092436974789,2425,H,0.0,0.0
2025-02-16,Tottenham,Man United,H,1,0,1,0,0.6,1.4,1.8,1.0715552,2.062994,1.4,1.4,1.6,1.5620876000000001,1.8815342000000002,-0.4905324000000002,0.4,0.38633191121247273,0.2524035153254822,0.3612645734620451,2425,H,0.0,0.0
2025-02-19,Aston Villa,Liverpool,D,2,2,2,1,1.2,1.0,1.2,1.4080620000000001,1.3778048,2.6,2.4,0.8,2.3698325999999996,1.124292,-0.9617705999999995,0.0,0.24353727916957785,0.23744884719033837,0.5190138736400838,2425,A,0.0,0.0
2025-02-21,Leicester,Brentford,A,0,4,0,3,0.6,0.4,2.2,0.9722018000000002,2.154074,1.4,1.0,1.4,1.8282399999999999,1.9332461999999997,-0.8560381999999996,0.4,0.2609477241676853,0.24721363342201763,0.4918386424102969,2425,A,0.0,0.0
2025-02-22,Arsenal,West Ham,A,0,1,0,1,2.6,2.4,0.8,1.6137936,0.694843,0.8,1.0,1.6,0.9395020000000001,1.7449842,0.6742915999999999,0.6,0.7470119521912351,0.15811752988047809,0.09487051792828687,2425,H,0.0,0.0
2025-02-22,Bournemouth,Wolves,A,0,1,0,1,2.0,2.8,1.2,2.083108,1.613673,0.6,0.8,1.8,1.2222128,1.7559674,0.8608952000000001,0.6,0.6179775280898876,0.21011235955056176,0.17191011235955056,2425,H,0.0,0.0
2025-02-22,Southampton,Brighton,A,0,4,0,1,0.6,1.4,2.6,1.1203938,2.5183039999999997,1.8,1.6,1.8,1.3408292,1.4349456000000003,-0.22043539999999995,0.0,0.15786858775307416,0.23102720158986464,0.6111042106570612,2425,A,0.0,0.0
2025-02-22,Everton,Man United,D,2,2,2,0,2.6,2.4,1.0,1.6941111999999996,1.1367338,1.2,1.0,1.4,1.5124536000000002,1.7033522,0.18165759999999942,0.0,0.3783122706889523,0.29555646147574394,0.32613126783530366,2425,H,0.0,0.0
2025-02-22,Aston Villa,Chelsea,H,2,1,0,1,0.8,1.2,1.6,1.355556,1.5401108,1.4,1.6,2.0,1.8451555999999996,1.5407119999999999,-0.4895995999999996,0.4,0.3590576766856215,0.27774167343623074,0.3632006498781478,2425,A,0.0,0.0
2025-02-22,Ipswich,Tottenham,A,1,4,1,2,0.2,0.6,3.0,0.829957,2.1015740000000003,1.2,1.4,1.4,1.2651072,1.862372,-0.43515020000000015,1.0,0.2327322218441647,0.2650561415447431,0.5022116366110921,2425,A,0.0,0.0
2025-02-22,Fulham,Crystal Palace,A,0,2,0,1,1.8,1.6,1.2,1.9166702,0.674941,1.8,1.6,0.8,1.974974,1.3526364,-0.05830380000000002,0.4,0.4636078864934587,0.2795282845034089,0.2568638290031325,2425,H,0.0,0.0
2025-02-23,Newcastle,Nott'm Forest,H,4,3,4,1,1.2,1.6,2.2,1.4877264000000001,1.7461082,1.4,2.4,2.0,1.6577114000000002,1.9547511999999998,-0.16998500000000005,0.8,0.5256916996047432,0.24901185770750986,0.225296442687747,2425,H,0.0,0.0
2025-02-23,Man City,Liverpool,A,0,2,0,2,2.0,3.2,1.6,2.1901582,1.2748356,2.2,2.4,1.2,1.9458926,1.088788,0.24426559999999986,0.2,0.32917532917532916,0.24948024948024947,0.4213444213444213,2425,A,0.0,0.0
2025-02-25,Brighton,Bournemouth,H,2,1,1,0,1.8,2.0,1.8,2.1521792,1.4121496,1.8,2.4,1.0,1.9793561999999998,1.526305,0.17282300000000017,0.8,0.4689603590127151,0.2468212415856395,0.2842183994016455,2425,H,0.0,0.0
2025-02-25,Crystal Palace,Aston Villa,H,4,1,1,0,1.8,1.6,0.8,1.81444,0.9796804,1.2,1.2,1.4,1.653178,1.6460307999999997,0.16126200000000002,0.4,0.38526912181303113,0.2776203966005666,0.3371104815864023,2425,H,0.0,0.0
2025-02-25,Wolves,Fulham,A,1,2,1,1,1.2,1.0,1.2,1.3475948000000002,1.4552516000000002,1.8,1.2,1.0,1.3963602,0.7798825999999999,-0.04876539999999974,0.4,0.35752979414951247,0.28494041170097506,0.35752979414951247,2425,H,0.0,0.0
2025-02-25,Chelsea,Southampton,H,4,0,3,0,1.2,1.4,2.0,1.7723756000000002,1.8498480000000002,0.6,1.2,2.8,0.8778132,2.920646,0.8945624000000002,0.6,0.8088978766430739,0.11830131445904954,0.07280080889787664,2425,H,0.0,0.0
2025-02-26,Brentford,Everton,D,1,1,1,0,1.8,1.4,1.0,1.7569940000000002,1.5481964000000001,2.2,2.2,1.0,1.6028212,0.9944328,0.15417280000000022,0.0,0.47349177330895803,0.25594149908592323,0.27056672760511885,2425,H,0.0,0.0
2025-02-26,Liverpool,Newcastle,H,2,0,1,0,2.2,2.0,1.0,1.6736862000000001,1.0443426,1.2,1.8,2.8,1.7527884,1.9284482,-0.0791021999999999,0.8,0.6272727272727273,0.2090909090909091,0.16363636363636366,2425,H,0.0,0.0
2025-02-26,Man United,Ipswich,H,3,2,2,2,0.8,0.8,1.6,1.0198966,1.8508302,0.2,0.8,3.4,1.0071096000000002,2.20637,0.012786999999999882,0.0,0.6217557060086298,0.21969658895916944,0.15854770503220061,2425,H,0.0,0.0
2025-02-26,Tottenham,Man City,A,0,1,0,1,1.8,2.0,1.2,1.427175,1.642148,1.8,2.8,1.6,1.7760242000000002,0.9580712000000002,-0.3488492000000001,0.4,0.2909090909090909,0.23636363636363636,0.4727272727272727,2425,A,0.0,0.0
2025-02-26,Nott'm Forest,Arsenal,D,0,0,0,0,1.2,2.8,2.6,2.0290774,2.1018852,2.0,2.0,0.8,1.4373196,0.7447968,0.5917577999999999,0.2,0.24489795918367344,0.26530612244897955,0.48979591836734687,2425,A,0.0,0.0
2025-02-27,West Ham,Leicester,H,2,0,2,0,0.8,0.6,1.2,0.9574055999999999,1.4523502000000001,0.6,0.4,2.6,0.6979740000000001,2.108064,0.25943159999999976,0.2,0.5848930481283423,0.22560160427807488,0.18950534759358292,2425,H,0.0,0.0
2025-03-08,Nott'm Forest,Man City,H,1,0,0,0,0.8,2.2,2.2,1.6579615999999997,2.1135732000000003,1.8,1.8,1.6,1.6128502,1.0557958,0.04511139999999969,0.0,0.23647209203238181,0.2522368981678739,0.5112910097997444,2425,A,0.0,0.0
2025-03-08,Brighton,Fulham,H,2,1,1,1,1.8,1.8,1.8,2.2336891999999997,1.4888416000000002,1.8,1.2,1.2,1.2096601999999999,0.8302904,1.0240289999999999,0.0,0.4850444624090542,0.2627324171382377,0.25222312045270817,2425,H,0.0,0.0
2025-03-08,Crystal Palace,Ipswich,H,1,0,0,0,1.8,2.0,1.0,2.2943620000000005,1.0689114,0.2,1.2,2.8,1.0569781999999999,1.8463180000000001,1.2373838000000006,1.0,0.6505067104902768,0.1985757326759792,0.1509175568337442,2425,H,0.0,0.0
2025-03-08,Liverpool,Southampton,H,3,1,0,1,2.2,2.0,1.0,1.4093601999999998,0.8055606,0.6,0.8,3.0,0.794977,3.044276,0.6143831999999998,0.8,0.8473736372646186,0.10356788899900893,0.04905847373637265,2425,H,0.0,0.0
2025-03-08,Brentford,Aston Villa,A,0,1,0,0,2.0,1.6,0.8,1.78497,1.0056084,1.0,1.2,2.0,1.6050511999999997,2.1153028,0.17991880000000027,0.0,0.4277950310559006,0.24767080745341613,0.32453416149068326,2425,H,0.0,0.0
2025-03-08,Wolves,Everton,D,1,1,1,1,1.2,1.0,1.0,1.3199374000000001,1.1124336000000001,1.8,2.2,1.2,1.7185545999999998,1.1336948,-0.39861719999999967,0.6,0.3647654845563001,0.3059323418859291,0.3293021735577709,2425,H,0.0,0.0
2025-03-09,Chelsea,Leicester,H,1,0,0,0,1.2,1.6,1.8,1.7390796000000002,1.8054038,0.6,0.4,2.6,0.6205028,1.9752920000000003,1.1185768,0.8,0.802675585284281,0.11839464882943143,0.07892976588628761,2425,H,0.0,0.0
2025-03-09,Tottenham,Bournemouth,D,2,2,0,1,1.8,1.6,0.8,1.412589,1.6072520000000001,1.2,1.8,1.2,1.7793462000000002,1.8745988000000005,-0.3667572000000001,0.6,0.3519585253456221,0.24366359447004612,0.4043778801843318,2425,A,0.0,0.0
2025-03-09,Man United,Arsenal,D,1,1,1,0,1.4,1.2,1.4,1.0366545999999999,1.6254822,2.0,1.6,0.4,1.3719356,0.605315,-0.33528100000000016,0.2,0.16596931659693168,0.27266387726638774,0.5613668061366807,2425,A,0.0,0.0
2025-03-10,West Ham,Newcastle,A,0,1,0,0,1.4,1.0,0.8,1.2540672,1.1851438,1.2,1.6,2.4,1.6769921999999997,1.6681542,-0.4229249999999998,0.2,0.29127725856697817,0.27842679127725856,0.43029595015576316,2425,A,0.0,0.0
2025-03-15,Everton,West Ham,D,1,1,0,0,1.4,1.6,1.4,1.3694726,1.2067539999999999,1.2,0.8,0.8,1.0830924,1.3295255999999998,0.2863802,0.4,0.46162382097281307,0.29572776031070835,0.2426484187164787,2425,H,0.0,0.0
2025-03-15,Ipswich,Nott'm Forest,A,2,4,0,3,0.2,1.0,2.2,1.2226008,2.040458,1.4,2.4,1.2,1.5590236000000002,1.6927400000000001,-0.33642280000000024,0.0,0.25339366515837103,0.27149321266968324,0.4751131221719457,2425,A,0.0,0.0
2025-03-15,Man City,Brighton,D,2,2,2,1,1.2,1.2,1.6,1.310671,0.856405,2.4,2.2,1.8,2.4937671999999997,1.4563104,-1.1830961999999998,0.6,0.5692192187805826,0.21953720447195677,0.21124357674746064,2425,H,0.0,0.0
2025-03-15,Southampton,Wolves,A,1,2,0,1,0.6,0.8,3.0,0.732166,3.4256300000000004,1.4,1.2,1.0,1.3794790000000001,1.208402,-0.6473130000000001,0.0,0.25392083644510827,0.2763256161314414,0.4697535474234503,2425,A,0.0,0.0
2025-03-15,Bournemouth,Brentford,A,1,2,1,1,0.8,1.2,1.6,1.6593381999999999,1.9454715999999999,1.4,1.2,0.8,1.5284445999999998,1.0185304,0.13089360000000005,0.0,0.5483028720626633,0.2258485639686684,0.2258485639686684,2425,H,0.0,0.0
2025-03-16,Arsenal,Chelsea,H,1,0,1,0,1.6,1.6,0.6,1.5604559999999998,0.7645842,1.8,1.6,1.2,1.7930816,1.3806752,-0.2326256000000002,0.6,0.5263157894736842,0.2631578947368421,0.21052631578947367,2425,H,0.0,0.0
2025-03-16,Fulham,Tottenham,H,2,0,0,0,1.8,1.4,1.4,1.2391914,1.1787268,2.0,1.8,0.8,1.4277289999999998,1.7713860000000001,-0.18853759999999986,0.2,0.47872340425531923,0.25531914893617025,0.2659574468085107,2425,H,0.0,0.0
2025-03-16,Leicester,Man United,A,0,3,0,1,0.0,0.0,2.6,0.36126220000000003,2.074014,1.0,1.2,1.6,1.258471,1.8793600000000001,-0.8972087999999998,0.2,0.21076011846001974,0.27097729516288255,0.5182625863770978,2425,A,0.0,0.0
2025-04-01,Arsenal,Fulham,H,2,1,1,0,1.6,0.8,0.4,1.3931970000000002,0.6731532,1.8,1.4,1.2,1.1253613999999998,1.2150248,0.2678356000000004,0.4,0.643819671016857,0.2200584556824361,0.1361218733007069,2425,H,0.0,0.0
2025-04-01,Wolves,West Ham,H,1,0,1,0,1.4,1.2,1.2,1.0873306,1.3162601999999999,1.4,0.8,0.6,0.9489382,1.2891936000000002,0.13839240000000008,0.2,0.3783122706889523,0.29555646147574394,0.32613126783530366,2425,H,0.0,0.0
2025-04-01,Nott'm Forest,Man United,H,1,0,1,0,1.4,1.8,1.6,1.0069276,1.6456486,1.6,1.8,1.2,1.1848429999999999,1.651004,-0.17791539999999983,0.4,0.41349548842683415,0.2797175362887407,0.3067869752844253,2425,H,0.0,0.0
2025-04-02,Bournemouth,Ipswich,A,1,2,0,1,0.8,1.4,1.6,1.7342202,1.7217335999999999,0.2,1.2,2.6,0.9370785999999999,2.0667700000000004,0.7971416000000001,1.0,0.6942607775720708,0.1798466014281936,0.12589262099973553,2425,H,0.0,0.0
2025-04-02,Brighton,Aston Villa,A,0,3,0,0,2.6,2.6,0.8,2.764746,1.0480544,1.6,1.4,1.6,1.7157654,1.8425594,1.0489806000000002,0.2,0.4607779125081615,0.24857755806361342,0.29064452942822494,2425,H,0.0,0.0
2025-04-02,Man City,Leicester,H,2,0,2,0,1.4,1.4,1.0,1.5673168,0.9722390000000001,0.0,0.0,2.4,0.532745,1.6792760000000002,1.0345718,1.0,0.7874015748031497,0.11811023622047244,0.09448818897637795,2425,H,0.0,0.0
2025-04-02,Newcastle,Brentford,H,2,1,1,0,1.2,1.2,2.2,1.3863062000000002,1.6678272,2.0,1.6,0.6,1.5161365999999998,1.2348874,-0.12983039999999968,0.8,0.5503745604647607,0.21158844213423023,0.238036997401009,2425,H,0.0,0.0
2025-04-02,Southampton,Crystal Palace,D,1,1,1,0,0.0,0.6,3.2,0.753454,3.1440836,2.4,2.0,0.6,2.6757660000000003,1.0114014,-1.9223120000000002,0.0,0.16494734867768818,0.24959138286755447,0.5854612684547574,2425,A,0.0,0.0
2025-04-02,Liverpool,Everton,H,1,0,0,0,2.6,2.2,0.8,2.2215316,0.7257692,1.4,1.4,1.2,1.425168,1.1241392,0.7963636000000001,0.4,0.6934812760055478,0.18862690707350901,0.11789181692094314,2425,H,0.0,0.0
2025-04-03,Chelsea,Tottenham,H,1,0,0,0,1.2,1.2,1.2,1.5721568,1.2824602,1.4,1.4,1.2,1.520388,1.646368,0.05176879999999984,0.6,0.5769230769230769,0.2115384615384615,0.2115384615384615,2425,H,0.0,0.0
2025-04-05,Everton,Arsenal,D,1,1,0,1,0.8,1.0,1.2,1.3866652,0.9222832000000001,1.6,0.8,0.6,1.503575,0.9149233999999999,-0.11690980000000017,0.2,0.1780821917808219,0.28767123287671237,0.5342465753424658,2425,A,0.0,0.0
2025-04-05,Crystal Palace,Brighton,H,2,1,1,1,2.0,1.8,0.8,2.3740520000000003,0.8474501999999999,2.0,2.0,1.4,2.4625638000000003,1.1595268,-0.08851180000000003,0.2,0.40127388535031844,0.26194267515923564,0.3367834394904458,2425,H,0.0,0.0
2025-04-05,Ipswich,Wolves,A,1,2,1,0,0.6,1.4,2.6,1.1530318000000002,1.886362,2.0,1.2,0.8,1.0973906,1.2888582000000002,0.05564120000000017,1.0,0.34997031547485,0.2907445697791062,0.3592851147460438,2425,A,0.0,0.0
2025-04-05,West Ham,Bournemouth,D,2,2,0,1,1.4,0.8,0.6,1.1603590000000001,1.1169136000000002,0.2,1.0,1.8,1.7160502000000002,1.8093759999999999,-0.5556912,0.4,0.3163064833005893,0.2711198428290766,0.41257367387033395,2425,A,0.0,0.0
2025-04-05,Aston Villa,Nott'm Forest,H,2,1,2,0,2.0,1.8,1.4,1.3775134000000002,1.8875884000000003,2.0,1.8,1.2,1.0430800000000002,1.5770385999999998,0.3344334,0.4,0.48339684267827987,0.26183995645073493,0.25476320087098525,2425,H,0.0,0.0
2025-04-06,Fulham,Liverpool,H,3,2,3,1,1.2,1.2,1.4,0.9717874,1.6091425999999998,2.6,2.0,0.6,2.1074516,0.6797384000000001,-1.1356642000000001,0.0,0.21076011846001974,0.27097729516288255,0.5182625863770978,2425,A,0.0,0.0
2025-04-06,Brentford,Chelsea,D,0,0,0,0,1.4,1.6,1.0,1.4295406,1.5533622,1.8,1.4,0.6,1.7030852000000003,1.1492242000000001,-0.27354460000000036,0.4,0.29609793420045905,0.2631981637337414,0.4407039020657995,2425,A,0.0,0.0
2025-04-06,Man United,Man City,D,0,0,0,0,1.6,1.8,1.2,1.272915,1.3591986,1.4,1.0,1.0,1.5576387999999999,0.961745,-0.28472379999999986,0.4,0.28062360801781744,0.26503340757238314,0.4543429844097996,2425,A,0.0,0.0
2025-04-06,Tottenham,Southampton,H,3,1,2,0,0.8,1.2,1.4,1.4067180000000001,1.62195,0.2,0.6,2.8,0.6960312,2.9141916,0.7106868000000002,0.4,0.6834257312177403,0.1714777289237239,0.14509653985853563,2425,H,0.0,0.0
2025-04-07,Leicester,Newcastle,A,0,3,0,3,0.0,0.0,2.4,0.5070514,1.7436059999999998,1.8,1.4,2.0,1.5940422,1.6524671999999998,-1.0869908000000001,0.2,0.14410237388724037,0.22301557863501484,0.6328820474777448,2425,A,0.0,0.0
2025-04-12,Man City,Crystal Palace,H,5,2,2,2,1.6,1.0,0.6,1.5787216000000002,1.0469674000000002,2.6,2.0,0.6,2.0015530000000004,0.8987722,-0.4228314000000002,0.6,0.6342525399129173,0.20029027576197386,0.16545718432510886,2425,H,0.0,0.0
2025-04-12,Brighton,Leicester,D,2,2,1,1,1.4,1.4,1.8,1.6929797999999998,1.2174904000000002,0.0,0.0,2.2,0.4323862,2.024898,1.2605935999999998,0.4,0.744047619047619,0.15997023809523808,0.09598214285714286,2425,H,0.0,0.0
2025-04-12,Nott'm Forest,Everton,A,0,1,0,0,2.0,1.4,0.8,0.759412,1.4120206,0.8,0.8,1.0,1.2115272,1.0737662000000001,-0.45211519999999994,0.2,0.4537346711259755,0.28874024526198444,0.25752508361204013,2425,H,0.0,0.0
2025-04-12,Southampton,Aston Villa,A,0,3,0,0,0.2,0.8,2.6,0.8212896000000001,2.4197556000000002,2.4,1.8,1.2,1.6996734,1.6725683999999998,-0.8783837999999999,0.2,0.15874177029992684,0.22677395757132407,0.6144842721287491,2425,A,0.0,0.0
2025-04-12,Arsenal,Brentford,D,1,1,0,0,1.8,1.0,0.6,1.5096669999999999,0.9553054,1.0,0.8,1.0,1.2948566000000001,1.70344,0.21481039999999973,0.8,0.5918858330143802,0.2187107004210181,0.1894034665646017,2425,H,0.0,0.0
2025-04-13,Liverpool,West Ham,H,2,1,1,0,2.4,2.0,0.8,1.9801696000000004,0.8207284000000001,1.0,1.0,1.0,1.1365574,1.2321236,0.8436122000000004,0.8,0.7250755287009064,0.1570996978851964,0.1178247734138973,2425,H,0.0,0.0
2025-04-13,Wolves,Tottenham,H,4,2,2,0,2.0,1.4,1.0,1.2390626,1.3373912000000001,0.8,1.0,1.4,1.618836,1.5472598,-0.3797733999999999,0.6,0.4308880308880309,0.2633204633204634,0.3057915057915058,2425,H,0.0,0.0
2025-04-13,Chelsea,Ipswich,D,2,2,0,2,2.0,1.2,0.2,1.5639072000000003,0.8826442,0.6,1.4,2.2,1.096725,2.1308,0.4671822000000003,0.0,0.751404937803877,0.13632632443013198,0.11226873776599104,2425,H,0.0,0.0
2025-04-13,Newcastle,Man United,H,4,1,1,1,2.4,2.0,1.2,2.2508220000000003,1.2993742,1.6,1.4,0.8,1.390412,1.0758894,0.8604100000000003,0.6,0.5746381507885073,0.22575070209548498,0.19961114711600778,2425,H,0.0,0.0
2025-04-14,Bournemouth,Fulham,H,1,0,1,0,0.4,1.4,2.0,1.9798499999999997,1.5706944,1.8,1.8,1.4,1.2704634000000001,1.5980126,0.7093865999999995,0.4,0.44134505158578524,0.2711119602598395,0.28754298815437523,2425,H,0.0,0.0
2025-04-16,Newcastle,Crystal Palace,H,5,0,4,0,2.4,2.0,0.8,2.086766,0.9794818,2.0,2.0,1.6,1.976763,1.7713682,0.11000299999999985,0.2,0.5674708261793209,0.24299391787678612,0.18953525594389314,2425,H,0.0,0.0
2025-04-19,Brentford,Brighton,H,4,2,1,1,1.0,0.8,1.0,1.1445551999999999,1.5670038000000002,1.0,1.4,2.0,1.9166858000000002,1.2740404,-0.7721306000000003,0.2,0.39176547697074426,0.2507299052612763,0.35750461776797954,2425,H,0.0,0.0
2025-04-19,Aston Villa,Newcastle,H,4,1,1,1,2.4,2.0,1.0,1.7607013999999999,1.3201836,3.0,3.0,0.4,2.4608960000000004,1.1745238,-0.7001946000000006,0.2,0.40399918384003264,0.2581105896755764,0.3378902264843909,2425,H,0.0,0.0
2025-04-19,Crystal Palace,Bournemouth,D,0,0,0,0,1.4,1.2,2.4,1.6468150000000001,2.1038188,1.0,1.4,1.6,2.011052,1.2692463999999999,-0.3642369999999997,0.4,0.3828316115075915,0.26053818005377755,0.3566302084386309,2425,H,0.0,0.0
2025-04-19,West Ham,Southampton,D,1,1,0,0,0.4,0.8,1.4,1.0888794000000002,1.460012,0.2,0.8,2.4,0.7347330000000001,2.4231416,0.3541464000000001,0.4,0.6371481479804588,0.21777811986399054,0.14507373215555064,2425,H,0.0,0.0
2025-04-19,Everton,Man City,A,0,2,0,0,1.2,0.8,0.8,1.1736892,0.890538,1.6,1.8,1.0,2.0208876,1.0577314,-0.8471983999999999,0.0,0.2522099548839085,0.25921578696401715,0.48857425815207417,2425,A,0.0,0.0
2025-04-20,Fulham,Chelsea,A,1,2,1,0,1.2,1.4,1.4,1.1979234,1.783758,1.6,0.8,0.6,1.5489552,1.0342384,-0.3510317999999999,0.4,0.34738314023172195,0.25349580503395924,0.39912105473431886,2425,A,0.0,0.0
2025-04-20,Ipswich,Arsenal,A,0,4,0,2,0.8,1.4,2.0,1.208331,2.4319119999999996,1.8,1.2,0.8,1.3996088,0.9712997999999999,-0.19127779999999994,0.0,0.11775700934579439,0.20934579439252335,0.6728971962616822,2425,A,0.0,0.0
2025-04-20,Man United,Wolves,A,0,1,0,0,1.0,1.0,1.2,1.2673216,1.3945534,2.6,2.0,1.0,1.499222,1.3762192,-0.2319004,0.8,0.47368421052631576,0.2631578947368421,0.2631578947368421,2425,H,0.0,0.0
2025-04-20,Leicester,Liverpool,A,0,1,0,0,0.2,0.4,2.2,0.7713585999999999,2.4235840000000004,2.4,2.0,1.0,2.104562,0.9974284000000001,-1.3332034000000001,0.2,0.08491564118269392,0.14945152848154128,0.7656328303357648,2425,A,0.0,0.0
2025-04-21,Tottenham,Nott'm Forest,A,1,2,0,2,0.8,1.4,2.0,1.687758,1.5159318,1.8,1.4,1.0,0.7424796,1.4005606,0.9452784000000001,0.8,0.3828316115075915,0.26053818005377755,0.3566302084386309,2425,H,0.0,0.0
2025-04-22,Man City,Aston Villa,H,2,1,1,1,2.2,2.2,0.8,2.2526187999999996,1.1208022,3.0,2.6,0.4,2.238,0.7694916,0.014618799999999599,0.4,0.5261599210266535,0.23099703849950645,0.24284304047384012,2425,H,0.0,0.0
2025-04-23,Arsenal,Crystal Palace,D,2,2,2,1,2.2,1.8,0.6,1.5963408000000001,0.7476615999999999,1.0,1.0,2.4,1.0866206000000003,1.9100734,0.5097201999999998,1.0,0.6750355281856939,0.19895783988630977,0.1260066319279962,2425,H,0.0,0.0
2025-04-26,Chelsea,Everton,H,1,0,1,0,1.6,1.0,0.8,1.3456112,1.0737654,1.0,0.6,1.0,1.0636151999999999,1.1040296,0.28199600000000014,0.4,0.6075949367088608,0.23544303797468355,0.1569620253164557,2425,H,0.0,0.0
2025-04-26,Brighton,West Ham,H,3,2,1,0,0.4,1.4,2.6,1.7760658,1.7234269999999998,0.6,1.0,1.4,1.1209282,1.3186353999999998,0.6551376,0.4,0.5716905706876048,0.2273150602495952,0.20099436906279997,2425,H,0.0,0.0
2025-04-26,Newcastle,Ipswich,H,3,0,1,0,2.4,3.0,1.2,2.3892960000000003,1.6204686000000001,0.8,1.4,2.6,0.9203427999999999,2.366878,1.4689532000000005,1.0,0.8012162051113485,0.12605801627085214,0.07272577861779932,2425,H,0.0,0.0
2025-04-26,Southampton,Fulham,A,1,2,1,0,0.4,0.8,2.0,0.8169952,1.6219956,1.2,1.4,1.4,1.1175024,1.5452679999999999,-0.3005072,0.0,0.17877094972067037,0.2346368715083799,0.5865921787709497,2425,A,0.0,0.0
2025-04-26,Wolves,Leicester,H,3,0,1,0,3.0,2.0,0.8,1.3742984000000003,1.3307112,0.2,0.4,2.2,0.7961022000000001,2.9753079999999996,0.5781962000000002,0.4,0.6261180679785332,0.22361359570661898,0.15026833631484798,2425,H,0.0,0.0
2025-04-27,Bournemouth,Man United,D,1,1,1,0,1.0,1.0,1.2,1.6987986,1.066704,0.8,0.8,1.2,1.2330396000000001,1.0661242000000002,0.4657589999999998,0.4,0.5590930268675262,0.23342133871719212,0.20748563441528187,2425,H,0.0,0.0
2025-04-27,Liverpool,Tottenham,H,5,1,3,1,2.4,1.8,1.0,2.72992,0.9521054,0.6,1.2,2.0,1.8981320000000004,1.1823962,0.8317879999999995,0.8,0.7564469914040115,0.15759312320916904,0.08595988538681948,2425,H,0.0,0.0
2025-05-01,Nott'm Forest,Brentford,A,0,2,0,1,1.8,1.6,1.2,0.7537208,1.7367938000000003,1.6,1.6,1.2,1.6080386,1.5559417999999998,-0.8543178,0.2,0.43940125543215836,0.269917914051183,0.2906808305166586,2425,H,0.0,0.0
2025-05-02,Man City,Wolves,H,1,0,1,0,2.6,2.2,0.6,2.1197988000000003,1.0703761999999999,3.0,2.2,0.6,1.7814868000000001,1.2842472,0.33831200000000017,0.8,0.6750355281856939,0.19895783988630977,0.1260066319279962,2425,H,0.0,0.0
2025-05-03,Aston Villa,Fulham,H,1,0,1,0,2.4,2.6,0.8,2.350536,0.914407,1.2,1.4,1.6,1.3086904000000001,1.4506542,1.0418455999999998,0.8,0.536097212294496,0.2530378842030021,0.21086490350250175,2425,H,0.0,0.0
2025-05-03,Everton,Ipswich,D,2,2,2,1,0.8,0.4,1.0,1.0091828,1.1544864000000001,0.8,1.0,2.4,0.8416155999999999,2.928512,0.16756720000000014,1.0,0.6418691631412705,0.2149446389272153,0.1431861979315142,2425,H,0.0,0.0
2025-05-03,Leicester,Southampton,H,2,0,2,0,0.2,0.4,2.2,0.7451482,3.262856,0.4,0.8,2.0,0.7476914,1.912972,-0.0025431999999999677,0.4,0.41025641025641024,0.2621082621082621,0.3276353276353276,2425,H,0.0,0.0
2025-05-03,Arsenal,Bournemouth,A,1,2,1,0,1.8,2.0,1.0,1.8414938000000003,1.1914843999999998,1.2,1.0,1.0,1.4153606,1.12814,0.4261332000000002,0.8,0.4636078864934587,0.2568638290031325,0.2795282845034089,2425,H,0.0,0.0
2025-05-04,Brentford,Man United,H,4,3,2,1,1.6,1.6,1.0,1.5915046,1.2846351999999999,0.4,0.4,1.4,1.3873336000000003,0.9272041999999999,0.20417099999999966,0.2,0.5714914533049666,0.22999046291541345,0.19851808377962,2425,H,0.0,0.0
2025-05-04,Brighton,Newcastle,D,1,1,1,0,0.8,1.6,2.6,1.6126938,1.566411,2.4,3.2,1.0,2.759206,1.3395072,-1.1465121999999999,0.4,0.32997285769678164,0.25684373788290027,0.4131834044203179,2425,A,0.0,0.0
2025-05-04,West Ham,Tottenham,D,1,1,1,1,0.4,1.2,1.8,1.2659904000000002,1.3397013999999998,0.6,1.4,2.6,1.7189644000000002,1.4766721999999999,-0.452974,0.2,0.45172802404207363,0.2563861758076634,0.291885800150263,2425,H,0.0,0.0
2025-05-04,Chelsea,Liverpool,H,3,1,1,0,2.2,1.2,0.6,1.4420666,1.117988,2.4,2.2,1.0,2.234136,0.9523545999999999,-0.7920693999999999,0.0,0.43963204292832503,0.2554618627826753,0.3049060942889996,2425,H,0.0,0.0
2025-05-05,Crystal Palace,Nott'm Forest,D,1,1,0,0,1.0,1.2,2.6,1.4000986000000002,2.1569106000000002,1.2,0.8,1.2,0.6263981999999999,1.9367340000000002,0.7737004000000003,0.0,0.42285270112708895,0.27982899339292655,0.29731830547998445,2425,H,0.0,0.0
2025-05-10,Southampton,Man City,D,0,0,0,0,0.2,0.6,2.2,0.7203854000000001,2.046898,2.6,2.0,0.6,1.8773614000000003,1.1739190000000002,-1.1569760000000002,0.0,0.08595988538681948,0.12607449856733524,0.7879656160458453,2425,A,0.0,0.0
2025-05-10,Ipswich,Brentford,A,0,1,0,1,0.4,1.0,2.6,0.7877916,2.6909342,2.2,2.2,1.2,2.0025766000000003,1.0582751999999997,-1.2147850000000002,0.0,0.18938307030129126,0.23672883787661403,0.5738880918220947,2425,A,0.0,0.0
2025-05-10,Bournemouth,Aston Villa,A,0,1,0,1,1.8,1.2,0.8,1.2996526,1.2565820000000003,2.4,2.2,0.8,2.367132,0.9433625999999998,-1.0674793999999999,0.2,0.39379474940334136,0.2625298329355609,0.3436754176610979,2425,H,0.0,0.0
2025-05-10,Wolves,Brighton,A,0,2,0,1,2.4,2.0,0.8,1.6852598,1.1100258,1.0,1.8,2.2,1.6386645999999998,1.6525349999999999,0.04659520000000028,0.0,0.3507014028056112,0.2705410821643286,0.3787575150300601,2425,A,0.0,0.0
2025-05-10,Fulham,Everton,A,1,3,1,1,1.2,1.2,1.4,1.1608358,1.2483022,1.0,0.8,1.2,1.0062518,1.1237524,0.15458400000000005,0.4,0.5155333917379877,0.2759619920479817,0.20850461621403063,2425,H,0.0,0.0
2025-05-11,Newcastle,Chelsea,H,2,0,1,0,2.0,2.8,1.2,2.398538,1.4061648,2.2,1.6,0.8,1.8850685999999999,1.1227800000000001,0.5134694,0.4,0.4469434832756632,0.2502883506343714,0.3027681660899654,2425,H,0.0,0.0
2025-05-11,Man United,West Ham,A,0,2,0,1,0.4,1.0,2.0,1.2407656,1.5422656,0.6,1.4,1.8,1.1502084,1.2883878000000002,0.09055720000000012,0.4,0.49930651872399445,0.2635228848821082,0.23717059639389737,2425,H,0.0,0.0
2025-05-11,Nott'm Forest,Leicester,D,2,2,1,1,0.8,0.8,1.4,0.6513536,2.031432,0.8,0.8,1.8,1.0456779999999999,2.9586808,-0.3943243999999999,0.6666666666666666,0.7044320516583504,0.17845611975344877,0.11711182858820077,2425,H,0.0,0.0
2025-05-11,Tottenham,Crystal Palace,A,0,2,0,1,0.8,1.6,2.6,1.6078208000000003,1.4461181999999997,0.6,1.0,2.6,1.7793796,2.0298266,-0.17155879999999968,0.8,0.35938186319530413,0.26254841672323603,0.37806972008145995,2425,A,0.0,0.0
2025-05-11,Liverpool,Arsenal,D,2,2,2,0,1.8,2.2,1.6,2.26004,1.4916154,1.2,1.8,1.2,1.7920838,1.1866384,0.46795620000000016,0.0,0.47368421052631576,0.2631578947368421,0.2631578947368421,2425,H,0.0,0.0
2025-05-16,Aston Villa,Tottenham,H,2,0,0,0,2.4,2.0,0.6,2.0651859999999997,0.9543686000000001,0.2,1.0,2.8,1.2395792,2.0871223999999997,0.8256067999999996,0.6,0.730136005726557,0.15819613457408735,0.11166785969935578,2425,H,0.0,0.0
2025-05-16,Chelsea,Man United,H,1,0,0,0,2.0,1.6,1.2,1.7186958,1.1845940000000001,0.2,1.0,2.4,1.4567056,1.8366568,0.26199020000000006,0.2,0.6585879873551107,0.1896733403582719,0.15173867228661753,2425,H,0.0,0.0
2025-05-18,Brentford,Fulham,A,2,3,2,1,2.6,2.4,1.2,1.9944845999999998,0.9061038,0.6,0.8,1.6,1.0570458,1.2322342000000002,0.9374387999999998,0.4,0.4949762030671601,0.24241142252776307,0.2626123744050766,2425,H,0.0,0.0
2025-05-18,Everton,Southampton,H,2,0,2,0,1.4,1.2,1.2,1.0257098,1.0848704,0.4,0.4,1.6,0.5916966,1.8342240000000003,0.4340132,0.4,0.6750355281856939,0.19895783988630977,0.1260066319279962,2425,H,0.0,0.0
2025-05-18,Leicester,Ipswich,H,2,0,1,0,1.0,1.2,1.6,1.2206610000000002,2.6242768,0.4,0.8,2.4,0.756807,2.3931682,0.4638540000000002,0.0,0.4111855061047657,0.26270185112248917,0.32611264277274515,2425,H,0.0,0.0
2025-05-18,Arsenal,Newcastle,H,1,0,0,0,1.2,2.0,1.4,1.9490538000000002,1.4902524,2.0,2.4,1.0,2.204938,1.3781364,-0.2558841999999997,0.4,0.48684210526315796,0.256578947368421,0.256578947368421,2425,H,0.0,0.0
2025-05-18,West Ham,Nott'm Forest,A,1,2,0,1,1.0,1.4,1.4,1.400612,1.3612238,1.0,1.0,1.4,0.8116336000000001,1.750632,0.5889783999999999,0.4,0.34343434343434337,0.2861952861952861,0.37037037037037035,2425,A,0.0,0.0
2025-05-19,Brighton,Liverpool,H,3,2,1,2,1.6,2.0,1.8,1.6667206,1.710532,2.0,2.2,1.4,2.5281279999999997,1.5836774,-0.8614073999999996,0.2,0.3630346735157562,0.25170404030425764,0.3852612861799862,2425,A,0.0,0.0
2025-05-20,Crystal Palace,Wolves,H,4,2,2,1,1.2,1.0,1.6,2.3088556000000002,1.2717370000000001,1.8,1.6,1.0,1.2701298,1.2180626,1.0387258000000001,0.6,0.41929720071471116,0.2858844550327576,0.2948183442525313,2425,H,0.0,0.0
2025-05-20,Man City,Bournemouth,H,3,1,2,0,2.6,2.0,0.6,2.0567086000000003,0.9546840000000001,1.6,0.8,0.6,1.1144586,1.2997676,0.9422500000000003,0.8,0.6144269091716742,0.21994496748639608,0.16562812334192958,2425,H,0.0,0.0
2025-05-25,Ipswich,West Ham,A,1,3,0,1,0.2,0.4,2.4,0.710119,1.969361,1.0,1.4,1.4,1.2775074,1.5049318,-0.5673884,0.0,0.31714719271623676,0.2503793626707132,0.4324734446130501,2425,A,0.0,0.0
2025-05-25,Bournemouth,Leicester,H,2,0,0,0,1.0,0.8,1.2,0.9353214000000001,1.4049196,1.4,1.2,1.2,0.9814818000000001,2.1586307999999996,-0.04616039999999999,0.6666666666666666,0.7093184979137691,0.17969401947148816,0.1109874826147427,2425,H,0.0,0.0
2025-05-25,Fulham,Man City,A,0,2,0,1,1.2,1.4,1.8,1.1661217999999998,1.3467842,2.6,1.6,0.4,1.4568185999999999,0.8794708,-0.2906968000000001,0.0,0.18812989921612544,0.22396416573348263,0.5879059350503919,2425,A,0.0,0.0
2025-05-25,Tottenham,Brighton,A,1,4,1,0,0.2,0.6,2.4,1.0184084,1.9792904,2.0,2.2,1.8,1.3627386000000001,1.926644,-0.34433020000000014,0.6,0.22519656132407379,0.21843546363997918,0.556367975035947,2425,A,0.0,0.0
2025-05-25,Liverpool,Crystal Palace,D,1,1,0,1,1.4,2.2,1.8,2.855324,1.7260594,1.8,1.8,1.0,2.1706616,1.091615,0.6846624000000001,0.4,0.6771344455348381,0.15799803729146222,0.1648675171736997,2425,H,0.0,0.0
2025-05-25,Nott'm Forest,Chelsea,A,0,1,0,0,1.6,1.4,1.4,1.1563558,1.6686514000000003,2.4,1.4,0.8,1.3963218,0.9315184000000001,-0.2399659999999999,0.2,0.3160919540229885,0.25287356321839083,0.4310344827586207,2425,A,0.0,0.0
2025-05-25,Southampton,Arsenal,A,1,2,0,1,0.4,0.4,1.4,0.7192954,1.7699559999999999,1.6,2.0,1.2,2.0274959999999997,1.8218038,-1.3082005999999997,0.2,0.11166785969935578,0.15819613457408735,0.730136005726557,2425,A,0.0,0.0
2025-05-25,Newcastle,Everton,A,0,1,0,0,1.4,1.4,1.2,2.188312,1.1349564,1.4,1.4,1.2,1.3092238,1.2101306,0.8790881999999998,0.4,0.7151598592626587,0.17293865687624294,0.11190148386109836,2425,H,0.0,0.0
2025-05-25,Man United,Aston Villa,H,2,0,0,0,0.2,0.8,1.8,1.3669183999999999,1.5681387999999998,2.4,1.8,0.6,1.803454,0.9765206,-0.4365356,0.6,0.21843546363997918,0.22519656132407379,0.556367975035947,2425,A,0.0,0.0
2025-05-25,Wolves,Brentford,D,1,1,0,1,1.2,1.2,1.4,1.1099478,1.2291905999999997,2.4,2.6,1.6,2.362858,1.0761119999999997,-1.2529102,0.4,0.3531359563693027,0.2576938059992208,0.3891702376314764,2425,A,0.0,0.0
